gvkey,conm,cluster,cluster_name,roa,roe,ebit_margin,gross_margin,fcf_margin,current_ratio,debt_to_equity,financial_leverage,roa_trend,proximity_score,profitability_score,liquidity_score,leverage_score,cashflow_score,structure_score,relative_score,overall_score,cluster_name_enriched
17436,BASF SE,0,High Performers,3.561524591183237,3.646169836231355,4.388599448360404,31.512411890897944,1.1461844927980387,1.832971418510476,0.574594791988539,2.2589117671844714,-0.5203910451744728,71.41452524802457,77.98513267326244,88.26701738760441,97.12126371578071,98.62541722220432,92.35598028475313,46.90331399806245,53.87496300544039,High Performers (Low Score: 45)
17828,MERCEDES BENZ GROUP AG,0,High Performers,4.749254745103959,11.019703103913631,8.64458700221163,38.52974710496312,9.406981056911686,1.3600486461925,0.7933819163292848,2.86110661268556,0.07122143360776512,86.82459213168715,92.96390647543588,95.24707752747068,99.46136571747984,98.70988475741115,96.72257235751884,50.727088240252776,63.26875471951003,High Performers (Low Score: 45)
19349,SIEMENS AG,0,High Performers,6.534652125673153,16.026841448189764,12.720927169761625,43.226656130646646,12.612932964572632,1.3971489080682258,0.80604322721598,2.883348938826467,0.053867822909594944,77.164052235971,79.08999017533613,96.55233330418683,99.26234996180429,97.68754026290517,96.88774919643025,53.15373576470694,56.60985392563606,High Performers (Low Score: 45)
100004,ALTANA AG,0,High Performers,6.475870996902852,5.368676591220314,9.114981579998725,39.72850615904001,8.187796283685062,3.276000352751695,0.1399445258826524,1.4842684121989815,-0.4294549207168278,49.710979998485065,88.31640022598766,51.985638893173494,90.6677202651758,99.10147203837522,87.0275756782466,51.90030752324306,46.61444407110915,High Performers (Low Score: 45)
100010,BAYWA AG,-1,Upper-Mid,-4.250672662268254,437.7415687760516,-2.177823309743788,10.35044401535288,1.606575487331045,0.9146029254737492,-7.774535809018568,,-0.11533689911326936,0.0,0.0,0.0,0.0,0.0,0.0,,0.0,Noise
100022,BAYERISCHE MOTOREN WERKE AKT,0,High Performers,4.23520535460834,7.896874830742566,7.9638994240764145,44.69658659924146,-3.258182328978789,1.0991914607305364,0.7232844066511401,2.900200400801604,-0.10730136513996362,80.33085083255854,85.40595067747539,86.55452511801778,99.43280624165406,97.22483500888957,97.01307997442356,48.243070734522625,59.156811092683895,High Performers (Low Score: 45)
100042,MAN SE,0,High Performers,-2.283029297954671,-7.278854254422915,-3.8106661745709545,23.186934858830043,1.919173279202805,0.6407944780955064,0.1144060657118786,3.0480202190395955,-0.44793853774317977,37.17073620333665,39.72138601201393,73.15672500532958,90.30215944013892,98.87329959041466,98.11944443912037,40.176306104246486,31.842787627751342,High Performers (Low Score: 45)
100054,HOCHTIEF AG,0,High Performers,2.2840015248876586,72.36664710454106,1.690983557083559,26.35408799724454,4.971786361300936,1.120285964924529,6.67153636082885,23.00331592024251,-0.14084986850625408,14.738596825506404,49.768813087232154,87.22695768338578,39.24728172764615,99.85831621624023,22.05013376111858,67.91201586446164,19.77392952041361,High Performers (Low Score: 45)
100080,BAYER AG,0,High Performers,2.85701398285972,-7.997994233421085,6.795262412564906,63.991760717504185,9.84851735828005,1.1896932854379665,1.1125109690359785,3.474050394885295,-0.4288697186165794,58.48658417356318,60.30659841473328,89.4765565544437,94.5647772872959,98.56845065831976,98.639584182878,49.46360515602826,44.91243108110152,High Performers (Low Score: 45)
100083,BEIERSDORF AG,0,High Performers,10.42195065713627,10.761061946902654,13.766497461928934,61.6751269035533,8.060913705583756,1.7426948051948052,0.0,1.535221238938053,-0.5141279617984581,48.7023799962435,51.17262579387768,91.23932285285116,88.68254237886876,99.1423143171044,87.36841113016895,52.80592720178374,38.583731395159816,High Performers (Low Score: 45)
100102,BILFINGER SE,0,High Performers,6.805254800057744,13.682834960412022,4.678908188585608,13.326054590570724,3.53151364764268,1.3571381600578682,0.2439080636482435,2.6623875778307324,0.5695337436079179,57.112119459544985,64.67813269186858,95.14543079240163,92.17120545797053,99.39235247723846,95.25927773557358,48.584446915314885,44.99759486798877,High Performers (Low Score: 45)
100103,DEUTSCHE LUFTHANSA AG,0,High Performers,2.68638952648134,12.016981459019236,4.020484112090079,2.770444352555743,-0.0190845764814402,0.8332567284612634,0.9888234274822388,4.076589845780627,-0.5617290508643753,49.16146729492951,52.91896346342799,78.5089015370826,96.43330847135474,98.25291230582555,94.18395772761015,44.82530749907103,39.891710457792875,High Performers (Low Score: 45)
100301,DEUTZ AG,0,High Performers,2.0851898057387275,4.953414317726147,1.9352704416386397,26.69680763080995,2.067596625682307,1.2986244123280517,0.1553249203915556,1.985257695482958,0.21197415125334537,61.037282046789024,64.63391290743417,93.1247355051306,90.88859083153727,98.92096730199604,90.43736941007154,45.54405336412482,46.43055448335617,High Performers (Low Score: 45)
100312,RHEINMETALL AG,0,High Performers,9.899609592861127,19.85185185185185,14.562608963183262,51.881858270946566,10.132294123679625,1.2136537894426422,0.4619753086419753,3.541728395061728,0.578396508408886,50.92058390633657,56.44569718734835,90.26654998659171,95.40630290901466,98.47765751379663,98.12879417471746,55.440279064110484,41.19800329090577,High Performers (Low Score: 45)
100368,GEA GROUP AG,0,High Performers,9.322556660834046,16.42752611759716,10.371424213625312,39.356570085293065,8.723750393987308,1.0595436337925497,0.0514240542234365,2.488774621464517,0.3449355390204477,59.499559479488894,65.86829555538472,85.30466166500482,89.40691388671553,98.92913913026092,93.99898593880862,51.67636480644977,45.91417429154406,High Performers (Low Score: 45)
100373,HEIDELBERG MATERIALS AG,0,High Performers,7.680347008313294,9.287812041116007,13.512468222187636,63.83767492536047,9.002023403562887,1.2676099025996392,0.3571686990572262,1.9845974589797613,0.29976659766120317,56.324421759566135,59.813707856494794,92.07115032295198,93.837531389786,98.83978029717889,90.43278897221042,53.15878216600997,43.87626341410401,High Performers (Low Score: 45)
100431,HAPAG-LLOYD AG,0,High Performers,7.509868489548474,11.54993270003583,13.209640117623668,26.59665756234368,11.503364413608343,1.539486177045518,0.2462839767984584,1.6276472126194694,2.5153795524104443,27.517983783656565,71.25534718306174,98.30121803246334,92.20585493438305,98.04016629386507,87.99008063133898,54.85771213329052,34.47884844351328,High Performers (Low Score: 45)
100449,KUKA AG,0,High Performers,2.191040744353568,-4.1265822784810124,2.3470153252598864,26.586110813417648,5.755010181116707,1.2181768781415567,0.0879324894514767,3.373924050632912,-0.4631867169898605,61.97876169269333,64.8886133206031,90.41645991819742,89.92476900114289,99.88750194958766,99.40015404660959,44.63581982371681,46.761704241312245,High Performers (Low Score: 45)
100590,E.ON SE,0,High Performers,7.913003654780399,25.396558488873943,10.783821819739336,27.494340084439823,-1.5884476534296028,0.8691330019681756,1.9113278403676923,6.241858640210751,0.03402854240760465,59.4002223465256,70.07156274194764,79.54905038296675,83.33905308762705,97.75345191101272,79.76980105966564,53.17934492907476,46.10830679576247,High Performers (Low Score: 45)
100609,CONTINENTAL AG,0,High Performers,6.065032732781475,8.138805658142289,5.644653692187617,27.50069236385609,2.507616002416979,1.257971827037634,0.2865305553619957,2.575848372935684,-0.9386322634986553,64.88827337419704,81.98153533277606,91.74617199912232,92.79477988120435,99.06241922923549,94.6289739049344,46.29977642834086,51.631094404354464,High Performers (Low Score: 45)
100676,TUI AG,0,High Performers,5.011856436638398,53.02174822250105,3.7678106641688935,11.748024154735342,5.172376582510694,0.5253407515978185,3.7651610204935175,18.21068590547888,-0.6537878863754826,23.80235361065522,55.54019591264419,70.12279719652683,62.15632006302619,99.92338517272697,31.848077743320992,59.05924949918403,26.844612633093547,High Performers (Low Score: 45)
100736,K&S AG,0,High Performers,-0.4661356711391458,-1.075286125911498,-1.1935068845637953,22.68758041115764,2.343215351345432,3.0222597914905607,0.1100075656359158,1.5056420327414968,-0.0731814294916662,39.380035326387805,48.53120797274133,57.05732259300308,90.23934769157688,99.00954611072173,87.17038666279593,45.76073887650415,34.48219049426108,High Performers (Low Score: 45)
100737,VOLKSWAGEN AG,0,High Performers,5.277727305045781,6.22675458325562,10.288736385589669,41.58185895224484,-0.0157089349958109,1.1298937057395215,0.7518678618056546,3.471891559788035,0.1759738510613116,79.62734984189673,90.38179850935104,87.53495412622402,99.88343188323906,98.25398937232113,98.65592136709216,49.802336307274146,59.915642826952805,High Performers (Low Score: 45)
100746,CECONOMY AG,1,Mid,2.2989639861864823,14.728682170542635,1.038231886641119,20.53738525978077,2.87407539434988,0.9127545248868778,4.060077519379845,19.64147286821705,-0.3118494264262327,20.43748273798296,74.45498660199495,97.38017509802575,74.24533564987141,99.80210494424128,47.27951876894657,56.46559318652543,30.490523980579315,Mid (Low Score: 29)
100764,SUEDZUCKER AG,0,High Performers,3.3382476832350463,-2.3845918679302964,3.2700639570868577,29.492469568805447,3.424798844646173,1.8102268635217864,0.457352491592785,2.9030877407520634,0.16065444511932503,69.30571275491926,73.32064432524513,89.00661782492956,95.3365577269602,99.35791425094358,97.03457049085128,47.44837694532232,51.92006973971275,High Performers (Low Score: 45)
100953,RWE AKTIENGESELLSCHAFT,0,High Performers,6.898618447785452,16.276268661447272,28.03418097754293,34.29656538969617,-11.381274768824309,1.2700634632819583,0.4682240324574471,3.120225680687185,0.24802652368191275,46.118736926671986,47.56120478858011,92.15406357094461,95.50065951170467,94.69366425269354,98.66444761067218,52.2713421309928,37.50980167955528,High Performers (Low Score: 45)
101059,AXEL SPRINGER SE,0,High Performers,3.292709625629424,4.681331077270164,7.249124385463192,41.18762250570354,6.950290800424151,0.8742941650981446,0.9883906749388984,3.220295168264712,-0.08820577785865769,72.66207692714627,80.29360788726814,79.69981585439504,96.43991039946604,99.50053237767018,99.42477552801911,48.680427688832005,54.767543388258744,High Performers (Low Score: 45)
101120,AUDI AG,0,High Performers,8.55174479556687,18.499364638434944,8.99019537679811,16.158305303084518,11.28462033922565,1.5675553732567675,0.0,2.1704837613404653,-0.17659246329481898,60.32508203569189,61.75230492933551,97.29414082097635,88.68254237886876,98.10983423643918,91.73159424185955,50.06813061472888,45.348748038030735,High Performers (Low Score: 45)
101148,LECHWERKE AG,-1,Upper-Mid,1.1171562959243373,21.85386781166759,1.6510357270514544,9.619921363040634,-3.4373457473064315,0.1820945154038072,0.0,3.138184407313838,-0.5832397455941732,0.0,0.0,0.0,0.0,0.0,0.0,,0.0,Noise
101161,GELSENWASSER AG,0,High Performers,1.3448575051725289,11.19709563389701,1.3521674942960675,12.23325728090189,1.1407864716145484,1.002422983731395,0.3052450558899398,2.862902455335817,-0.22518690042393544,51.92482732507878,53.56809844029673,83.53564684871999,93.06990740695049,98.62368836939568,96.73589825832269,44.082746648122544,40.79054135878591,High Performers (Low Score: 45)
101286,LEONI AG,-1,Upper-Mid,-3.615183900121541,160.04571948660825,-1.889184022422906,14.456656633348144,-3.143522266133398,0.6402877004374935,-1.154607534719558,,-1.6094285211425592,0.0,0.0,0.0,0.0,0.0,0.0,,0.0,Noise
101390,KSB SE & CO KGAA,0,High Performers,8.480072526936084,10.810068649885585,8.195726898968795,54.18548224034508,4.5022578688414105,1.9715157680569684,0.034324942791762,2.6250800915331807,0.49095135967911474,57.62775292164116,66.38861966420731,83.89275235490634,89.16539748401405,99.706172673629,94.98703738806161,52.84140463236763,45.24536484989933,High Performers (Low Score: 45)
101768,MCKESSON EUROPE AG,-1,Upper-Mid,1.3523843123419768,-2.178448206691808,0.745373821175098,8.558835920536682,-0.2970692765552926,1.8219334445517603,0.0642702399101339,2.046898820508706,-0.6210729632826416,0.0,0.0,0.0,0.0,0.0,0.0,,0.0,Noise
101937,DMG MORI AG,0,High Performers,9.317683459113244,12.006314886266532,10.603255679772433,51.98970384003828,6.0304099007731065,1.7026958942168635,0.0276751792704911,1.7923590157963738,0.00159940605292435,60.12844297445442,62.50110204113708,92.58806420433385,89.07164919023984,99.79820865529182,89.10894037677014,52.05389584715999,45.45876251703317,High Performers (Low Score: 45)
101942,HENKEL AG & CO KGAA,0,High Performers,8.55757507017892,9.235229155162894,13.98128416566293,53.63198369313445,11.553784860557768,1.2136648696226209,0.1215718755751886,1.6228142830848518,-0.5473890250484145,58.691613855555644,63.00004019115369,90.26691691608545,90.40458275422623,98.0241148699588,87.95746436726778,51.284555221736284,45.11711185587562,High Performers (Low Score: 45)
102175,PUMA SE,0,High Performers,8.364843290479792,9.95862361636666,6.774259402077757,51.5832690650093,4.897246291339654,1.4995994287505658,0.4832195777487004,2.5252325211302478,0.4544062830161389,62.06365540476418,68.54632751444689,99.75024686384825,95.72747519548199,99.83414715061245,94.26225075049001,51.99943966274601,48.10747518434325,High Performers (Low Score: 45)
102187,PORSCHE AUTOMOBIL HOLDING SE,-1,Upper-Mid,-0.0723605891552484,-57.01549504386465,,,,16.126666666666665,0.2121168964338612,1.2202631878774068,0.04346932494735052,0.0,0.0,0.0,0.0,0.0,0.0,,0.0,Noise
102218,DRAEGERWERK AG,0,High Performers,5.306107935030152,8.103963782040841,4.869381289158914,48.85469076324284,3.1864972944750325,1.926212234869931,0.1869055141191414,2.0150701885809204,-0.11521955217883877,74.4193123772933,81.12186285093982,85.29873078680679,91.34379284777856,99.28105437306543,90.6444376401462,49.460320947729286,55.12647680588314,High Performers (Low Score: 45)
102250,HUGO BOSS AG,0,High Performers,9.53941932957754,14.959508665902344,8.37686939228746,70.28088506410788,12.929692950350663,1.5385203104977778,0.7059486801422873,2.650662381602442,-2.0756674726259097,32.82604593498947,51.21055418863799,98.3360566610887,99.16049497924615,97.58710539155992,95.17363261204245,51.6230405366362,33.28857870964801,High Performers (Low Score: 45)
102259,SALZGITTER AG,0,High Performers,0.6067671256437943,-7.929932003422345,0.6342579182356642,31.60202563001289,-5.59645215098335,1.54984851487952,0.1047867789435763,2.3563065700004504,0.24256310963249345,53.898547806157346,56.2744955243593,97.92822606245153,90.16485017466567,96.48936935221808,93.04859986686665,43.742266256780596,41.83080324480137,High Performers (Low Score: 45)
102365,KOENIG & BAUER AG,0,High Performers,-2.656919940957334,-21.21670702179177,-2.966101694915254,26.81261770244821,2.3775894538606406,1.4674361088211048,0.8056900726392252,4.305992736077482,-0.43667841443837235,38.102063257780685,38.56635130624374,99.0744112039718,99.26789559003957,99.02059887901024,92.54098423975455,42.15694595396912,32.880885123364976,High Performers (Low Score: 45)
102529,PAUL HARTMANN AG,0,High Performers,5.177639955249784,9.44252269602777,4.477698078984252,56.94385357407866,2.4759666914007754,2.3513525703669496,0.2296941619382368,1.8265367868501912,-0.7493667234037724,57.633716826275524,71.87736450935017,72.98032027617131,91.96418673282956,99.0522382568284,89.34288066285376,49.59954063865914,46.625378305663205,High Performers (Low Score: 45)
102926,KWS SAAT SE & CO KGAA,0,High Performers,9.463867146995709,8.740386542627023,15.106153541513084,69.20539320588705,7.063045589122931,2.972824669346672,0.2664937487941226,1.6710391494139043,-0.054216859833955224,40.80444893317054,49.84164302537969,58.10155997095359,92.50111421663667,99.46410572375719,88.2834645590004,56.177831777831535,35.54021960000782,High Performers (Low Score: 45)
103176,THYSSENKRUPP AG,0,High Performers,-0.4738690212388777,-15.715329228842744,-0.3966781769926657,13.849490596729549,-0.4908535715304928,1.764934188322646,0.0678284462068245,3.060941250130439,-0.5167523754261213,43.935625571767766,45.33614318078026,90.49794024177037,89.63923255333587,98.10250096531423,98.21675008732358,41.5016219978539,35.60540212019675,High Performers (Low Score: 45)
103200,FUCHS SE,-1,Upper-Mid,16.704980842911876,15.919873484449129,12.368794326241137,36.9645390070922,8.709219858156029,2.2155172413793105,0.0274117026884554,1.3758566157090142,-0.8044010982653266,0.0,0.0,0.0,0.0,0.0,0.0,,0.0,Noise
103255,BERTELSMANN SE & CO KGAA,0,High Performers,5.101514369821857,5.793674253621046,8.852959764061513,27.048662313039816,9.353275753107225,1.342844928930213,0.4309784215193615,2.435042861365652,-0.24899129881294219,81.25362472857871,83.86509728844847,94.6478217376354,94.93962200681732,98.72710162275223,93.61232525388759,48.52453669897513,58.76843154980291,High Performers (Low Score: 45)
103269,KRONES AG,0,High Performers,7.90256763440292,14.410060644031915,7.011932035466742,50.19762801544557,6.192033116540652,1.336646709239354,0.0492010744619624,2.47148575276343,-0.23560343091336272,69.64975327328202,71.82380612880516,94.43284474294427,89.37547845113993,99.74584247323921,93.87439905657534,50.4236912595646,51.16221038018783,High Performers (Low Score: 45)
103487,SAP SE,0,High Performers,10.984592968349478,6.875000000000001,23.82373595505618,76.9311797752809,12.941830524344567,1.1217044918496777,0.1478873239436619,1.631205985915493,-0.34827578780375784,35.288548156332205,36.20544653270079,87.27236328137415,90.78171592606219,97.58325899412753,88.01410565716347,55.380403812806385,30.43468016167926,High Performers (Low Score: 45)
103533,SIXT SE,0,High Performers,7.851335805146843,11.458533968350013,12.85087197651675,77.84760375116312,24.734619101827708,3.2842451500975245,1.2955293898785056,3.077364236058587,0.2719912995096294,37.16914624566679,49.40852320957663,51.828633416094824,91.86615763007434,93.91685043220295,98.34056752865924,61.14634996103285,33.93597890318948,High Performers (Low Score: 45)
104357,KABEL DEUTSCHLAND HOLDING AG,-1,Upper-Mid,20.669590702413878,-101.7000007610524,32.62127879492617,80.51053755595584,32.29489196440107,0.1303265067689044,-4.926463313469866,,0.48104554114919373,0.0,0.0,0.0,0.0,0.0,0.0,,0.0,Noise
104364,TELE COLUMBUS AG,-1,Upper-Mid,-3.619673127323022,-304.8581565296055,-17.10281505620204,41.78591481069656,8.068873647242745,0.6217871931228006,23.839936675760104,30.33219783171017,-0.8304749008107997,0.0,0.0,0.0,0.0,0.0,0.0,,0.0,Noise
132740,INFINEON TECHNOLOGIES AG,0,High Performers,10.346031635182792,10.337417968523145,19.81277164827817,54.79772651287195,2.3269809428284853,1.9030314807617568,0.2668563795806957,1.663220860677159,0.2870969951901391,46.26595340190684,49.038956770400866,86.02722514212896,92.50642077960856,99.00432647156832,88.23053096488398,54.59981622865209,37.564814792803766,High Performers (Low Score: 45)
200759,BIOTEST AG,0,High Performers,6.052998605299861,4.97456189937818,11.952630129440925,36.394932525475085,4.43404020930873,5.056214865708932,1.1982287544752213,2.7020915771622382,0.37201881382980895,26.13116107235412,85.19661583998628,27.05485311385224,93.29113232202795,99.68408707652843,95.54986303520724,57.74221164474063,36.8209008291417,High Performers (Low Score: 45)
202305,FRESENIUS SE & CO KGAA,0,High Performers,4.09873708381171,5.332105209292806,8.17569733889067,29.835570008702422,6.980259240599093,1.2705072705072704,0.552911677412752,2.228533415208269,-0.6014501900591713,74.09434705209725,83.43486121654293,92.1690691339595,96.78869561689734,99.49084944751667,92.14100237981468,47.33214132040261,56.00358062583722,High Performers (Low Score: 45)
202807,JUNGHEINRICH AG,0,High Performers,5.914235532436634,11.86195307478301,7.81893675754152,35.10312907325157,8.151733234617065,1.4295946527914067,0.885107429210336,2.9258934237216896,-0.0283494976930753,89.74690111000018,92.28294363406756,97.70848793783743,98.02856195529505,99.11307867444947,97.20448093123943,50.73823103423895,64.1582053663431,High Performers (Low Score: 45)
203162,HORNBACH HOLDING AG & CO,0,High Performers,5.816661765123392,7.194612900685201,4.328910906132253,38.39518102370826,2.4596495251846413,1.5033992575605923,0.665582625612554,2.359793038339152,0.009996170332922735,83.72474890571495,86.73713051518956,99.61128890823666,98.5293075685266,99.04698974822789,93.07348982625942,48.891742198565865,60.690256422176546,High Performers (Low Score: 45)
203586,VTG AG,0,High Performers,3.759851845471381,3.344021988089785,14.331445456784042,51.826315357465326,19.61749979479602,0.7558077673346338,4.339746526187204,7.090853565429837,-0.05649834329290619,45.76499753467411,69.9160569924208,76.3095872846799,56.75573375794043,95.490546564609,74.74002931505899,57.79898319732954,37.964783788147855,High Performers (Low Score: 45)
204820,FIELMANN GROUP AG,0,High Performers,10.599350681969668,16.917223407934994,11.090111990728388,79.87793028272404,14.591876034620135,0.6443911403378236,0.5195994799422998,2.634707289594064,-2.24750460233874,26.306265784365095,42.20366335473422,73.2533186487212,96.27998203480466,97.06176826841534,95.05721444811923,51.34255885107097,28.59123718817335,High Performers (Low Score: 45)
205865,PROSIEBENSAT.1 MEDIA SE,0,High Performers,8.095577746077034,3.8694992412746574,11.58754466564574,42.700357325165896,25.370086778968865,0.8961424332344213,1.507587253414264,4.254931714719271,-1.1919391867484306,53.06364795133999,72.90630716119796,80.34120868255825,88.8355127015585,93.72324063110257,92.90418354460272,52.529348537314114,44.69027188293144,High Performers (Low Score: 45)
205934,FREENET AG,0,High Performers,11.354129263913824,19.983883964544724,15.16424889102026,30.61067817607801,13.067977460736122,0.7117007394519357,0.284716626376578,2.244157937147462,-0.21041472686603352,47.50129301356338,50.802863768499684,75.0847286372467,92.76815603802791,97.54329200223145,92.25150956376007,52.10172853740158,38.43790556292808,High Performers (Low Score: 45)
206703,SGL CARBON SE,0,High Performers,5.4005535193357765,-14.47107586952604,7.034294621979735,28.11769290724865,2.240841777084957,2.769831483764899,0.4375563164534151,2.409262930257704,0.6382247124150813,52.24638871049564,78.2827591544243,62.59365510715735,95.03846585364923,98.97663586417642,93.4273745652099,49.64474214769154,46.05895390044804,High Performers (Low Score: 45)
207096,RHOEN-KLINIKUM AG,0,High Performers,2.53969741677938,3.345165248122969,2.954903394858046,-3.916661809617467,3.5848156734157715,2.233180932338404,0.0887378176290386,1.4325472826464392,-0.06951198967793151,44.32829029824098,47.480529440120705,76.21383723089154,89.93622595382556,99.40955818969208,86.68296070947571,44.810768707383176,36.22104460270309,High Performers (Low Score: 45)
208821,SARTORIUS AG,0,High Performers,4.3026823715728,3.038194444444444,12.85828378738131,54.9738219895288,16.750968734285802,1.4631731967326596,1.5070529513888886,3.654152199074074,-0.4363405997698414,67.88909829471184,71.048602382332,98.9195878753936,88.8430216827598,96.38360190938096,97.28613129983204,53.18609453926175,50.249661962627115,High Performers (Low Score: 45)
209440,VOSSLOH AG,0,High Performers,6.439495572846794,9.530367717945188,7.936507936507938,31.70469576719576,6.671626984126985,1.29873417721519,0.2348161410274067,2.0531607216636827,0.6731608866907794,64.7028619797648,86.31138128733939,93.12848562640096,92.03873228289439,99.5906149736178,90.9096925429787,50.02671039300416,52.34729427766324,High Performers (Low Score: 45)
210326,BLG-BREMER LAGERHAUS-GESELLS,-1,Upper-Mid,2.4404136246129373,15.108517694471264,2.815025264937772,21.04018796327245,10.656495153457463,1.3779065559841213,26.279333361319843,59.10918937072331,0.39019727367443435,0.0,0.0,0.0,0.0,0.0,0.0,,0.0,Noise
210332,CLAAS KG,0,High Performers,7.212355069788052,11.182831758256487,7.19166082866243,24.42342829620122,5.643944373774746,2.161501799220204,0.3172295164430767,2.2046008672250257,0.19343191760602074,65.39857226693016,75.0638633849093,78.24459169354344,93.24652287990199,99.92353559833576,91.97199183475601,50.58425630500359,50.49685387174412,High Performers (Low Score: 45)
210334,COMPUGROUP MEDICAL SE & CO,0,High Performers,4.981314221235958,5.3402149050645615,8.257998787225555,33.8554673103311,8.777602636730197,1.1912488792418996,1.2755381115394944,3.033837824155675,-0.44867869769793456,81.12810612430006,92.63598024381552,89.5276349771563,92.1571437377297,98.91183983390583,98.01275069281886,49.42641349414453,60.1941528722561,High Performers (Low Score: 45)
210340,DILLINGER HUTTENWERKE,0,High Performers,6.1144775894864365,9.119466047446236,8.777417407335033,30.157628916952024,-2.1602116932266826,2.426546687744045,0.0396290305434368,1.7111672291205915,0.6106776189746222,58.21665971111519,86.36465169626624,70.99458562792961,89.24024519013923,97.57211584034572,88.55565126787447,50.33694653798807,49.48361874271325,High Performers (Low Score: 45)
210359,EWE-ENERGIEVERSORGUNG WESER,0,High Performers,10.186036301773932,22.955031030623665,16.764324019192774,40.317245272368055,-1.3355913068021446,1.2224958949096882,0.669371248346729,3.7078543086784,0.13089763562477955,53.752763832326856,55.04893743740483,90.55983860067266,98.58837745984007,97.83375322797916,96.88616946311008,53.687200508596135,42.36973076639572,High Performers (Low Score: 45)
212782,FRESENIUS MEDICAL CARE AG,0,High Performers,4.5860318383949705,3.6902594939561535,7.961218683848791,32.26893548164713,8.723592979259468,1.3997632533930735,0.6696120340576855,2.3027773419563995,-0.5856538257175629,77.96024746939355,88.46860721926036,96.64498259344428,98.59213284020035,98.9291897020237,92.66728830416214,48.09133988126162,58.73703371562953,High Performers (Low Score: 45)
213034,GRAMMER AG,0,High Performers,2.3398745258243365,-19.005068071151744,2.069648810679144,13.756376425995995,-1.8992291829172403,1.1566742521783393,2.34069363013018,6.756601411110007,-0.5374664283495462,48.72797043207786,55.976252386567005,88.39921373476817,77.86638101816365,97.6548451813282,76.68126343152784,45.636242139637964,38.47307675196091,High Performers (Low Score: 45)
213037,INDUS HOLDING AG,0,High Performers,6.840769104325867,7.69974037442853,7.161953876463089,55.52335148916444,5.9882952833468535,1.6556608541009448,0.7756941149147795,2.5902761550184,-0.21267294207758364,71.8427899735502,72.64477783278917,94.19958900351227,99.74005819248775,99.81185837370997,94.7337674680113,51.40336013016047,53.24007737522669,High Performers (Low Score: 45)
214700,STADA ARZNEIMITTEL AG,0,High Performers,11.412562801021007,31.478027629657078,16.00324297433654,52.5675644197092,11.938199276381898,0.8612749327902864,1.1019469817233194,4.814072023892145,0.23134769552036963,44.471804907954514,47.50551783964236,79.32005165370894,94.72294194358322,97.9018223385479,89.00345521377066,57.58053756518282,36.76211972546861,High Performers (Low Score: 45)
214759,HEIDELBERGER DRUCKMASCHINEN,0,High Performers,3.265869365225391,0.9157509157509158,3.068280034572169,54.451166810717375,1.08038029386344,1.3329425556858148,0.0787545787545787,3.9816849816849818,-0.11931265478385035,66.35690045129301,67.89482086302522,94.30460427904288,89.79430305968751,98.60434383018568,94.87216275378135,47.71402870933372,49.101154659090994,High Performers (Low Score: 45)
216524,ENBW ENERGIE BADEN,0,High Performers,9.439976850447357,12.153934857176363,17.36798266579271,25.74255725354713,-8.19567961484628,1.538516073129337,1.8104740591621145,6.281474459830546,0.5360248860854715,49.08426442401069,56.70509503864706,98.33620952938814,84.67934391042509,95.67835126445769,79.5277438965958,54.60005986877871,39.4426591683762,High Performers (Low Score: 45)
218000,JENOPTIK AG,0,High Performers,8.452944783618936,9.475840251911569,13.181906582528743,39.989800920785065,7.518011950309512,2.257210994682095,0.4830585513210467,1.8118733319657576,-0.017698382597963393,61.819046261908575,69.37203301346703,75.5449022918213,95.72503672523595,99.31725933536303,89.2424369963997,52.943362227249956,48.174528779980434,High Performers (Low Score: 45)
220295,ELRINGKLINGER AG,0,High Performers,0.6613982923919302,-21.64513652158484,0.6453201533328601,28.128549371761192,3.3111756406616037,1.4134184476268248,0.5035133365470221,2.7624686155020184,-0.7067721228011384,51.03524912892402,53.851031769517576,97.13035329412276,96.03528725611102,99.32125971167993,95.99344978904594,42.38532773513643,40.78783473108423,High Performers (Low Score: 45)
220301,MERCK KGAA,0,High Performers,7.923672115888068,9.2838994383525,19.313669880884856,67.73492153526186,13.632066553223671,1.190897821852311,0.2339194971917625,1.7239569403583843,0.27865173207563754,48.22312516777576,50.854629067405234,89.51610534783057,92.02567812010834,97.36477245280938,88.64257945662884,54.6271587528772,38.66274369260219,High Performers (Low Score: 45)
220303,AURUBIS AG,-1,Upper-Mid,6.086322708785568,9.135129201519243,2.779140699777534,9.742126363558114,-1.7994081565774973,2.147183915569788,0.0516819249599332,1.7225914948736527,0.28593275530539225,0.0,0.0,0.0,0.0,0.0,0.0,,0.0,Noise
220307,PFALZWERKE AG,0,High Performers,1.609573263036106,9.483700384731083,1.5599287599520366,15.704983837819777,-4.729640884580714,1.665228664922948,0.6773694737786503,4.570526115799306,-0.07745550362245221,55.87707884098666,56.66530395746704,93.86951776689058,98.71319722691825,96.7613598894063,90.68195607184758,46.143549196159995,43.5552120505799,High Performers (Low Score: 45)
221244,ADIDAS AG,0,High Performers,6.405228758169934,13.805697589481372,5.586285521259975,55.715069881349486,10.518093146983068,1.2409048264359428,0.8053323593864135,3.7719138056975896,-0.6670031971329508,66.32151672064727,72.62312794628222,91.17351533387834,99.27351311955633,98.35435691182694,96.41121805470753,51.19399439002778,50.98058358947098,High Performers (Low Score: 45)
221614,DEUTSCHE BAHN AG,0,High Performers,-0.5625879043600562,-10.44052348679598,-1.8013204594893717,3.350761363202687,-50.78426134412091,0.901539934572728,1.9473007712082264,4.901729376022435,-0.3868000890886321,37.714688063393865,40.690703564998515,80.50045494857426,82.86614310485999,83.32003774155041,88.40696081398784,36.73104935605147,31.51063024884325,High Performers (Low Score: 45)
221616,DEUTSCHE TELEKOM,0,High Performers,8.001403582414556,17.708859959555106,20.607785670245025,42.77895554786016,24.22020828230445,1.0562503552953215,2.1227407735085944,4.817587209302325,0.19979660843098365,52.84887315706365,58.34968992667171,85.20165935275324,80.59793801701306,94.07387036936201,88.97945765358116,58.59666210940935,40.869281049861115,High Performers (Low Score: 45)
222247,SOFTWARE GMBH,0,High Performers,4.13440320453886,-0.3588146417242324,9.77463079182668,81.85508422975441,-1.098701135094548,3.4007087974938144,0.2921336050814798,1.6232439397257303,-0.8619096095947552,34.53994419224811,48.93290897854048,49.660813044023364,92.87706659864907,97.90904390528495,87.96036352555727,52.157107507478074,32.89026613247225,High Performers (Low Score: 45)
222340,DUERR AG,0,High Performers,3.0422778517086395,5.068676090351879,3.5296727800181595,24.405421101596477,6.265136557618198,1.3023979142368434,0.9942512895223844,4.083795166095733,-0.5956246158064402,65.50025305992993,69.96748307905874,93.25374401344793,96.3505411965142,99.7221658664178,94.13191251969165,47.16025317994765,49.82865195943514,High Performers (Low Score: 45)
223089,HORNBACH-BAUMARKT AG,0,High Performers,5.009903103655216,6.905259376777323,3.764985442126982,40.50557139651597,3.279557681467171,1.5049629393530888,0.9277199389349536,2.630632502170204,-0.08952500746245376,83.78425627255923,84.84616966185678,99.55416203477633,97.36997063862401,99.31106224848912,95.02750512856409,49.04387207393757,60.21993350525746,High Performers (Low Score: 45)
225236,UNITED INTERNET AG,0,High Performers,5.368135231849235,-0.9952006244396074,10.123339715407322,41.77832662841635,2.836431098722648,1.0572405568121908,0.7105895177555144,2.496359004251401,-0.9241277544835859,66.15264333728572,88.58066077181829,85.23261633416327,99.2333205197097,99.16825462959939,94.05369261137918,47.20670236803955,54.10052154124892,High Performers (Low Score: 45)
231016,MORPHOSYS AG,-1,Upper-Mid,-11.906958013848811,-386.8254194784808,-101.2565154987032,79.93142463844754,-124.30270524345512,3.0798002345730398,5.154396623784379,41.31197374054517,-0.9455334954508356,0.0,0.0,0.0,0.0,0.0,0.0,,0.0,Noise
232623,EVOTEC SE,-1,Upper-Mid,-4.126479344858201,-20.58507650717829,-9.90241754050042,27.100369275013897,-12.453213244714023,1.97908788832944,0.4123177869347261,2.0078234167082227,-0.39850016268828614,0.0,0.0,0.0,0.0,0.0,0.0,,0.0,Noise
233025,CANCOM SE,0,High Performers,3.0806115022005893,5.828069087348736,2.492305887548649,39.18476910762097,9.81028089835951,1.2429958172204243,0.2477360548294593,2.451046867759121,-0.6418355590449585,66.67127095860432,73.56217933055184,91.24348269371848,92.22703793919972,98.58069064538138,93.72732553794117,46.6206024316037,50.60364804347208,High Performers (Low Score: 45)
234919,CTS EVENTIM AG & CO KGAA,0,High Performers,10.285252060344996,31.04969341462203,14.894720782288836,29.148085206077525,12.965382138084774,0.963440304797599,0.0941840797618595,3.960516360470789,-0.6272602618112316,50.4403058171485,54.48912713610521,82.3494690696123,90.01374519782071,97.57579591976778,95.02635217913952,52.8620095388227,40.07532227386251,High Performers (Low Score: 45)
238136,BECHTLE AG,0,High Performers,8.330651905813248,12.843574968897892,5.57152331470804,20.278072657991213,7.445333331641758,1.64043992916163,0.297555358613322,2.2063301814437866,-0.17461064268961443,64.42299494730028,65.58303564922842,94.72707539190456,92.95676025421356,99.3407027587612,91.98419377384026,49.22707281050802,48.18148113418716,High Performers (Low Score: 45)
238442,CARL ZEISS MEDITEC AG,0,High Performers,5.523105033596605,8.753796474207485,9.07059440198981,55.91824703902519,7.7683995223914115,2.131519684970158,0.2579995954345821,1.6619508183633516,-0.15327118506866808,66.95704835628034,74.84769099425338,79.10998862247665,92.37690193527476,99.23653595675852,88.22193516160598,51.54976461901911,50.99004773489029,High Performers (Low Score: 45)
241456,DEUTSCHE POST AG,0,High Performers,7.616457960644007,14.004118858487791,6.321716199843204,15.742522509680946,6.872876725346257,0.951631949364697,0.7886353129071576,2.936788130962888,0.36101905440355425,58.967959574653406,65.29070791434263,81.99349534812713,99.53607759629911,99.52554955535776,97.28575535298758,49.4586272607464,46.5989331723598,High Performers (Low Score: 45)
241840,SCHULER AG,0,High Performers,-11.29224991464664,-33.54995938261576,-11.643052010912612,51.50928451993312,7.515620874768988,1.5329082682023858,0.1714053614947197,3.172488491741132,-3.182648742413301,9.602113248023723,15.320152160932448,98.53872642390837,91.12008979921329,99.3180305195183,99.06081223228233,33.68988240121408,16.01688471131731,High Performers (Low Score: 45)
242158,WIRECARD AG,0,High Performers,8.310987378093564,18.0683413949134,23.606461941493237,46.51433561344783,35.22534323000048,1.6778509146862712,0.7156082592188069,3.0451448483902843,0.4743069988058551,48.282724845948636,51.868346253185194,93.43584286887024,99.31213644689593,90.77119860346782,98.09780372642595,59.82907521705176,39.61797283370609,High Performers (Low Score: 45)
244394,MVV ENERGIE AG,0,High Performers,4.731161033700287,8.400305695997723,5.857605422183909,19.73142168527728,1.3499340241851587,1.2004183041835663,0.6717545619160621,3.61511496877632,0.15791899676886145,70.10191478936179,73.74606344012275,89.82930903873775,98.6255547736015,98.69069532832276,97.57790820834103,47.88023167435771,52.65253408112942,High Performers (Low Score: 45)
244398,TAKKT AG,0,High Performers,2.3869309973741046,-7.609128373745788,2.0902236373212872,39.27750862424849,7.783129214256228,1.341711204453602,0.1407131219451058,1.7006646122542262,-0.9862524734668952,56.318958519552474,67.53597039288313,94.60846347561404,90.67874495762938,99.23178924063888,88.48433158503049,44.128231484200164,45.10265198216055,High Performers (Low Score: 45)
245628,NORDEX SE,0,High Performers,3.171732239418236,0.8919378348804626,2.447037708124253,19.99916424904008,3.638434953571294,0.998215707867124,0.4249413517562171,5.68428671218551,-1.1913708350315675,50.292804059342636,65.95947736763317,83.4068083120506,94.84899543390263,99.4268693158898,83.25583115489997,44.59189232359732,42.793916640653954,High Performers (Low Score: 45)
245839,FRAPORT AG,0,High Performers,3.511613209037763,9.33189744439382,15.842113469805982,31.973804379301896,-1.5815383244603836,1.605830574174271,2.3005633102762704,4.194342045313341,-0.459797914591212,63.29095226819139,70.42695315674081,95.9374944513023,78.36227758341093,97.75564527765312,93.3370102939058,51.73996961521913,47.23799929696581,High Performers (Low Score: 45)
248166,MAINOVA AG,0,High Performers,3.571736141172149,13.842840833217496,4.827384728518385,18.681391528759185,-1.1052125672643396,1.0428113496444396,0.4089301299595058,2.397348853425822,-0.04137965271643722,65.44295129254928,68.6501108556904,84.78262164632807,94.60905880768242,97.90697360602361,93.34202395479613,46.008196926802064,49.36810856892604,High Performers (Low Score: 45)
269104,BAUER AG,0,High Performers,3.4268730614848595,1.8419912455812864,2.8213285711351723,43.23621487398007,0.6193172204906234,1.1904406521258022,0.4359291548058195,3.408704208356785,0.09769851549425762,71.4967487770925,74.88271403486388,89.50109294174902,95.0140054594454,98.45681744870802,99.13529799306497,47.31212957802105,53.07664286375432,High Performers (Low Score: 45)
269835,BRENNTAG SE,0,High Performers,7.572848817278026,11.344066685002224,5.441757916907879,24.797689285230398,3.4759259487356355,1.4630843539761946,0.5427888378784352,2.468529841115366,0.04321228504749988,71.076042162001,72.56958869239708,98.91636379898581,96.63382517684427,99.37441212950587,93.85311472967065,49.10673912608947,52.607717120964246,High Performers (Low Score: 45)
270249,DIEBOLD NIXDORF AG,0,High Performers,9.291172013327335,10.397369949505476,6.343323696603866,24.430525958749023,1.9637926766967548,0.949274655097486,0.0129974071881747,4.553224896551532,0.26288981204928535,57.38267944579296,63.37802231112496,81.92261701381524,88.86507086173998,98.88762716183918,90.80239208403191,49.21462178917441,44.515183326716176,High Performers (Low Score: 45)
271763,LANXESS AG,0,High Performers,0.2368448151580681,-3.8595726122982983,0.3612943763744894,29.186302230600063,2.9531888155827835,1.945290468133108,0.5294374182293938,2.117531617967728,-0.5666661696352858,51.2072694491887,54.2255284526843,84.70379534615086,96.42993923177801,99.20586252137667,91.35972415622155,44.63425059759557,40.971007393390146,High Performers (Low Score: 45)
273099,MTU AERO ENGINES AG,0,High Performers,6.664530599166933,18.822479928635147,11.226555120766427,21.56254216704898,3.440831196869518,1.2430153744420565,0.6280107047279215,3.712161760333036,-0.6185207558829569,66.85035505635935,72.17740266234871,91.24413735800425,97.94542158076057,99.3630873334551,96.85415980862213,49.49634352693085,50.97016471308954,High Performers (Low Score: 45)
276585,WACKER CHEMIE AG,0,High Performers,2.60895439909032,5.161483765955624,4.29060785067636,25.50595966304311,-5.963158446642666,2.663054898870502,0.3695493874753705,2.0153131157371718,0.393397187432335,53.20151238908682,69.27542438180897,65.09427937839581,94.02149670967131,96.37453345753289,90.64612688191983,48.005477799299626,44.53783950296366,High Performers (Low Score: 45)
278310,KLOCKNER & CO SE,-1,Upper-Mid,-1.1883667087728502,-8.568437624544638,-0.6339230477762031,16.777406809482173,0.0671421956508202,2.294225502648623,0.415876826338605,2.064417476832874,0.23953398480837254,0.0,0.0,0.0,0.0,0.0,0.0,,0.0,Noise
281772,SYMRISE AG,0,High Performers,8.517548002884906,12.012117010534563,14.185438749484096,45.20224314711195,13.353791417567583,1.6134851163824715,0.4141274697451509,2.091015226641348,-0.09070944735327927,65.32753076151172,66.51629551268283,95.66846115965993,94.68687708449984,97.45279843715467,91.17407280998432,53.20158985465794,48.902959115591244,High Performers (Low Score: 45)
284636,WACKER NEUSON SE,0,High Performers,4.448284175841839,4.681248332888771,4.953241755783257,26.74392590272496,10.89086760034006,1.8045112781954888,0.1980528140837557,1.6595092024539877,-0.05769676592304125,73.88713287350342,79.51738923009982,89.19344777495058,91.50501359836055,98.23536558935558,88.20541235594746,48.19307715186412,54.60883235525739,High Performers (Low Score: 45)
284944,GERRESHEIMER GROUP,0,High Performers,5.698021928171116,7.2587164800385295,10.66096960415108,39.408557283917744,-6.361501505720067,1.0068980003105013,0.6060532085352768,2.520018365108412,-0.21083019389821547,80.20328407422868,90.19982427967582,83.67290277831238,97.60579463895372,96.24994521413028,94.22455386125037,47.75723534033627,59.88185794952201,High Performers (Low Score: 45)
285715,SAF HOLLAND SE,0,High Performers,9.712542256446024,14.776402534658612,8.859265526999643,26.67567871428594,8.106953148186728,1.6751441630336863,1.0543457703791863,3.270276982327309,0.027706179173058555,61.01544678062242,61.89156808691063,93.52867229104325,95.43891817169741,99.12749271900566,99.80672862992928,52.640926057742334,46.328384146800836,High Performers (Low Score: 45)
287162,HAMBURGER HAFEN UND LOGISTIK,0,High Performers,4.093116364700484,4.2714264137066005,8.361242084572226,24.988554509150173,-3.0336149089959075,1.2600929603390996,1.8437754880907824,4.313162197836837,-0.4358522678163125,70.79408084351009,78.45959406440825,91.81759415981826,84.23441959930472,97.29576349984288,92.49010134815899,48.48532134072029,52.43299311021616,High Performers (Low Score: 45)
289333,SMA SOLAR TECHNOLOGY AG,0,High Performers,-6.361948215252014,-21.276811080829034,-6.408631639628523,19.05641768393313,-10.434385904827389,1.5191172917086673,0.0742035292671818,2.78543544737546,0.5545861986652603,24.707152534220278,25.84439647384421,99.0385412696973,89.72967914743732,94.98529022959048,96.16272597722593,38.48174718947093,24.024708223200687,High Performers (Low Score: 45)
295079,STROEER SE & CO KGAA,0,High Performers,9.636367415804298,28.098174006444683,13.589086792769931,57.973188928695485,17.53712183799328,0.4966513857321131,3.085258861439313,6.200708915145005,0.35148593194559535,42.42831316672539,54.88258305893742,69.38861346924467,69.21438748826442,96.13785140289693,80.02201067698616,59.9499537774542,34.86928062730408,High Performers (Low Score: 45)
295421,EVONIK INDUSTRIES AG,0,High Performers,4.222784810126582,2.46119733924612,5.502408128257571,32.62518968133536,5.7597149831760905,1.3569844789356984,0.3263858093126386,2.1895787139689578,-0.433108757428122,78.06173293488587,83.99535260908709,95.14006660060905,93.38168534992315,99.88597583346912,91.86606448538977,46.80691981553476,57.36193223076408,High Performers (Low Score: 45)
297185,KION GROUP AG,0,High Performers,4.099886202899167,5.821242769896921,6.702482787398288,36.54809096599208,6.152201126643019,1.0106711190156437,0.8779364720328303,3.0383235854848616,-0.19468305256867796,79.66283916405649,87.02052097712601,83.78880559790694,98.13982869054728,99.75874555005711,98.04648439507285,48.3858956662957,59.08322273010253,High Performers (Low Score: 45)
297222,NORMA GROUP SE,0,High Performers,3.899478501045504,2.0382971286862306,4.822370856252529,57.06840895591767,7.064363126135201,2.0651249898844326,0.5566301522620161,1.9925658188556352,-0.7668518742448992,59.70953023552937,69.66498359116359,81.06060914817638,96.84564728586889,99.46368015800952,90.48808553668205,49.1601995840467,47.501373541031356,High Performers (Low Score: 45)
313972,TELEFONICA DEUTSCHLAND,0,High Performers,3.434206052363141,6.275681733283527,5.9467734338200655,61.269430051813465,15.99152143193594,0.5456945572705117,0.5369816959282779,2.746544639521853,0.4534819410585637,53.715279812059556,65.26769845758899,70.64837305871006,96.54509295123769,96.62160074501152,95.87625766700357,50.5288262229835,44.19416091146539,High Performers (Low Score: 45)
315541,OSRAM LICHT AG,-1,Upper-Mid,-0.0326834646655272,0.0,-12.805221109485764,4.928547316304721,1900.9845842241475,0.803135409345109,0.2486430012204819,1.6490396933687148,-1.0006406952328004,0.0,0.0,0.0,0.0,0.0,0.0,,0.0,Noise
315582,STABILUS SE,0,High Performers,6.620639200204304,10.79879175649246,9.68760863938692,32.34884671872678,10.982858140507195,1.9672676484652087,1.2168544737477862,2.9404203000912488,0.026571218762340715,76.50092222731435,84.57115113299794,84.02360054625194,93.01665720080683,98.20602393776116,97.31286640468376,52.78543418712218,56.81626483760601,High Performers (Low Score: 45)
317079,SCOUT24 SE,-1,Upper-Mid,12.293744779837615,11.31745623931815,43.27239562634384,75.7247816738508,43.500996946321145,0.4542740768734515,0.0291789077423174,1.4469321444130427,0.8312858632112388,0.0,0.0,0.0,0.0,0.0,0.0,,0.0,Noise
318434,ZALANDO SE,0,High Performers,4.908628615087864,9.421078302630097,3.706786474343816,43.35682194372192,5.046110191534642,1.3662473058994538,0.4437023974787077,2.9954976925674406,-0.14912703229037416,81.91502990035589,83.02417890855406,95.46392353894308,95.13091397090913,99.88242099344161,97.72489938881759,48.84511807610259,58.883939138944086,High Performers (Low Score: 45)
318452,ROCKET INTERNET SE,-1,Upper-Mid,18.61719889628992,21.637677609015192,93.2072151341839,-115.9700835899692,14.864980202375714,1.4528447281432737,0.0282949534541891,1.161583374162992,3.64569749407532,0.0,0.0,0.0,0.0,0.0,0.0,,0.0,Noise
318659,HELLA GMBH & CO. KGAA,0,High Performers,3.84553759551872,11.03301743828173,3.5860119489701416,27.969871368628624,4.964490045349462,1.4840927773507606,0.3252028633652353,2.3381917429845367,-0.633549608953168,69.34407972855549,76.05946940005221,99.6816861121437,93.36421203908493,99.85595018151669,92.919384890877,46.66056852576028,52.28594697534113,High Performers (Low Score: 45)
319665,ALLANE SE,-1,Upper-Mid,-0.1017995789553028,-20.156592997013117,-0.3317322967088418,-227.66073330859248,22.552523167863217,1.4528447281432737,8.513302179243974,12.549396710827333,-0.5019966193768127,0.0,0.0,0.0,0.0,0.0,0.0,,0.0,Noise
319865,SILTRONIC AG,0,High Performers,2.3935960978679884,3.134484302701627,8.61409966024915,36.37457531143828,-25.15571913929785,2.1009994739610733,0.716851584655953,2.529678093437484,0.16368925996573347,65.61071750122822,73.74885963272074,80.00074833517348,99.3316717018518,90.55122348599429,94.29440290508585,46.20666698642241,50.92722609722062,High Performers (Low Score: 45)
320124,SCHAEFFLER AG,0,High Performers,3.603182030884417,-16.570529627687467,4.2335605893996044,26.98482515944579,2.7215746646140317,1.2773361136452497,1.4452018877818562,5.6030414263240695,-1.0002891525808892,56.572605450295875,70.50653215786676,92.40026738548706,89.71656837058757,99.1312730551977,83.77635120837739,45.88177097858282,45.70200544875046,High Performers (Low Score: 45)
320448,COVESTRO AG,0,High Performers,0.4988628860685203,-3.9951937518774407,0.4795824811340715,22.103110233443825,0.6276888356019465,1.6124161073825505,0.3660258335836587,2.0473115049564434,-0.9886377981013741,47.54025710162023,53.59680109858041,95.70598812053697,93.96910334676535,98.45949414648587,90.86890937027357,42.517914017239455,39.13237339504071,High Performers (Low Score: 45)
321632,UNIPER SE,-1,Upper-Mid,5.908181558367326,2.860720477749952,3.260168312999097,7.70024802511792,1.4107324626170237,1.4368503571221185,0.102485070314005,3.7072818339433633,-2.762015132827845,0.0,0.0,0.0,0.0,0.0,0.0,,0.0,Noise
322597,INNOGY SE,-1,Upper-Mid,-6.171591284252228,-1.185025585779693,-8.919039809154615,18.68197405695542,-0.8409124794990308,1.1603321990887594,2.057231349313224,6.526259089684891,-1.8923674878347554,0.0,0.0,0.0,0.0,0.0,0.0,,0.0,Noise
324859,DELIVERY HERO SE,0,High Performers,-2.129561044732859,-34.03927014620221,-2.151333501427444,30.29760791235248,4.060286139556068,1.39210223162858,2.0829379315665624,4.79126644292713,0.8593399137390071,34.55985166428613,39.76963782750984,96.37373623056445,81.10702880724517,99.56317028308554,89.15930223299017,45.484514480472065,29.888571111940937,High Performers (Low Score: 45)
324977,METRO AG,1,Mid,1.2951601908657124,-7.194244604316546,0.4898643204743949,18.714750717071126,2.2591768990299395,0.6992920898738073,1.7182254196642686,7.035971223021583,-0.3112482730414712,25.131241111091274,76.89143702842797,94.95522858184808,92.990666558564,99.99840780568627,80.41927010004282,46.391944762214194,34.729850505978504,Mid (Low Score: 29)
325735,HELLOFRESH SE,1,Mid,0.0987579291221939,-15.296624425255132,0.0339367992377272,66.04884288567216,1.6589873781212066,0.9091281630980432,0.7545138499495345,2.95245037568689,8.347219078789843,6.199737249633815,59.71437393488481,97.50981499700876,79.84170712779324,99.80369401298243,58.79128063476591,47.142462051260374,22.406940399609816,Mid (Low Score: 29)
326410,1&1 AG,0,High Performers,7.265469818044684,3.491385746894061,14.53373731070942,36.96912151651939,0.503462628073934,2.5241624187605054,0.0644474784089846,1.3341176605726643,-0.8882759190176523,53.70767287429177,73.69444498700835,68.49711802991804,89.59130202041433,98.41978215944954,86.03089482577415,49.63951951874097,45.181088349159815,High Performers (Low Score: 45)
326577,DERMAPHARM HOLDING,0,High Performers,10.676537089324666,18.82575419160785,18.58815592442331,61.8698978075796,13.65531465037034,1.8154504993652785,1.4719467524345573,3.4413356893031684,-1.0308591948829207,41.33564374170021,46.42765797379177,88.83621091451381,89.33779111799738,97.35742204796769,98.88744613612755,57.04881214960687,34.753568203238174,High Performers (Low Score: 45)
326765,SIEMENS HEALTHINEE,0,High Performers,6.099229182499186,10.670915984394746,12.560926530429729,42.94146581406788,9.52466127084917,1.247991013566059,0.7393263366119017,2.5306335512940272,-0.6954263309959277,71.3969353261111,82.01607846067225,91.41084609598141,99.6854605566641,98.6721692894416,94.30131458961893,50.471027330053445,54.9305358782453,High Performers (Low Score: 45)
327148,SPRINGER NATURE AG,0,High Performers,7.504732212448502,3.772021869995029,21.89377943803801,87.13659249634563,28.16306642845542,1.040883573346351,1.034517037609764,2.975976141823604,0.44512465330980117,36.40953730637783,38.55757450249258,84.72268147322144,95.73875917223236,92.87701646313474,97.57865980723727,59.00935252647981,31.849205740272883,High Performers (Low Score: 45)
328745,KNORR-BREMSE AKTIE,0,High Performers,8.414811732889536,14.614121510673234,10.117558779389697,50.96298149074537,10.18009004502251,1.6347721098702084,0.7257799671592775,3.1573070607553366,-1.5942353292564566,46.24863620773208,68.04883227205106,94.92424946326888,99.47206827239977,98.4623736474286,98.94551144676547,51.17143209004678,42.05642776474302,High Performers (Low Score: 45)
329260,ENCAVIS AG,-1,Upper-Mid,1.853972286238764,-22.59697008846485,17.708688328253867,88.8340911967751,-2.062053923525568,0.581898867320949,2.0679870493401347,5.120624878473378,0.07629032489807078,0.0,0.0,0.0,0.0,0.0,0.0,,0.0,Noise
332311,TRATON SE,0,High Performers,6.895815216562161,15.719251037111784,9.521201525077412,29.191329808522735,1.2154277168074483,0.9803955288048152,0.8975782038345106,3.674571140262361,0.4101316067420672,67.38580389793405,79.85622166230318,82.86330425259847,97.83536202098757,98.64759680391953,97.13386121257838,50.70071987465674,52.709102093733016,High Performers (Low Score: 45)
333885,TEAMVIEWER SE,-1,Upper-Mid,19.280864696391152,122.48693834900732,30.73640720738969,94.83707712883998,36.63523089800454,0.2451355405745738,3.275543613474648,10.651749017266258,1.8197907598372827,0.0,0.0,0.0,0.0,0.0,0.0,,0.0,Noise
340115,HENSOLDT AG,0,High Performers,3.918228279386713,12.385321100917432,8.214285714285714,27.767857142857142,5.0,1.2782793414763676,1.5229357798165135,5.385321100917431,0.5474023516947876,63.89026448373354,80.21602316953957,92.43224698777831,88.62007813240393,99.8674658060243,85.18733753911646,51.905184264476645,50.46131824064173,High Performers (Low Score: 45)
340153,SIEMENS ENERGY AG,0,High Performers,-0.1690450917954161,13.046831955922864,-0.2495285071811983,17.037574350790656,3.989554620629624,0.8986585402288548,0.3622038567493112,5.60595041322314,-0.7482810710884005,44.035908274670106,48.809376803152105,80.41540391591417,93.91230560364457,99.5403037558381,83.75765793789446,44.417028829316976,36.76746923086292,High Performers (Low Score: 45)
346413,AUTO1 GROUP SE,-1,Upper-Mid,1.9040184524518369,3.4091780542524983,0.6704495647339384,11.55507468138499,-3.756510575484888,2.6234055504204523,1.509932694268815,3.603486844788905,2.552316322036775,0.0,0.0,0.0,0.0,0.0,0.0,,0.0,Noise
347562,SYNLAB AG,0,High Performers,3.0564201141431777,3.942662743687184,5.408735626600707,76.63256504436347,8.98976647744371,1.1556630782906423,0.5999364210702623,1.9925098209791663,0.8135569851044365,44.11408254523024,51.4018083867491,88.36642672751894,97.51139330771505,98.84371453284552,90.48769682054876,51.62150118008687,37.67713402621342,High Performers (Low Score: 45)
350278,VITESCO TECHNOLOGIES GROUP,0,High Performers,4.2911210454827176,-3.3809139690667416,3.5242386171641464,20.393796300307592,1.3992981848113328,1.2135632037661428,0.2358222565145722,2.65952372601971,0.908511592624763,53.749641958769644,70.37740402594183,90.26355022154942,92.05338243903974,98.70651732046373,95.23835200345063,46.641601798177646,44.7806758326002,High Performers (Low Score: 45)
351590,DAIMLER TRUCK HOLDING AG,0,High Performers,6.159449725133372,13.060121594235532,8.412079072433752,28.35216450616713,0.2551916711356029,1.6292420455026904,0.8274262553478946,3.326007655933348,0.4486547136606303,71.5113561527369,83.73351237729645,95.11702683742234,98.92714637209426,98.34046417953955,99.76620384442518,50.83406675747844,55.243959573763476,High Performers (Low Score: 45)
354519,DR ING  H C F PORSCHE AG,0,High Performers,10.6712500233527,15.588248057978562,14.250430357009206,33.60277424344485,10.425866327370706,1.414487903506937,0.3107234301089268,2.322918022826889,0.46101423942296776,51.45955004717876,55.41561361222755,97.16846962789757,93.15060088022072,98.38381837155153,92.81057527171997,53.573899502178115,40.98200282933909,High Performers (Low Score: 45)
355804,IONOS GROUP SE,-1,Upper-Mid,19.58729266372432,106.96651031421796,20.632813796825104,55.78744101298403,19.863539150458788,0.748764273337184,6.751305038583749,10.36204418217582,1.0697218581778403,0.0,0.0,0.0,0.0,0.0,0.0,,0.0,Noise
358679,SCHOTT PHARMA AG & CO KGAA,0,High Performers,13.093188579938971,18.937735796540007,19.73051674292204,40.49646271880103,8.384887121496284,1.351614310645724,0.1023195674121907,1.8247191949453827,-0.591496557288598,39.36686470719603,40.83855160107904,94.95281234862128,90.12966593813148,99.03806376101443,89.33042414673037,53.49683435007062,32.92742279690737,High Performers (Low Score: 45)
360887,DOUGLAS AG,0,High Performers,8.620266440541807,11.014948859166012,8.67894855088744,45.09773084700068,11.959110312289372,0.8741224375175511,2.764358772619984,5.876344086021505,2.64162657546941,24.40131426157269,70.35595644424527,79.69479483650112,72.81872476092951,97.89517435453764,82.03818582005368,59.56926884848747,31.11358946957108,High Performers (Low Score: 45)
