fyear,fincf,gsector,che,dp,cogs,ebitda,oancf,ceq,rect,gind,naics,sale,loc,dltt,lct,dvt,gsubind,ib,ivch,ggroup,ebit,datadate,at,conm,lt,emp,xrd,gvkey,capx,dlc,isin,act,revt,xsga,ppent,xint,sic,seq,oibdp,invt,ivst,roa,roe,ebit_margin,ebitda_margin,net_profit_margin,operating_margin,gross_margin,roc,current_ratio,quick_ratio,cash_ratio,cash_ratio_enhanced,working_capital_ratio,debt_to_equity,total_debt_to_equity,equity_ratio,debt_ratio,interest_coverage,net_debt_to_ebitda,debt_to_assets,asset_turnover,revenue_per_employee,receivables_turnover,days_sales_outstanding,capital_intensity,working_capital_turnover,inventory_turnover,asset_quality,capex_to_revenue,capex_to_depreciation,fcf,fcf_margin,reinvestment_rate,cash_conversion,financial_leverage,rnd_intensity,dividend_payout_ratio,retention_ratio,revenue_growth,asset_growth,employee_growth,fcf_growth,capex_growth,margin_trend,leverage_trend,capex_trend,fcf_trend,margin_volatility,leverage_volatility,cf_to_assets,cashflow_volatility,margin_consistency,growth_quality,ebitda_outlier,ebit_outlier,roa_outlier,roe_outlier,ebit_margin_outlier,ebitda_margin_outlier,net_profit_margin_outlier,operating_margin_outlier,gross_margin_outlier,roc_outlier,current_ratio_outlier,quick_ratio_outlier,cash_ratio_outlier,cash_ratio_enhanced_outlier,working_capital_ratio_outlier,debt_to_equity_outlier,total_debt_to_equity_outlier,equity_ratio_outlier,debt_ratio_outlier,interest_coverage_outlier,net_debt_to_ebitda_outlier,debt_to_assets_outlier,asset_turnover_outlier,revenue_per_employee_outlier,receivables_turnover_outlier,days_sales_outstanding_outlier,capital_intensity_outlier,working_capital_turnover_outlier,inventory_turnover_outlier,asset_quality_outlier,capex_to_revenue_outlier,capex_to_depreciation_outlier,fcf_outlier,fcf_margin_outlier,reinvestment_rate_outlier,cash_conversion_outlier,financial_leverage_outlier,rnd_intensity_outlier,dividend_payout_ratio_outlier,retention_ratio_outlier,revenue_growth_outlier,asset_growth_outlier,employee_growth_outlier,fcf_growth_outlier,capex_growth_outlier,margin_trend_outlier,leverage_trend_outlier,capex_trend_outlier,fcf_trend_outlier,margin_volatility_outlier,leverage_volatility_outlier,cashflow_volatility_outlier,margin_consistency_outlier,growth_quality_outlier,years_available,latest_year,cluster,cluster_name
2024.0,17.205,15.0,364.209,201.565,15509.246,679.112,537.473,4554.9,717.167,151040.0,331410.0,17183.261,DEU,235.406,2207.551,65.489,15104025.0,416.096,,1510.0,477.547,2024-09-30,7846.232,AURUBIS AG,3290.333,6.979,13.526,220303,846.67,147.816,DE0006766504,4740.018,17183.261,633.348,1926.662,36.056,3330.0,4554.9,679.112,3545.794,41.839,6.086322708785568,9.135129201519245,2.779140699777534,3.9521718258251446,2.4215194077538604,3.9521718258251446,9.742126363558114,9.96902911839035,2.1471839155697876,0.5409723263471603,0.16498327784952646,0.18393595436753218,32.2762186996255,0.05168192495993326,0.0841340095282004,58.0520688146871,41.93519895919468,13.244591746172622,0.027996854716158717,4.88415331078663,2.1900016466502645,2462.137985384725,23.95991589127776,15.233776347807325,11.21243517164757,6.785186539449477,4.373983937025106,13.782105856671075,4.92729523226121,4.20048123434128,-309.197,-1.7994081565774973,157.5279130300499,112.54871248275037,1.7225914948736527,0.07871614124932398,15.738916019380145,84.26108398061986,0.4361597415107221,8.080314274926636,-3.4716459197787097,491.40239470563574,35.47001777636976,0.14212468402637574,-0.01782356057655293,0.27903245106989083,-0.29789896758560147,1.5227710416822389,0.07190729391134693,6.850077846283413,2.6928259874766445,0.09582139537714494,0.3665091022160684,False,False,False,False,False,False,False,False,False,False,False,False,False,False,False,False,False,False,False,False,False,False,False,True,True,False,False,False,False,False,False,True,False,False,False,False,False,False,False,False,False,False,False,True,False,False,False,False,False,False,False,False,False,False,11,True,2,Lower-Mid
2024.0,1.0,55.0,6732.0,611.0,64380.0,2885.0,1665.0,10382.0,5320.0,551050.0,2211.0,69751.0,DEU,1064.0,17221.0,,55105010.0,297.0,,5510.0,2274.0,2024-12-31,38489.0,UNIPER SE,27945.0,6.844,8.0,321632,681.0,834.0,DE000UNSE026,24744.0,69751.0,1055.0,6105.0,577.0,4911.0,10382.0,2885.0,2604.0,1347.0,5.908181558367326,2.8607204777499518,3.260168312999097,4.13614141732735,0.4258003469484309,4.13614141732735,7.70024802511792,19.867202516162852,1.4368503571221183,1.285639626037977,0.39091806515301086,0.46913651936589046,19.545844267193225,0.10248507031400501,0.182816413022539,26.973940606407027,72.60515991582011,3.9410745233968805,-1.6755632582322357,4.9312790667463435,1.8122320663046585,10191.55464640561,13.11109022556391,27.839027397456668,8.7525626872733,9.271700119633126,24.723502304147466,31.31284263036192,0.9763300884575131,1.1145662847790507,984.0,1.4107324626170235,40.9009009009009,73.21899736147758,3.7072818339433633,0.011469369614772547,0.0,100.0,-35.418730614323415,-29.970342606575574,8.53155724706629,-83.56164383561644,20.95914742451155,-1.1938703768392598,0.05232561339275675,-0.07521828485700675,0.04624693890069247,17.61291902254827,0.8028855085454072,4.325911299332277,5.669726314129563,0.05054106172840381,0.292820293884823,False,False,False,False,False,False,False,False,False,False,False,False,False,False,False,False,False,False,False,False,False,False,False,True,False,False,False,False,False,False,False,False,False,False,False,False,False,False,False,False,False,False,False,False,False,False,False,False,False,True,False,False,False,False,11,True,2,Lower-Mid
2024.0,-199.356,25.0,317.385,219.941,3819.492,488.333,318.417,1955.338,195.558,255040.0,444110.0,6199.989,DEU,1301.439,1183.935,38.392,25504030.0,140.679,,2550.0,268.392,2025-02-28,4614.193,HORNBACH HOLDING AG & CO,2580.721,19.916,,203162,165.919,391.42,DE0006083405,1779.927,6199.989,1907.324,2706.083,55.568,5211.0,1955.338,488.333,1266.089,0.138,5.816661765123392,7.194612900685201,4.328910906132253,7.876352683851537,2.2690201547131776,7.876352683851537,38.39518102370826,8.241030933342994,1.5033992575605923,0.43400862378424493,0.26807637243598675,0.26819293288905216,12.916494823688563,0.665582625612554,0.8657628502079948,42.37659759788981,55.93006187647547,4.82997408580478,2.816672229810396,36.688083918466354,1.3436778652301713,311.3069391444065,31.70409290338416,11.512709135451692,43.646577437476104,10.402805742358957,3.0167642243159842,11.116635129913291,2.676117651176478,0.7543795836156061,152.49799999999996,2.4596495251846413,52.10745657424071,118.63878207994276,2.3597930383391517,,27.29049822645882,72.70950177354118,0.634697671730966,3.0626922851844984,52.426144191030154,-49.65185036003529,9.14072212757282,0.04796353205358323,0.04002468176019809,-0.11438826030819045,0.311570592623169,0.8851541973356237,0.21764668290801692,6.900816675852092,2.148480902247651,0.0381704957554533,-0.0939201318442059,False,False,False,False,False,False,False,False,False,False,False,False,False,False,False,False,False,False,False,False,False,False,False,False,True,False,False,False,False,False,False,False,False,False,False,False,False,False,False,False,False,False,True,False,False,False,False,False,False,False,False,False,False,False,12,True,2,Lower-Mid
2024.0,-223.404,25.0,301.138,299.728,3478.644,519.867,293.846,1670.35,133.852,255040.0,444110.0,5847.008,DEU,1549.617,1107.509,,25504030.0,115.342,,2550.0,220.139,2025-02-28,4394.077,HORNBACH-BAUMARKT AG,2723.727,24.145,,223089,102.09,382.419,DE0006084403,1666.76,5847.008,1866.56,2552.384,71.261,5211.0,1670.35,519.867,1199.091,0.0,5.0099031036552155,6.905259376777323,3.764985442126982,8.891162796425112,1.9726670461199987,8.891162796425112,40.50557139651597,6.836684972237295,1.5049629393530888,0.422271060551201,0.2719056910598469,0.2719056910598469,12.727382792791294,0.9277199389349537,1.1566653695333315,38.01367158563676,61.986328414363236,3.089193247358303,3.1371446927771918,43.969097491919236,1.3306566999167286,242.16226962103954,43.6826345515943,8.35572313224131,43.65282209294053,10.45506936956751,2.901067558675697,9.899462389939911,1.7460212129006836,0.3406088186622538,191.756,3.279557681467171,34.74268834695725,133.48202726459192,2.630632502170204,,0.0,100.0,1.1598855149173026,3.2473713383834646,2.530893031551229,-40.31331803991024,-11.954946874568783,0.0922619794689531,0.10742276383931121,-0.11002956581513568,0.4920661200644018,1.1044119343611911,0.4925614583297832,6.687320226750691,2.765392281962057,0.09072494351679716,0.032137880620271064,False,False,False,False,False,False,False,False,False,False,False,False,False,False,False,False,False,False,False,False,False,False,False,False,True,False,False,False,False,False,False,False,False,False,False,False,False,False,False,False,False,False,False,False,False,False,False,False,False,False,False,False,False,False,12,True,2,Lower-Mid
2024.0,-325.6,25.0,2676.9,281.9,5988.6,673.8,654.1,2665.3,1074.3,255040.0,454110.0,10572.5,DEU,1182.6,3990.2,,25504010.0,251.1,67.9,2550.0,391.9,2024-12-31,7983.9,ZALANDO SE,5318.6,15.309,68.0,318434,120.6,542.9,DE000ZAL1111,5451.6,10572.5,3910.9,1596.6,93.4,5960.0,2665.3,673.8,1549.7,89.1,4.908628615087864,9.421078302630097,3.7067864743438164,6.373137857649562,2.375029557815086,6.373137857649562,43.35682194372192,10.184776111645313,1.3662473058994538,0.9778707834193776,0.6708686281389404,0.6931983359230114,18.30433747917685,0.44370239747870777,0.6473942895734063,33.38343416124952,66.6165658387505,4.195931477516059,-1.4119916889284656,21.612244642342716,1.3242275078595673,690.6068325821412,9.84129200409569,37.08862615275479,15.101442421376209,7.234501163268097,3.8643608440343296,46.984556419794835,1.14069519981083,0.427811280595956,533.5,5.046110191534642,18.43754777556948,166.90482265884157,2.9954976925674406,0.6431780562780799,0.0,100.0,4.233419763188762,2.4930356753148475,-3.064648895080102,-29.71014492753623,-36.69291338582678,-0.09231774401717892,0.09766222991295101,-0.04996548954247792,0.13439952618348297,1.3553190125092662,0.37137524481038625,8.192737884993551,2.080364110223859,0.05103639497690944,-0.19793484379224358,False,False,False,False,False,False,False,False,False,False,False,False,False,False,False,False,False,False,False,False,False,False,False,False,False,False,False,False,False,False,False,False,False,False,False,False,False,False,False,False,False,False,False,False,False,False,False,False,False,False,False,False,False,False,11,True,2,Lower-Mid
2024.0,-329.445,55.0,796.631,203.343,5106.223,575.97,498.004,2178.635,665.709,551030.0,22111.0,6361.422,DEU,1463.508,3051.368,82.383,55103010.0,183.012,,5510.0,372.627,2024-09-30,7876.016,MVV ENERGIE AG,5361.493,5.447,0.304,244394,412.129,241.787,DE000A0H52F5,3662.918,6361.422,585.169,2819.963,60.581,4931.0,2178.635,575.97,357.179,17.723,4.731161033700287,8.400305695997723,5.857605422183909,9.054107713652703,2.8769039375158574,9.054107713652703,19.73142168527728,10.230982144303505,1.2004183041835663,1.0833629375414568,0.2610733939662473,0.26688160851132997,7.7647125145505065,0.6717545619160621,0.7827355201766243,27.661637558887648,68.0736682099173,6.150888892557072,1.5776238345747176,21.651746263593168,0.807695413518713,1167.8762621626583,9.555859992879771,38.19645749016494,44.329129556253314,10.402129016433648,14.295977647062118,18.567001387503527,6.478567213431212,2.0267675799019393,85.875,1.3499340241851587,82.75616260110361,133.64678351273525,3.61511496877632,0.004778805745004812,45.0150809782965,54.9849190217035,-4.278055232457534,-17.55867834980779,2.080209895052465,-109.19012400112582,28.519217276058306,0.4304629757397033,-0.04539001981402237,-0.14181184346800718,-0.02853103350258227,3.948103928022732,0.22085311763604165,6.323044544348311,4.467484801843641,0.13076368167196753,0.16525281237886663,False,False,False,False,False,False,False,False,False,False,False,False,False,False,False,False,False,False,False,False,False,False,False,False,False,False,False,False,False,False,False,False,False,False,False,False,False,False,False,False,False,False,False,False,False,False,False,False,False,False,False,False,False,False,11,True,2,Lower-Mid
2023.0,234.4,25.0,1063.6,470.7,7350.2,796.1,629.0,2851.3,1828.1,251010.0,336350.0,9233.2,DEU,672.4,3143.8,10.005,25101010.0,-96.4,,2510.0,325.4,2023-12-31,7583.1,VITESCO TECHNOLOGIES GROUP,4731.8,35.528,1020.2,350278,499.8,42.5,DE000VTSC017,3815.2,9233.2,403.2,1842.7,57.5,3714.0,2851.3,796.1,825.1,0.0,4.2911210454827176,-3.3809139690667416,3.5242386171641464,8.622146168175714,-1.044058397955205,8.622146168175714,20.393796300307592,9.23461134602832,1.2135632037661428,0.9511101215090018,0.3383166868121381,0.3383166868121381,8.853898801281792,0.23582225651457228,0.2507277382246694,37.60071738471074,62.399282615289266,5.659130434782608,-0.4380103002135409,9.42754282549353,1.2176022998509846,259.8851609997749,5.050708385755703,72.26709049950179,19.957327903652036,13.75215966636879,8.908253545024845,38.13348103018554,5.4130745570333145,1.0618228170809434,129.2,1.3992981848113328,79.45945945945945,193.30055316533497,2.65952372601971,11.049257028982368,,,1.7993384785005562,-0.27092073595749167,-6.610940251820308,-11.202749140893475,11.91222570532915,0.7667813728400232,-0.011081557756935747,-0.43634804352195666,0.3998975218116258,1.8326080543522392,0.0980835005480291,8.2947607179122,3.2373747807147866,0.6127339875537323,0.08642542817070153,False,False,False,False,False,False,False,False,False,False,False,False,False,False,False,False,False,False,False,False,False,False,False,False,False,False,False,False,False,False,False,False,False,False,False,False,False,False,False,False,False,False,False,False,False,False,False,False,False,False,False,False,False,False,6,True,2,Lower-Mid
2024.0,-234.472,25.0,1401.52,487.995,5780.268,775.765,854.141,3200.43,1241.512,251010.0,3363.0,8024.792,DEU,1040.789,2621.545,106.0,25101010.0,353.104,,2510.0,287.77,2024-12-31,7483.219,HELLA GMBH & CO. KGAA,4235.918,38.485,905.935,318659,455.751,162.522,DE000A13SX22,3890.616,8024.792,641.572,2323.492,63.226,3714.0,3200.43,775.765,1118.106,106.088,3.84553759551872,11.03301743828173,3.5860119489701416,9.667104144256946,4.400163892098387,9.667104144256946,27.969871368628624,6.78507759207907,1.4840927773507606,1.0575862706915198,0.534616037489343,0.5750837769330681,16.958891621373102,0.3252028633652353,0.37598416462787815,42.76809218065113,56.60555971968747,4.551450352703002,-0.2555013438347954,16.080125411270203,1.0723716625158237,208.5173963882032,6.463724877407548,56.46898760740465,28.953921796353104,6.323359370752307,5.169695896453467,35.319452764913066,5.6792873883834,0.9339255525159069,398.39,4.964490045349462,53.357817971505874,296.8137748896688,2.3381917429845367,11.289202262189473,30.019484344555714,69.9805156554443,0.8882291626462369,5.969927116121965,1.8849442723638532,10.262350163709378,-1.8588105077059214,-0.5474795014026841,-0.03524262037644669,-0.20897004907270572,0.26485004657699396,3.509538064600949,0.1973324026154787,11.414085302060517,2.3771550164837705,0.31635824974518734,0.42463871299940875,False,False,False,False,False,False,False,False,False,False,False,False,False,False,False,False,False,False,False,False,False,False,False,False,False,False,False,False,False,False,False,False,False,False,False,False,False,False,False,False,False,False,False,False,False,False,False,False,False,False,False,False,False,False,12,True,2,Lower-Mid
2024.0,55.926,55.0,53.35,124.903,3164.856,312.781,437.463,2194.145,720.41,551030.0,221122.0,3891.921,DEU,897.252,1131.172,,55103010.0,303.732,,5510.0,187.878,2024-12-31,5260.131,MAINOVA AG,3058.171,3.416,,248166,480.477,32.4,DE0006553464,1179.599,3891.921,330.158,1762.447,41.779,4931.0,2194.145,312.781,247.028,0.0,3.571736141172149,13.842840833217496,4.827384728518385,8.036673920154083,7.804166631337071,8.036673920154083,18.681391528759182,6.077446539541832,1.0428113496444396,0.8244289993033773,0.047163472928962176,0.047163472928962176,0.9206424706913175,0.40893012995950584,0.4236967019043864,41.71274441644134,58.1386851392104,4.496948227578447,2.8016471588747396,17.673552236626804,0.7398905084303032,1139.3211358313818,5.402369484043809,67.56294642157432,45.28475783552647,80.36675821339351,12.811729844390111,14.709899810480003,12.345497249301824,3.8468011176673094,-43.01399999999995,-1.1052125672643396,109.83260298585252,232.84418612078053,2.397348853425822,,0.0,100.0,-16.006285412637222,-5.475967863348242,18.528799444829968,-80.56848058835755,7.256273285547499,0.01919161260292293,-0.017819915000269092,0.3953714123804114,-0.8555199452206084,4.065889595596093,0.13949653471904083,8.316579948294063,2.2775737338710096,0.0002450780740219781,-0.7711345820673754,False,False,False,False,False,False,False,False,False,False,False,False,False,False,False,False,False,False,False,False,False,False,False,False,False,False,False,True,False,False,False,True,False,False,False,False,False,False,False,False,False,False,False,False,False,False,False,False,False,False,False,False,False,False,11,True,2,Lower-Mid
2024.0,-1547.0,15.0,3683.0,3811.0,44695.0,6675.0,6946.0,35599.0,12244.0,151010.0,325.0,65260.0,DEU,20455.0,17039.0,2000.0,15101020.0,1298.0,,1510.0,2864.0,2024-12-31,80415.0,BASF SE,43532.0,109.717,2061.0,17436,6198.0,3540.0,DE000BASF111,31232.0,65260.0,10347.0,17773.0,1083.0,2800.0,35599.0,6675.0,13681.0,769.0,3.561524591183237,3.646169836231355,4.388599448360404,10.228317499233833,1.988967208090714,10.228317499233833,31.512411890897944,5.109358832554323,1.832971418510476,1.0300487117788604,0.21615118258113739,0.26128293913962086,17.649692221600446,0.574594791988539,0.6740357875221215,44.26910402288131,54.13417894671392,2.644506001846722,3.042996254681648,29.83896039296151,0.8115401355468507,594.8029931551173,5.329957530218882,68.48084584737971,27.2341403616304,4.598041287958853,3.2669395512023973,19.806006342100353,9.497395035243642,1.626344791393335,748.0,1.1461844927980387,89.23121220846531,242.52793296089385,2.2589117671844714,3.1581366840330984,154.08320493066256,-54.08320493066256,-5.285768192505302,3.9020608566444848,0.028262494757758105,-72.45949926362297,14.884151992585725,-0.5584299133540365,0.005569725713782512,-0.006621114546160133,-0.23165647153026336,2.549269232760668,0.06357272665148431,8.637691972890629,1.7210048065993824,0.5278355347349147,0.3474910408465332,True,True,False,False,False,False,False,False,False,False,False,False,False,False,False,False,False,False,False,False,False,False,False,False,False,False,False,False,False,False,False,False,False,False,False,False,False,False,False,False,False,False,False,False,False,False,False,False,False,False,False,False,False,False,11,True,2,Lower-Mid
2024.0,-102.032,20.0,79.442,107.392,1160.816,165.088,194.223,493.922,317.872,201030.0,3331.0,2044.994,DEU,215.315,813.34,,20103010.0,9.098,2.7,2010.0,57.696,2024-12-31,1683.634,BAUER AG,1181.652,11.38,6.924,269104,181.558,202.562,DE000A40ETC9,968.233,2044.994,500.441,497.239,45.495,3530.0,493.922,165.088,494.573,6.498,3.4268730614848595,1.8419912455812864,2.8213285711351723,8.072786521623046,0.4448912808546138,8.072786521623046,43.23621487398007,8.13493937851522,1.1904406521258022,0.582364078982959,0.09767378955910196,0.10566306833550544,9.199921122999411,0.4359291548058195,0.846038443316961,29.336661055787662,70.18461257019042,1.2681833168480052,2.050027863927118,24.819943051755907,1.2146309708642138,179.7007029876977,6.4333882820758035,56.735266704938994,24.314936865340435,13.202623746715481,2.347107504857726,23.598596844682397,8.878167857705206,1.6906101013110846,12.66500000000002,0.6193172204906234,93.4791451063983,336.6316555740433,3.408704208356785,0.33858290048772766,0.0,100.0,19.572181757266005,-0.9138039302926559,-5.434601961110186,27.235282298573548,28.863242767509867,0.05595002123465378,-0.07295234221075891,0.4150177608684703,-0.2629567905354139,2.3188685408149006,0.27613365851643706,11.535939521297385,2.970828233775301,0.006403846880110084,0.259944472374841,False,False,False,False,False,False,False,False,False,False,False,False,False,False,False,False,False,False,False,False,False,False,False,False,False,False,False,False,False,False,False,False,False,False,False,False,False,False,False,False,False,False,False,False,False,False,False,False,False,False,False,False,False,False,11,True,2,Lower-Mid
2024.0,-118.0,30.0,781.0,374.0,6835.0,691.0,906.0,3271.0,1258.0,302020.0,311314.0,9694.0,DEU,1496.0,2777.0,40.826,30202030.0,-78.0,,3020.0,317.0,2025-02-28,9496.0,SUEDZUCKER AG,5470.0,,62.0,100764,574.0,902.0,DE0007297004,5027.0,9694.0,1304.0,3397.0,89.0,2060.0,3271.0,691.0,2843.0,155.0,3.3382476832350463,-2.3845918679302964,3.2700639570868577,7.128120486899113,-0.8046214153084381,7.128120486899113,29.492469568805447,6.6498846234529045,1.8102268635217862,0.7864602088584803,0.28123874684911776,0.33705437522506304,23.69418702611626,0.45735249159278507,0.7331091409354937,34.44608256107835,57.60320134793597,3.561797752808989,2.340086830680174,25.25273799494524,1.0208508845829822,,7.705882352941177,47.36641221374046,35.04229420259954,4.3084444444444445,2.4041505451987337,21.472198820556024,5.921188363936455,1.53475935828877,332.0,3.424798844646173,63.35540838852097,285.80441640378547,2.9030877407520634,0.6395708685785022,,,-5.782874914957725,-7.6084841408834425,,-37.00189753320683,5.128205128205132,0.06756510498531743,0.046874774779763956,-0.03811678864617835,-0.07015883193232045,2.829981862401547,0.19175827820793553,9.540859309182814,2.6371955641273246,0.007410046954755941,-0.3620852851218758,False,False,False,False,False,False,False,False,False,False,False,False,False,False,False,False,False,False,False,False,False,False,False,False,False,False,False,False,False,False,False,False,False,False,False,False,False,False,False,False,False,False,False,False,False,False,False,False,False,False,False,False,False,False,12,True,2,Lower-Mid
2024.0,-31.0,20.0,171.0,69.0,1054.0,140.0,113.0,546.0,297.0,201060.0,333248.0,2314.0,DEU,43.0,853.0,,20106020.0,5.0,,2010.0,71.0,2025-03-31,2174.0,HEIDELBERGER DRUCKMASCHINEN,1628.0,9.722,108.0,214759,88.0,36.0,DE0007314007,1137.0,2314.0,830.0,650.0,14.0,3555.0,546.0,140.0,608.0,0.0,3.265869365225391,0.9157509157509158,3.0682800345721692,6.050129645635264,0.216076058772688,6.050129645635264,54.451166810717375,12.054329371816639,1.3329425556858148,0.6201641266119577,0.20046893317702227,0.20046893317702227,13.063477460901565,0.07875457875457875,0.1446886446886447,25.114995400183993,74.88500459981601,5.071428571428571,-0.6571428571428571,3.633854645814168,1.0643974241030358,238.01686895700473,7.7912457912457915,46.84745030250648,28.08988764044944,8.147887323943662,1.7335526315789473,21.527138914443423,3.8029386343993083,1.2753623188405796,25.0,1.08038029386344,77.87610619469027,159.1549295774648,3.9816849816849818,4.66724286949006,0.0,100.0,-4.577319587628869,2.838221381267747,-2.8577138289368476,0.0,35.384615384615394,-0.10571882277779014,-0.1697386803511185,0.04444766098970426,0.032341049634310816,1.590876007431103,0.946581864219822,5.197792088316467,2.438037162436402,0.057408384385266825,0.41406660674042967,False,False,False,False,False,False,False,False,False,False,False,False,False,False,False,False,False,False,False,False,False,False,False,False,False,False,False,False,False,False,False,False,False,False,False,False,False,False,False,False,False,False,False,False,False,False,False,False,False,False,False,False,False,False,12,True,2,Lower-Mid
2024.0,-37.883,20.0,1154.12,145.725,5839.121,324.33,429.753,990.652,1489.367,201040.0,333611.0,7298.825,DEU,420.969,3608.714,,20104020.0,8.836,13.65,2010.0,178.605,2024-12-31,5631.15,NORDEX SE,4634.533,10.006,35.272,245628,164.19,79.594,DE000A0D6554,3602.275,7298.825,758.885,537.27,110.808,3510.0,990.652,324.33,909.369,2.682,3.171732239418236,0.8919378348804626,2.447037708124253,4.44359194801903,0.12106058166896727,4.44359194801903,19.99916424904008,12.652475416560108,0.9982157078671239,0.7462231698050884,0.31981475949604204,0.3205579605366344,-0.1143460927164052,0.4249413517562171,0.5052864174301369,17.592356801008677,82.30171456984809,1.6118421052631577,-2.015098819103999,8.889178942134377,1.2961517629613846,729.4448331001399,4.900622210643851,74.48033827362623,7.361047839892038,,6.421068895025011,46.94399900553174,2.2495401657116045,1.1267112712300567,265.563,3.638434953571294,38.205666976146766,240.6164441085076,5.68428671218551,0.4832558665264614,0.0,100.0,12.478787400594339,3.856838885650049,1.8007935700478095,837.8218031571139,23.56075314941075,-0.9120628997596782,0.0026417477131352573,-0.17161718806648782,-0.5519504143481706,5.193389274065121,0.25334284740443513,7.6317093311312965,6.545178817911841,0.33926613573938214,-0.18087296235493386,False,False,False,False,False,False,False,False,False,False,False,False,False,False,False,False,False,False,False,False,False,False,False,False,False,False,False,False,False,False,False,False,False,False,False,False,False,False,False,False,False,False,False,True,False,False,False,False,False,False,False,False,False,False,11,True,2,Lower-Mid
2016.0,-35.323,20.0,249.943,83.258,1404.567,136.319,69.661,987.04,369.809,201030.0,237.0,2199.668,DEU,0.0,559.094,4.191,20103010.0,108.453,7.805,2010.0,53.061,2016-12-31,1814.619,STRABAG AG,825.376,11.5,,100458,108.019,0.0,DE000A0Z23N2,673.336,2199.668,600.73,417.55,3.78,1600.0,987.04,136.319,45.87,0.0,2.924084890547272,10.98770059977306,2.412227663447393,6.197253403695465,4.930425864266789,6.197253403695465,36.14640936723178,5.3757699789268925,1.204334154900607,1.122290706035121,0.44705004882899835,0.44705004882899835,6.295646634362363,0.0,0.0,54.393787345993836,45.48480975896318,14.037301587301588,-1.8335155040750009,0.0,1.212192752307785,191.27547826086956,5.9481191642172035,61.363935375702155,18.982410072792803,19.25445983088532,30.62060170045782,34.15328506975845,4.9106956140653955,1.2974008503687335,-38.358000000000004,-1.7438086111176778,155.0638090179584,131.2847477431635,1.8384452504457773,,3.864346767724267,96.13565323227573,3.1606632168286186,1.706505874994102,4.545454545454541,-123.0767842424753,42.94088845955353,0.8222092413624992,-0.011970785814716448,0.3588904315474868,-1.3722501148932542,1.3803027422327552,0.013688443219195582,3.8388774723509456,5.008390488140227,0.3548264661944839,,False,False,False,False,False,False,False,False,False,False,False,False,False,False,False,False,False,False,False,False,False,False,False,False,False,False,False,False,False,False,False,False,False,False,False,False,False,False,False,False,False,False,False,False,False,False,False,False,False,False,False,False,False,False,3,True,2,Lower-Mid
2024.0,-1450.0,20.0,8488.0,2341.0,30568.0,3605.0,3892.0,11542.0,4796.0,203020.0,481111.0,31439.0,DEU,11413.0,19581.0,359.0,20302010.0,1387.0,,2030.0,1264.0,2024-12-31,47052.0,DEUTSCHE LUFTHANSA AG,35458.0,66.111,60.0,100103,3898.0,2819.0,DE0008232125,16316.0,31439.0,324.0,19025.0,631.0,4512.0,11542.0,3605.0,1606.0,6698.0,2.68638952648134,12.016981459019235,4.020484112090079,11.466649702598684,4.411717929959604,11.466649702598684,2.770444352555743,5.50642561533435,0.8332567284612634,0.7512384454317961,0.43348143608600176,0.7755477248352995,-6.939131174020233,0.9888234274822387,1.2330618610292843,24.530306894499702,75.3591770806767,2.0031695721077654,1.5933425797503467,30.247385870951288,0.6681756354671428,475.54869840117374,6.555254378648874,55.68052418970069,60.51401125990012,,19.03362391033624,28.232593726090283,12.398613187442349,1.6651003844510892,-6.0,-0.019084576481440248,100.15416238437822,307.9113924050633,4.076589845780627,0.1908457648144025,25.88320115356885,74.11679884643115,5.055804317316048,3.8194214602502052,5.205283259070659,-100.67039106145252,-3.753086419753082,-1.207206223448933,0.17348317660129575,0.14307507969378644,-0.24265995006741553,20.961648713879566,3.129229347576145,8.27169939641248,5.6059201629071325,0.03648419256982127,0.051976705226587344,False,False,False,False,False,False,False,False,False,False,False,False,False,False,False,False,False,False,False,False,False,False,False,False,False,False,False,False,False,False,False,False,False,False,False,False,False,False,False,False,False,False,False,False,False,False,False,False,False,True,True,False,False,False,11,True,2,Lower-Mid
2024.0,-90.467,20.0,134.96,78.213,963.834,112.575,169.001,23.821,355.237,203050.0,488320.0,1220.664,DEU,626.0,373.079,1.92,20305030.0,3.599,7.984,2030.0,34.362,2024-12-31,1408.04,BLG-BREMER LAGERHAUS-GESELLS,1051.383,,,210326,38.921,132.628,DE0005261606,514.068,1220.664,25.815,510.229,28.88,4400.0,23.821,112.575,15.628,0.0,2.4404136246129373,15.108517694471265,2.815025264937772,9.222439590255796,0.2948395299607427,9.222439590255796,21.04018796327245,5.287917749657214,1.3779065559841213,1.336017304645933,0.3617464397620879,0.3617464397620879,10.013138831283202,26.279333361319843,31.8470257335964,1.6917843243089685,74.6699667623079,1.189819944598338,5.540022207417277,53.87829891196273,0.8669242351069572,,3.4361961169585373,106.22210944207416,41.79929939770485,8.657866925788538,61.67353468134118,34.81413880287492,3.1885105155882374,0.4976282715149656,130.08,10.656495153457463,23.030041242359513,491.82527210290436,59.10918937072331,,53.348152264517914,46.651847735482086,0.8784043436760092,6.882814824711092,,179.41745070241012,-5.828695862569555,0.31921122031500315,3.1751302952972766,0.1774761505445499,0.6248856926695983,1.7478538852135697,13.55182879245385,12.00257094968893,2.7659994441819786,0.36689241515717624,-0.17306251416101223,False,False,False,False,False,False,False,False,False,False,False,False,False,False,False,True,True,False,False,False,False,False,False,False,False,False,False,False,True,False,False,False,False,False,False,True,True,False,False,False,False,False,False,False,False,False,True,False,False,False,True,False,False,False,11,True,2,Lower-Mid
2024.0,525.6,45.0,663.7,238.5,898.9,360.2,344.5,2009.9,188.4,453010.0,334413.0,1412.8,DEU,1440.8,570.3,6.0,45301010.0,63.0,292.3,4530.0,121.7,2024-12-31,5084.4,SILTRONIC AG,2869.2,3.825,83.1,319865,699.9,82.5,DE000WAF3001,1198.2,1412.8,73.1,3820.8,40.9,3674.0,2009.9,360.2,308.3,366.6,2.3935960978679884,3.134484302701627,8.61409966024915,25.495469988674973,4.459229898074745,25.495469988674973,36.37457531143828,3.5268206450865045,2.1009994739610733,1.560406803436788,1.1637734525688237,1.806593021216904,12.349539768704275,0.716851584655953,0.7578984029056172,39.53072142239006,56.43143733773896,2.975550122249389,2.3864519711271512,29.96027063173629,0.2778695617968689,369.359477124183,7.498938428874734,48.67355605889015,270.4416761041903,2.2500398152572063,2.91566655854687,16.75910628589411,49.53992072480181,2.9345911949685535,-355.4,-25.15571913929785,203.16400580551522,283.07313064913717,2.529678093437484,5.881936579841449,9.523809523809524,90.47619047619048,-6.6719513806315245,12.863770560944744,-2.0987970309700454,-50.00703333802223,-41.61661661661662,1.3043987376036914,0.02857687177787374,6.12410903989961,-4.0532578301195255,10.982404135082342,0.28275825618027317,6.775627409330502,8.47179587857436,0.15517386689275128,0.1554490730765204,False,False,False,False,False,False,False,False,False,False,False,False,False,False,False,False,False,False,False,False,False,False,False,False,False,False,True,False,False,False,True,False,False,False,False,False,False,False,False,False,False,False,False,False,False,False,False,True,True,False,False,False,False,False,11,True,2,Lower-Mid
2024.0,-80.238,20.0,8.131,32.682,639.842,54.707,93.863,542.572,122.29,202010.0,423420.0,1053.715,DEU,76.347,188.791,,20201060.0,-41.285,,2020.0,22.025,2024-12-31,922.733,TAKKT AG,380.161,,,244398,11.851,45.822,DE0007446007,253.303,1053.715,203.817,105.6,7.398,5040.0,542.572,54.707,112.468,0.0,2.3869309973741046,-7.609128373745788,2.0902236373212872,5.191821317908543,-3.9180423549062127,5.191821317908543,39.27750862424849,3.558623987953189,1.3417112044536021,0.7459836538818058,0.04306879035547245,0.04306879035547245,6.991404880935222,0.14071312194510588,0.22516642952456078,58.80054143506301,41.19945856493699,2.9771559881048932,2.084523004368728,13.239907969044134,1.1419500548912849,,8.616526289966473,42.360457998604936,10.021685180527943,16.333627852182538,5.689102678095102,14.13420783693658,1.1246874154776199,0.36261550700691514,82.012,7.783129214256228,12.625848310836007,426.16572077185015,1.7006646122542262,,,,-15.088379514164496,-8.3519231800656,,-9.418040844277053,-25.47478304615771,-0.8906813425784554,-0.03542728508959511,-0.05087707498181856,-0.16035910790212463,3.230778385588403,0.14633268013278283,10.172281689286066,2.1525713808397575,0.8360323023464974,0.13477653990459565,False,False,False,False,False,False,False,False,False,False,False,False,False,False,False,False,False,False,False,False,False,False,False,False,False,False,False,False,False,False,False,False,False,False,False,False,False,False,False,False,False,False,False,False,False,False,False,False,False,False,False,False,False,False,11,True,2,Lower-Mid
2024.0,159.764,25.0,219.846,71.519,1657.367,111.292,25.665,251.575,354.442,251010.0,336360.0,1921.727,DEU,588.86,667.94,,25101010.0,-47.812,18.896,2510.0,39.773,2024-12-31,1699.792,GRAMMER AG,1432.868,12.0,74.034,213034,62.163,107.438,DE0005895403,772.589,1921.727,176.161,445.825,40.938,2531.0,251.575,111.292,172.314,0.0,2.3398745258243365,-19.005068071151744,2.069648810679144,5.791249225306196,-2.4879704557411118,5.791249225306196,13.756376425995997,4.732430229583491,1.1566742521783393,0.8986959906578436,0.3291403419468814,0.3291403419468814,6.156576804691398,2.34069363013018,2.76775514260161,14.800340276928,84.29666688630138,0.9715423323073917,4.281098371850627,40.96371791372121,1.130565975131075,160.14391666666668,5.421837705463799,67.3203477913356,23.199184899832286,18.36354862444935,9.618295669533525,33.785780848480286,3.234746662767396,0.8691816160740501,-36.498,-1.8992291829172403,242.2092343658679,64.528700374626,6.756601411110007,3.8524722814426813,,,-16.62384462932689,10.77742027774644,-14.56642460486971,-164.26835710512412,-17.79773081907382,-0.3147518253336986,0.14715084944613663,0.09658846341300374,-0.17602854527156836,1.9117388748657056,0.5661857006197091,1.5098906219113868,2.880809907428363,0.29817556910730064,-0.20696431483562872,False,False,False,False,False,False,False,False,False,False,False,False,False,False,False,False,False,False,False,False,False,False,False,False,False,False,False,False,False,False,False,False,False,False,True,False,False,False,False,False,False,False,False,False,False,False,False,False,False,False,False,False,False,False,11,True,2,Lower-Mid
2024.0,41.3,20.0,62.0,83.4,1329.5,118.5,101.7,847.9,245.4,201060.0,3336.0,1813.7,DEU,131.7,574.3,23.6,20106010.0,42.0,0.8,2010.0,35.1,2024-12-31,1683.3,DEUTZ AG,835.4,,100.4,100301,64.2,155.9,DE0006305006,745.8,1813.7,254.7,380.8,20.9,3510.0,847.9,118.5,431.6,0.0,2.0851898057387275,4.953414317726147,1.9352704416386393,6.533605337156089,2.3157082207641837,6.533605337156089,26.69680763080995,3.5830951408738265,1.2986244123280515,0.5471008183876023,0.1079575134946892,0.1079575134946892,10.188320560803184,0.1553249203915556,0.33919094232810476,50.371294481078834,49.628705518921166,1.6794258373205744,1.9037974683544305,17.08548684132359,1.0774668805322878,,7.39079054604727,49.38578596239731,20.995754534928597,10.575510204081633,3.080398517145505,18.261747757381332,3.5397254231681092,0.7697841726618705,37.5,2.067596625682307,63.12684365781711,289.7435897435897,1.985257695482958,5.535645365826763,56.19047619047619,43.80952380952381,-12.092865451725466,5.854609483083872,,-49.18699186991871,-1.2307692307692242,0.16627029306584631,0.02387182317505559,-0.15034434194775279,-0.09969958493300726,2.922952849647946,0.10627239188455705,6.041703796114775,2.1762461491344536,0.03559413064403613,-0.03947328670521117,False,False,False,False,False,False,False,False,False,False,False,False,False,False,False,False,False,False,False,False,False,False,False,False,False,False,False,False,False,False,False,False,False,False,False,False,False,False,False,False,False,False,False,False,False,False,False,False,False,False,False,False,False,False,11,True,2,Lower-Mid
2015.0,874.428,20.0,421.822,96.333,1170.277,139.665,318.052,-69.528,327.039,201040.0,333611.0,1589.278,DEU,870.727,1129.736,,20104020.0,-102.598,,2010.0,43.332,2015-12-31,2126.193,REPOWER SYSTEMS SE,2195.55,3.912,25.46,251958,16.465,5.982,DE0006177033,1224.75,1589.278,154.67,176.117,41.95,3510.0,-69.528,139.665,416.552,2.421,2.038008779071326,147.56357151075827,2.726521099518146,8.787952768489841,-6.4556358296031275,8.787952768489841,26.36423583539192,5.4083941692388535,1.084102834644554,0.7153866035958842,0.3733810376937621,0.3755240162303405,4.468738256592881,-12.523400644344724,-12.609437924289493,-3.270070026568613,103.2620274829237,1.032943980929678,3.2569863602190954,41.23374500809662,0.7474758876546014,406.2571574642127,4.859597784973658,75.10909670932335,11.081572890331332,16.72677710653169,2.809437957325856,35.22074430684326,1.0360050286985663,0.1709175464274963,301.58700000000005,18.976352784094416,5.176826430898092,733.9887381150189,,1.6019853040185543,,,-19.12116522502927,38.102234442013064,12.835304297663686,273.6535626231215,-58.093662509544416,-1.575698933847265,-6.328776814451174,-0.6731706042318041,7.65063661931683,1.6410025050674593,7.303401867452708,14.95875492017893,4.279496833992412,0.92199378651658,,False,False,False,True,False,False,False,False,False,False,False,False,False,False,False,True,True,False,False,False,False,False,False,False,False,False,False,False,False,False,False,False,False,False,False,True,False,False,False,False,False,False,False,False,False,False,True,False,True,False,True,False,False,False,3,True,2,Lower-Mid
2024.0,302.727,25.0,615.792,44.925,5547.187,86.975,-219.725,612.875,414.441,255040.0,441120.0,6271.911,DEU,925.4,665.355,,25504050.0,20.894,,2550.0,42.05,2024-12-31,2208.487,AUTO1 GROUP SE,1595.612,,,346413,15.88,248.153,DE000A2LQ884,1745.496,6271.911,445.741,143.801,24.5,5500.0,612.875,86.975,696.731,2.414,1.9040184524518369,3.4091780542524983,0.6704495647339384,1.3867384278890438,0.3331361047693438,1.3867384278890438,11.55507468138499,2.733581446750418,2.6234055504204523,1.5762487694539007,0.9255089388371621,0.9291370771993898,48.90864197978073,1.509932694268815,1.914832551499082,27.750899144980252,72.24910085501975,1.7163265306122448,6.412888761138257,53.138325016176225,2.839913026429406,,15.13342309279246,24.118799676844905,2.292778070352082,5.806566920429832,7.961734155649741,46.64881432401458,0.2531923683228286,0.35347801892042297,-235.605,-3.7565105754848878,,-522.5326991676576,3.603486844788905,,0.0,100.0,14.810551664108473,29.553812518075183,,220.6339053632912,-12.031907821847987,0.5171088323214388,0.08273871032581356,0.036245723881349855,-0.08480501150680447,1.8035834866110145,23.12003853184818,-9.949119012246847,13.997927779574384,0.6165278140185146,-0.6870045561163935,False,False,False,False,False,False,False,False,False,False,False,False,False,False,False,False,False,False,False,False,False,False,True,False,False,False,False,False,False,False,False,False,False,False,False,True,False,False,False,False,False,False,False,False,False,False,False,False,False,False,True,True,False,False,9,True,2,Lower-Mid
2024.0,33.214,55.0,93.088,62.566,1506.518,90.445,49.506,378.966,270.851,551030.0,221122.0,1787.197,DEU,256.7,264.951,11.062,55103010.0,35.94,6.113,5510.0,27.879,2024-12-31,1732.074,PFALZWERKE AG,1347.032,1.492,,220307,134.034,10.628,,441.204,1787.197,146.151,793.789,3.177,4911.0,378.966,90.445,19.184,0.0,1.609573263036106,9.483700384731083,1.5599287599520366,5.0607179846429915,2.0109702511810394,5.0607179846429915,15.704983837819775,4.385793797371576,1.665228664922948,1.592822823842899,0.3513404365335477,0.3513404365335477,10.175835443520311,0.6773694737786503,0.7054142060237593,21.879319243866025,77.76988742975183,8.7752596789424,1.9264746531040964,15.433982612752109,1.0318248527487854,1197.853217158177,6.598450808747244,55.31601440691765,44.41530508388275,10.1399522277635,78.52992076730608,21.01174661128797,7.4996768683027115,2.142281750471502,-84.52799999999999,-4.729640884580714,270.7429402496667,177.5745184547509,4.570526115799306,,30.779076238174735,69.22092376182526,-9.603162680691558,-2.583562522145544,6.0412224591329,5505.305039787761,0.8714892079833669,-0.03382912737714257,-0.024185162627496006,0.44478561343587464,-0.39341158594315784,1.2853282924683083,0.1731064487616404,2.8581919710127854,1.5646567341546296,0.007619845070686371,-0.40180405290175586,False,False,False,False,False,False,False,False,False,False,False,False,False,False,False,False,False,False,False,False,False,False,False,False,False,False,False,False,True,False,False,False,False,False,True,False,False,False,False,False,False,False,False,True,False,False,False,False,False,False,False,False,False,False,11,True,2,Lower-Mid
2021.0,48.5,35.0,1909.4,73.1,8464.8,142.1,0.9,2492.6,978.5,351020.0,424210.0,9257.1,DEU,160.2,2277.8,,35102010.0,-54.3,,3510.0,69.0,2022-03-31,5102.1,MCKESSON EUROPE AG,2582.3,6.808,90.4,101768,28.4,31.7,DE000CLS1001,4150.0,9257.1,447.8,352.9,16.0,5122.0,2492.6,142.1,583.2,0.0,1.3523843123419768,-2.1784482066918076,0.745373821175098,1.5350379708548032,-0.5865767897073597,1.5350379708548032,8.558835920536682,2.60102533172497,1.8219334445517603,1.565896918078848,0.8382649925366582,0.8382649925366582,36.69469434154563,0.06427023991013399,0.07698788413704565,48.85439328903784,50.61249289508242,4.3125,-12.08655876143561,3.761196370122106,1.8143705533015817,1359.7385428907169,9.460500766479305,38.58146719815061,3.812209007140465,4.94450379232988,14.514403292181068,56.60218341467239,0.3067915437880113,0.38850889192886456,-27.5,-0.29706927655529264,3155.555555555555,1.3043478260869565,2.046898820508706,0.9765477309308532,,,-44.7274616225124,-27.60206036354348,-67.87466968667421,-110.4881769641495,-71.68494516450647,-0.19183236718778285,-0.020285868105718145,-0.037385091916835644,-0.0029209578354072556,0.6099293688920165,0.24383705001130732,0.01763979537837361,1.842429168166284,0.593520782858094,0.7031971053714129,False,False,False,False,False,False,False,False,False,False,False,False,False,False,False,False,False,False,False,False,True,False,False,False,False,False,False,False,False,False,False,False,False,False,True,False,False,False,False,False,True,False,True,False,False,False,False,False,False,False,False,False,False,False,8,True,2,Lower-Mid
2024.0,-39.9,55.0,26.2,62.7,2615.8,103.0,127.7,1046.7,403.9,551030.0,221310.0,2980.4,DEU,319.5,866.7,,55103010.0,117.2,21.9,5510.0,40.3,2024-12-31,2996.6,GELSENWASSER AG,1948.7,1.842,,101161,93.7,97.5,DE0007760001,868.8,2980.4,175.4,1020.8,24.0,4941.0,1046.7,103.0,73.7,0.0,1.3448575051725289,11.19709563389701,1.3521674942960675,3.4559119581264257,3.9323580727419136,3.4559119581264257,12.23325728090189,2.9497877323964277,1.002422983731395,0.9173877927772007,0.03022960655359409,0.03022960655359409,0.0700794233464563,0.3052450558899398,0.3983949555746632,34.9295868651138,65.0303677501168,1.6791666666666665,3.7941747572815534,13.915771207368351,0.9945938730561303,1618.0238870792616,7.379054221341917,49.464333646490395,34.250436183062675,1419.2380952381568,35.492537313432834,14.352933324434359,3.1438733055965646,1.4944178628389155,34.0,1.1407864716145484,73.37509788566953,316.87344913151367,2.862902455335817,,0.0,100.0,-26.773297953367237,-24.205787130716306,5.6192660550458795,-17.07317073170732,14.129110840438507,-0.45026659982584105,0.042631376540111295,-0.35351469118289625,-0.848685611359465,1.763618955958961,0.1565532340592288,4.261496362544217,2.509043149246491,0.7170057433575504,0.04837761147486278,False,False,False,False,False,False,False,False,False,False,False,False,False,False,False,False,False,False,False,False,False,False,False,True,False,False,False,True,False,False,False,False,False,False,False,False,False,False,False,False,False,False,False,False,False,False,False,False,False,False,False,False,False,False,11,True,2,Lower-Mid
2024.0,-625.0,30.0,816.0,755.0,25222.0,907.0,1079.0,1668.0,966.0,301010.0,4244.0,31029.0,DEU,2866.0,6498.0,,30101020.0,-120.0,,3010.0,152.0,2024-09-30,11736.0,METRO AG,10067.0,80.951,43.0,324977,378.0,1153.0,DE000BFB0019,4544.0,31029.0,5347.0,5404.0,205.0,5140.0,1668.0,907.0,2258.0,22.0,1.2951601908657124,-7.194244604316546,0.48986432047439493,2.9230719649360277,-0.38673498984820653,2.9230719649360277,18.714750717071126,3.3524481693868546,0.6992920898738073,0.3518005540166205,0.12557710064635272,0.12896275777162203,-16.64962508520791,1.7182254196642686,2.40947242206235,14.212678936605316,85.77880027266531,0.7414634146341463,3.5314222712238146,34.24505794137696,2.6439161554192228,383.3059505132735,32.12111801242236,11.36324083921493,17.415965709497566,,11.170062001771479,15.184049079754603,1.2182152180218504,0.5006622516556292,701.0,2.2591768990299395,35.032437442075995,709.8684210526316,7.0359712230215825,0.13858003802894067,,,1.56459690353834,0.7554945054945028,-1.0790136129237404,111.14457831325302,-2.8277634961439535,-0.14996869248568365,-0.32753590910055747,-0.07472043322469782,0.11418151320475307,0.6057903226135065,2.3519599327908947,9.193933197000682,1.2170855916199268,0.6741386588581022,-0.28151864859605574,False,False,False,False,False,False,False,False,False,False,False,False,False,False,False,False,False,False,False,False,False,False,False,False,True,False,False,False,False,False,False,False,False,False,False,True,False,False,False,False,False,False,False,False,False,False,True,False,False,False,True,False,False,False,11,True,2,Lower-Mid
2024.0,-165.813,55.0,1.247,13.215,1061.984,32.615,110.958,553.362,179.089,551010.0,2211.0,1175.02,DEU,0.0,1053.733,99.245,55101010.0,120.931,,5510.0,19.4,2024-12-31,1736.552,LECHWERKE AG,1183.19,0.459,,101148,,0.0,DE0006458003,191.879,1175.02,57.081,168.989,38.363,4911.0,553.362,32.615,3.785,0.0,1.1171562959243373,21.85386781166759,1.6510357270514544,2.775697434937278,10.291824820003063,2.775697434937278,9.619921363040634,3.505842468402239,0.18209451540380722,0.17850252388413385,0.0011834117371288554,0.0011834117371288554,-49.630186714823395,0.0,0.0,31.865558877591916,68.13444112240809,0.505695592106978,-0.03823394143798866,0.0,0.6766396859984614,2559.9564270152505,6.561095321320684,55.63095521778353,14.38179775663393,,280.5770145310436,10.384716380505738,,,,,,571.9484536082475,3.138184407313838,,82.06745995650412,17.932540043495877,-19.977662229758952,-2.234437781810017,20.15706806282722,,,-0.6126584818850448,-0.0018825456209900493,-0.3127147815135582,0.4322722775764677,2.6375583772359263,0.007521093711777124,6.389558158926424,2.7573588633657264,0.5935064248640239,0.02811065507734367,False,False,False,False,False,False,False,False,False,False,False,False,False,False,False,False,False,False,False,False,False,False,False,True,False,False,False,False,True,False,False,False,False,False,False,True,False,False,False,False,False,False,False,False,False,False,False,False,False,False,False,False,False,False,11,True,2,Lower-Mid
2024.0,-59.248,25.0,124.399,108.07,1295.94,119.706,168.022,636.859,233.211,251010.0,339991.0,1803.136,DEU,320.667,602.484,9.504,25101010.0,-137.849,0.029,2510.0,11.636,2024-12-31,1759.303,ELRINGKLINGER AG,1073.971,9.078,133.038,220295,108.317,44.687,DE0007856023,851.562,1803.136,263.662,715.129,26.431,3050.0,636.859,119.706,419.759,12.7,0.6613982923919302,-21.64513652158484,0.6453201533328601,6.638767125718747,-7.644958561084687,6.638767125718747,28.128549371761192,1.2152150437690463,1.4134184476268248,0.7167045099952861,0.20647685249732772,0.22755625045644362,14.157765887968129,0.5035133365470221,0.5736811444919518,36.19950628174908,61.045254853768796,0.4402406265370209,2.012889913621706,20.766974193757413,1.024914980534905,198.62701035470369,7.731779375758433,47.20776192145241,39.66029184709306,7.239242325697171,3.0873429753739647,20.326799874723115,6.007145329026762,1.0022855556583696,59.705,3.3111756406616033,64.46596279058696,1443.984187005844,2.7624686155020184,7.378145630723362,,,-2.3812204946078164,-12.393031092378804,-5.200501253132838,2.0790234061105695,52.10498230635285,-0.8535960562738824,-0.01185165207261132,-0.841471770727287,0.709805219909235,3.3785085388782212,0.13358232103760886,9.550486755266146,2.782741537123024,0.7021783634218506,-0.5065758480843952,False,False,False,False,False,False,False,False,False,False,False,False,False,False,False,False,False,False,False,False,False,False,False,False,False,False,False,False,False,False,False,False,False,False,False,True,False,False,False,False,False,False,False,False,False,False,False,False,False,False,False,False,False,False,11,True,2,Lower-Mid
2024.0,331.9,15.0,1002.2,319.1,6847.8,382.6,408.4,4441.4,1730.5,151040.0,331110.0,10011.7,DEU,465.4,3531.7,,15104050.0,-352.2,,1510.0,63.5,2024-12-31,10465.3,SALZGITTER AG,6016.5,23.868,82.0,102259,968.7,1290.1,DE0006202005,5473.6,10011.7,2072.8,1899.3,93.6,3312.0,4441.4,382.6,2740.9,0.0,0.6067671256437943,-7.929932003422345,0.6342579182356642,3.82152881129079,-3.5178840756315113,3.82152881129079,31.602025630012886,1.2941224423249371,1.54984851487952,0.7737633434323414,0.2837726873743523,0.2837726873743523,18.555607579333614,0.10478677894357635,0.39525825190255326,42.43929939896611,57.489990731273835,0.6784188034188035,1.9688970203868268,16.774483292404422,0.9566567609146418,419.46120328473273,5.785437734758741,63.08943536062806,18.97080415913381,5.155620783768473,2.4983764456930206,26.112008255855063,9.675679455037606,3.0357254779066123,-560.3000000000001,-5.59645215098335,237.19392752203726,643.1496062992126,2.3563065700004504,0.819041721186212,,,-7.2174598026041314,-0.3494572462388157,-2.7819640747831054,-499.6433666191155,28.85075818036713,0.2299054776241523,0.012350929816686536,0.35923499141751786,-0.3797672340089985,3.2800788438299886,0.08542884242603051,3.902420379731111,2.275773515453363,0.05404092280611452,-0.3859980721716331,False,False,False,False,False,False,False,False,False,False,False,False,False,False,False,False,False,False,False,False,False,False,False,False,False,False,False,False,False,False,False,False,False,False,True,True,False,False,False,False,False,False,False,True,False,False,False,False,False,False,False,False,False,False,11,True,2,Lower-Mid
2024.0,-565.0,15.0,509.0,842.0,11045.0,910.0,870.0,6658.0,2290.0,151010.0,325211.0,14179.0,DEU,2437.0,3576.0,,15101050.0,-266.0,75.0,1510.0,68.0,2024-12-31,13631.0,COVESTRO AG,6952.0,17.503,392.0,320448,781.0,702.0,DE0006062144,5766.0,14179.0,1870.0,5898.0,160.0,2821.0,6658.0,910.0,2851.0,0.0,0.4988628860685203,-3.9951937518774407,0.4795824811340715,6.417942026941251,-1.8760138232597503,6.417942026941251,22.103110233443825,0.7476635514018692,1.6124161073825503,0.8151565995525727,0.142337807606264,0.142337807606264,16.06631941897146,0.36602583358365876,0.471462901772304,48.84454552123835,51.00139388159343,0.425,2.89010989010989,23.02839116719243,1.0402024796419924,810.0896989087585,6.191703056768559,58.9498554199873,41.596727554834615,6.474429223744292,3.8740792704314275,20.534076736849826,5.508145849495733,0.9275534441805225,89.0,0.6276888356019465,89.77011494252874,1279.4117647058824,2.0473115049564434,2.7646519500670004,,,-1.377199693955622,-0.04399794676248625,8.17007601507942,-61.63793103448276,2.091503267973849,-0.7668193612743537,-0.10558126345922565,0.12096335271390217,-0.7485806712997983,6.191469390614984,0.6845625915860161,6.382510454111951,5.464956741910282,0.16872963392890875,0.38143987000974205,False,False,False,False,False,False,False,False,False,False,False,False,False,False,False,False,False,False,False,False,False,False,False,False,False,False,False,False,False,False,False,False,False,False,False,True,False,False,False,False,False,False,False,False,False,False,False,False,False,False,False,False,False,False,11,True,2,Lower-Mid
2024.0,-97.0,15.0,615.0,560.0,4508.0,583.0,508.0,4586.0,1043.0,151010.0,325.0,6366.0,DEU,2428.0,1773.0,,15101020.0,-177.0,,1510.0,23.0,2024-12-31,9711.0,LANXESS AG,5119.0,12.338,104.0,271763,320.0,584.0,DE0005470405,3449.0,6366.0,1177.0,2140.0,47.0,2800.0,4586.0,583.0,1348.0,0.0,0.23684481515806816,-3.8595726122982987,0.36129437637448947,9.158027018535972,-2.7803958529688972,9.158027018535972,29.186302230600063,0.32791559737667525,1.9452904681331078,1.1849971799210377,0.34686971235194586,0.34686971235194586,17.258778704561838,0.5294374182293938,0.6567815089402529,47.22479662238698,52.71341777365873,0.48936170212765956,4.111492281303602,31.016373185047886,0.6555452579548965,515.9669314313503,6.103547459252157,59.801288092994035,33.616085453974236,3.7983293556085918,3.344213649851632,17.073421892699,5.026704366949419,0.5714285714285714,188.0,2.9531888155827835,62.99212598425197,2208.695652173913,2.1175316179677277,1.6336789192585612,,,-5.183199285075957,0.47594412829798927,12.35770876969311,-63.28125,-1.8404907975460127,-0.5081288468194866,-0.022332934506128475,-0.14407214250934824,-0.05301699421945929,2.958311804424543,0.18518384752209463,5.231181134795593,2.6774683386281595,0.3245282395020797,0.26489027008770094,False,False,False,False,False,False,False,False,False,False,False,False,False,False,False,False,False,False,False,False,False,False,False,False,False,False,False,False,False,False,False,False,False,False,False,True,False,False,False,False,False,False,False,False,False,False,False,False,False,False,False,False,False,False,11,True,2,Lower-Mid
2024.0,,20.0,0.0,,8.449,-1.138,,2111.461,367.934,201040.0,3351.0,8.887,DEU,525.0,458.122,,20104010.0,0.0,,2010.0,-1.138,2024-12-31,3481.883,OSRAM LICHT AG,1370.422,0.024,,315541,,0.0,DE000LED4000,367.934,8.887,2.919,0.037,24.067,3640.0,2111.461,-1.138,0.0,0.0,-0.03268346466552724,0.0,-12.805221109485764,-12.805221109485764,0.0,-12.805221109485764,4.928547316304721,-0.04316392315304493,0.803135409345109,0.803135409345109,0.0,0.0,-2.590207654880994,0.24864300122048197,0.24864300122048197,60.641354117872424,39.358645882127576,-0.0472846636473179,,15.078048285941831,0.002552354573660287,370.2916666666667,0.024153788451189616,15111.501068977157,0.41633847192528406,,,10.567098320075662,,,,,,,1.6490396933687148,,,,,10.338899476680673,0.0,,,,0.030081994470008692,-0.016148377390151084,-0.8746350479882355,,0.14640872048535256,,4.214743466936388,,-0.14746789339996336,False,False,False,False,False,False,False,False,False,False,False,False,False,False,False,False,False,False,False,False,False,False,False,False,False,True,False,False,False,False,False,False,False,False,False,False,False,False,False,False,False,False,False,False,False,False,False,False,False,False,False,False,False,False,11,True,2,Lower-Mid
2024.0,-1640.0,15.0,5879.0,770.0,30188.0,631.0,1353.0,9583.0,5222.0,151040.0,331.0,35041.0,DEU,650.0,11852.0,93.0,15104050.0,-1506.0,,1510.0,-139.0,2024-09-30,29333.0,THYSSENKRUPP AG,18975.0,98.12,689.0,103176,1525.0,823.0,DE0007500001,20918.0,35041.0,4227.0,4403.0,65.0,3390.0,9583.0,631.0,8434.0,12.0,-0.4738690212388777,-15.715329228842743,-0.3966781769926657,1.8007476955566335,-4.297822550726292,1.8007476955566335,13.849490596729547,-1.3583504348675852,1.764934188322646,1.053324333445832,0.4960344245696929,0.49704691191360106,30.90716939965227,0.06782844620682459,0.15370969425023479,32.669689428288955,64.6882350935806,-2.1384615384615384,-6.98256735340729,5.021647973272423,1.194593120376368,357.12392988177737,6.7102642665645345,54.39428098513171,12.565280671213722,3.8651003750275756,3.5793217927436567,37.844748235775405,4.352044747581404,1.9805194805194806,-172.0,-0.49085357153049286,112.71249076127125,,3.060941250130439,1.9662680859564512,,,-6.64695225916454,-11.88909915592803,-1.861353657194853,-146.9945355191257,-10.188457008244988,-0.4866538935409118,-0.3269394328331497,0.17879103014873715,-0.22430985034253376,5.4900506186340134,1.4504766397896958,4.612552415368357,4.033652808264548,0.08643316027323589,-0.5552316299129579,False,False,False,False,False,False,False,False,False,False,False,False,False,False,False,False,False,False,False,False,False,False,False,False,False,False,False,False,False,False,False,False,False,False,False,False,False,False,False,False,False,False,False,False,False,False,True,False,False,False,False,False,False,False,11,True,2,Lower-Mid
2024.0,5752.0,20.0,4684.0,3035.0,25325.0,2563.0,4567.0,17116.0,3607.0,203040.0,482111.0,26203.0,DEU,33330.0,25066.0,,20304010.0,-1787.0,,2030.0,-472.0,2024-12-31,83898.0,DEUTSCHE BAHN AG,66695.0,227.895,163.0,221614,17874.0,4793.0,,22598.0,26203.0,739.0,43633.0,935.0,4011.0,17116.0,2563.0,2185.0,514.0,-0.5625879043600562,-10.44052348679598,-1.8013204594893715,9.781322749303515,-6.8198297904820055,9.781322749303515,3.350761363202687,-0.9356539666177696,0.901539934572728,0.8143700630335913,0.18686667198595708,0.2073725365036304,-2.9416672626284295,1.9473007712082262,2.22733115213835,20.40096307420916,79.49533957901261,-0.5048128342245989,13.046820132657043,45.439700588810226,0.31231972156666427,114.9783891704513,7.26448572220682,50.24443765980995,166.519100866313,,11.590389016018307,9.882237955612768,68.21356333244285,5.889291598023064,-13307.0,-50.78426134412091,391.3728924895993,,4.901729376022435,0.6220661756287448,,,-42.01721581730875,8.2946096654275,-25.145589930727773,1.1170212765957421,10.30609725993581,-0.6138444855094198,0.1664278556428696,2.826218004104268,-2.5064489113267965,3.545165686302901,0.9874345302017017,5.443514744094019,1.5074311312744262,0.32978912341762556,-0.32266721792438124,False,False,False,False,False,False,False,False,False,False,False,False,False,False,False,False,False,False,False,False,True,False,False,False,False,False,True,False,False,False,True,True,True,True,True,False,False,False,False,False,False,False,False,False,False,False,False,True,True,False,False,False,False,False,11,True,2,Lower-Mid
2015.0,32.892,20.0,801.819,61.638,2445.023,45.313,63.58,522.571,637.346,201030.0,236220.0,3270.03,DEU,0.0,1185.562,,20103010.0,35.098,,2010.0,-16.325,2015-12-31,1907.528,ZUBLIN ANLAGEN & PROJEKTE AG,1383.882,13.983,1.749,220293,88.395,106.455,,1518.048,3270.03,678.737,313.786,6.243,1540.0,522.571,45.313,67.732,0.0,-0.8558196786626461,6.716407913948534,-0.4992308939061721,1.3857059415357045,1.0733234863288714,1.3857059415357045,25.229340403604862,-3.1239774116818575,1.2804458982322309,1.2233151872276609,0.676319753838264,0.676319753838264,17.430202859407572,0.0,0.20371394509071494,27.395194198984235,72.54845014070567,-2.6149287201665863,-15.34579480502284,5.580783086801347,1.7142762779891043,233.8575413001502,5.130698239260935,71.1404146139332,9.595814105680986,9.83509080081567,36.09849111202977,75.44659894900624,2.703186209300832,1.4340990947142995,-24.814999999999998,-0.7588615394965794,139.02956904687008,,3.6502752735991852,0.0534857478371758,0.0,100.0,0.22966789342160343,4.082256241024229,,-172.56484486943296,-5.85159070817668,,,,,,,3.333109658154428,,,,False,False,False,False,False,False,False,False,False,False,False,False,False,False,False,False,False,False,False,False,True,False,False,False,False,False,False,False,False,False,False,False,False,False,False,False,False,False,False,False,False,False,False,False,False,False,False,False,False,False,False,False,False,False,2,True,2,Lower-Mid
2024.0,-142.386,20.0,120.793,125.791,5519.483,83.748,114.705,1713.743,787.494,201070.0,423510.0,6632.193,DEU,712.706,983.341,19.95,20107010.0,-146.841,1.208,2010.0,-42.043,2024-12-31,3537.881,KLOCKNER & CO SE,1817.166,,,278310,110.252,183.314,DE000KC01000,2256.006,6632.193,543.674,759.316,63.505,5051.0,1713.743,83.748,1290.669,0.0,-1.1883667087728502,-8.568437624544638,-0.6339230477762031,1.2627497420536464,-2.2140640358324917,1.2627497420536464,16.777406809482173,-1.7326966278706044,2.294225502648623,0.9816909902058388,0.12283938125228176,0.12283938125228176,35.97252140476178,0.41587682633860507,0.5228438569843903,48.439814680030224,51.36311820550211,-0.6620423588693803,9.256662845679896,25.32645953891609,1.8746229734691473,,8.421896547783222,43.33940673921884,11.448943056994873,5.211263765405665,4.276451204762801,25.673192512693333,1.6623762306072816,0.876469699740045,4.453000000000003,0.06714219565082022,96.1178675733403,,2.064417476832874,,,,-4.66339409427613,-8.516666015901265,,-98.09181404078625,24.998015940500885,0.10773640244949141,-0.0012993261904905447,0.003428671810000239,0.0587752787113187,2.9009785182162453,0.05851734353754374,3.242194974901643,5.13394025479308,0.015171502685082359,0.04101178367650772,False,False,False,False,False,False,False,False,False,False,False,False,False,False,False,False,False,False,False,False,False,False,False,False,False,False,False,False,False,False,False,False,False,False,False,False,False,False,False,False,False,False,False,False,False,False,False,False,False,False,False,False,False,False,11,True,2,Lower-Mid
2024.0,1579.6,25.0,3808.7,395.8,8569.7,131.3,638.3,2592.3,659.6,253010.0,454110.0,12294.7,DEU,5399.6,3732.7,,25301040.0,-882.4,,2530.0,-264.5,2024-12-31,12420.4,DELIVERY HERO SE,9707.9,42.711,415.2,324859,139.1,267.8,DE000A2E4K43,5196.3,12294.7,3751.2,710.6,316.9,5961.0,2592.3,131.3,174.6,0.0,-2.129561044732859,-34.03927014620221,-2.151333501427444,1.0679398439978203,-7.177076301170422,1.0679398439978203,30.297607912352476,-3.3096009709831202,1.39210223162858,1.3453264393066682,1.020360596886972,1.020360596886972,11.783839489871504,2.0829379315665624,2.1862438760945877,20.871308492480114,78.16092879456377,-0.8346481539917956,14.156130997715161,45.62977037776562,0.9898795529934624,287.85792887078276,18.63963007883566,19.58193367873962,5.779726223494676,8.400314293522818,49.08190148911799,35.975491932626966,1.1313818149283836,0.3514401212733704,499.19999999999993,4.060286139556068,21.79226069246436,,4.79126644292713,3.377064914149999,,,23.665496534867604,18.427124849825518,-4.261185331300998,-398.56459330143537,-5.822613405551791,8.972026520287347,0.3008027572527716,-0.0801579304416634,6.9184227417801,32.619992422082234,1.266528482981589,5.139125954075554,5.329311162187991,0.832158532973581,0.6939970776631674,False,False,False,True,False,False,False,False,False,False,False,False,False,False,False,False,False,False,False,False,True,False,False,False,True,False,False,False,False,False,False,False,False,False,False,False,False,False,False,False,False,False,False,True,False,True,False,False,True,True,False,False,False,False,11,True,2,Lower-Mid
2020.0,-524.0,20.0,789.0,1061.0,8325.0,648.0,570.0,5935.0,1541.0,201060.0,336120.0,10838.0,DEU,679.0,7099.0,16.0,20106010.0,-432.0,5.0,2010.0,-413.0,2020-12-31,18090.0,MAN SE,12155.0,36.569,566.0,100042,362.0,2418.0,DE0005937007,4549.0,10838.0,1805.0,6280.0,82.0,3711.0,5935.0,648.0,2219.0,148.0,-2.283029297954671,-7.278854254422915,-3.8106661745709545,5.978962908285661,-3.985975272190441,5.978962908285661,23.186934858830043,-6.2443302086483214,0.6407944780955064,0.3282152415833216,0.11114241442456683,0.13199042118608253,-14.096185737976782,0.11440606571187868,0.5218197135636057,32.808181315644006,67.191818684356,-5.036585365853658,3.5617283950617282,17.119955776672192,0.5991155334438917,296.3712434028822,7.033095392602206,51.89749031186566,57.94427016054623,,3.751689950428121,12.880044223327806,3.3400996493818043,0.3411875589066918,208.0,1.9191732792028051,63.50877192982456,,3.0480202190395955,5.222365750138402,,,-14.412066650872625,-4.011461318051579,0.6495472435527061,170.12987012987014,-17.35159817351598,-0.6133146416011801,0.025737072473801546,0.052857583896808405,0.657805222079259,2.5504076581144326,0.10117886797582637,3.150912106135987,3.2180062657300605,0.26986976990822675,-0.39052366649835296,False,False,False,False,False,False,False,False,False,False,False,False,False,False,False,False,False,False,False,False,False,False,False,False,False,False,False,False,False,False,False,False,False,False,False,False,False,False,False,False,False,False,False,False,False,False,False,False,False,False,False,False,False,False,7,True,2,Lower-Mid
2024.0,1.3,20.0,137.7,46.7,932.7,8.9,73.4,330.4,359.9,201060.0,333248.0,1274.4,DEU,266.2,606.5,,20106020.0,-70.1,,2010.0,-37.8,2024-12-31,1422.7,KOENIG & BAUER AG,1091.5,5.612,54.5,102365,43.1,116.8,DE0007193500,890.0,1274.4,278.0,229.1,26.0,3555.0,330.4,8.9,382.7,4.0,-2.656919940957334,-21.216707021791766,-2.966101694915254,0.6983678593848085,-5.500627746390458,0.6983678593848085,26.81261770244821,-6.335903452899766,1.4674361088211048,0.8364385820280297,0.22704039571310797,0.23363561417971968,19.926899557180008,0.8056900726392252,1.1592009685230025,23.223448372812257,76.72032051732621,-1.4538461538461538,27.56179775280899,26.920643846207916,0.8957615800941872,227.08481824661442,3.5409836065573774,103.0787037037037,17.977087256748273,4.495238095238095,2.437157042069506,34.97575033387221,3.381983678593848,0.9229122055674518,30.300000000000004,2.3775894538606406,58.719346049046315,,4.305992736077482,4.276522284996861,,,-3.949351823937286,-0.3083175670940963,-2.246995296986576,-136.07142857142858,-17.432950191570885,-0.4195442744605716,0.08786496216116378,0.1466525081213176,-0.0541028431974802,3.9213757803727134,0.33075021247784614,5.159204329795459,3.1307234661994072,0.1259132280354158,0.20098671829975379,False,False,False,False,False,False,False,False,False,False,False,False,False,False,False,False,False,False,False,False,True,False,False,False,False,False,False,False,False,False,False,False,False,False,False,False,False,False,False,False,False,False,False,False,False,False,False,False,False,False,False,False,False,False,11,True,2,Lower-Mid
2022.0,-86.763,25.0,247.024,194.993,4357.033,98.77,62.796,-377.957,674.353,251010.0,335929.0,5093.363,DEU,436.392,2386.093,,25101010.0,-604.904,,2510.0,-96.223,2022-12-31,2661.635,LEONI AG,3039.592,95.09,143.356,101286,222.907,1179.268,DE0005408884,1527.786,5093.363,530.403,769.179,58.844,3357.0,-377.957,98.77,511.992,36.302,-3.6151839001215413,160.04571948660825,-1.889184022422906,1.9391902756587345,-11.876318259664586,1.9391902756587345,14.456656633348143,-164.66672371010526,0.6402877004374935,0.4257143372031183,0.10352655994548411,0.11874055202374763,-32.24735923595834,-1.1546075347195581,-4.274719081800311,-14.200181467406312,114.20018146740631,-1.635221942763918,13.856798623063684,60.70178668374889,1.9136218903042679,53.56360290251341,7.552962617501517,48.3254079868252,15.101593976317806,,8.5099630462976,34.616955367659344,4.376420844145606,1.1431538568051163,-160.11100000000002,-3.143522266133398,354.970061787375,,,2.8145647580979403,,,-0.4993237835380526,-22.831252120112143,-6.196977469123621,1202.9866536458323,37.09592107852784,-1.0817639148309188,0.2062567569801784,-0.19048538903393789,-0.29585360938853095,4.807328580449961,3.3655803941232927,2.3593017074091676,2.9367883662116334,0.3797682293272281,-0.20422928030371243,False,False,False,True,False,False,False,False,False,True,False,False,False,False,False,False,True,False,False,False,True,False,False,False,False,False,False,False,False,False,False,False,False,False,True,False,False,False,False,False,False,False,False,True,False,False,False,False,False,False,True,False,False,False,9,True,2,Lower-Mid
2024.0,-161.421,35.0,396.8,101.1,580.986,22.181,18.22,952.525,204.232,352030.0,541714.0,796.967,DEU,392.743,344.585,,35203010.0,-196.078,,3520.0,-78.919,2024-12-31,1912.502,EVOTEC SE,959.977,4.74,50.451,232623,117.468,46.677,DE0005664809,681.964,796.967,188.201,823.937,14.323,8731.0,952.525,22.181,31.122,90.413,-4.126479344858201,-20.58507650717829,-9.902417540500421,2.783176718734904,-24.60302622316859,2.783176718734904,27.100369275013897,-5.8664147218249445,1.97908788832944,1.8887705500819831,1.1515301014263535,1.4139123873645112,17.640713578338747,0.41231778693472615,0.46132122516469387,49.80517667432505,50.19482332567495,-5.5099490330238075,1.921464316306749,22.97618512294366,0.4167143354621329,168.13649789029535,3.9022631125386815,93.5354663367492,103.38407989289394,2.3622306071213672,18.668016194331983,31.426476939631957,14.739380676991646,1.161899109792285,-99.248,-12.453213244714023,644.7200878155872,,2.0078234167082227,6.330375034348975,,,1.9887999631442943,-15.093044607070993,-6.342620035566093,-43.890277133908484,-44.93369147903863,-0.8325694190209383,0.03863097794431662,1.9179508914088061,-2.290958640246113,9.297187349360202,0.2626236081321498,0.9526787422967401,7.231034069487787,0.08821256077322058,-0.12149034181171033,False,False,False,False,False,False,True,False,False,False,False,False,False,False,False,False,False,False,False,False,False,False,False,False,False,False,False,False,False,False,False,False,False,False,True,False,False,False,False,False,False,False,False,False,False,False,False,True,False,False,False,False,False,False,11,True,2,Lower-Mid
2024.0,-436.0,20.0,355.5,302.4,18989.3,-158.9,941.5,-263.9,1463.6,201050.0,424510.0,21181.7,DEU,2051.7,7773.1,,20105010.0,-1155.2,,2010.0,-461.3,2024-12-31,10852.4,BAYWA AG,10817.1,22.111,2.1,100010,601.2,3728.7,DE0005194062,7109.3,21181.7,1709.3,2728.7,546.6,9997.0,-263.9,-158.9,2918.4,0.9,-4.250672662268254,437.7415687760516,-2.177823309743788,-0.7501758593502882,-5.4537643343074445,-0.7501758593502882,10.350444015352881,-25.802662490211436,0.9146029254737492,0.5391542627780421,0.04573464898174473,0.045850432903217504,-6.116619365301687,-7.774535809018568,-21.9037514209928,-2.431720172496406,99.6747263278169,-0.8439443834613977,,53.26379418377501,1.9517986804762082,957.9711455836461,14.472328505056028,25.22054414895877,12.88234655386489,,6.5067502741228065,16.76219085179315,2.8382990978061255,1.9880952380952384,340.29999999999995,1.606575487331045,63.85554965480617,,,0.009914218405510418,,,-11.710911872220342,-13.310487510684021,-4.463359834082259,-492.95612009237857,11.004431314623343,-0.03931910422043276,-0.8098200228053252,0.13855683625482126,0.1168159615733018,1.031984378037889,8.028889319410508,8.675500350152962,4.881921896458088,0.015968115640003326,0.1816939575119068,False,False,False,True,False,False,False,False,False,True,False,False,False,False,False,True,True,False,False,False,False,False,False,False,False,False,False,False,False,False,False,False,False,False,False,False,False,False,False,False,False,False,False,True,False,False,True,False,False,False,True,False,False,False,11,True,2,Lower-Mid
2019.0,-2791.0,55.0,1285.0,1261.0,27270.0,-1730.0,1574.0,7426.0,5527.0,551030.0,22111.0,33535.0,DEU,15277.0,17339.0,,55103010.0,-88.0,,5510.0,-2991.0,2019-12-31,48464.0,INNOGY SE,39640.0,34.523,352.0,322597,1856.0,2623.0,DE000A2AADD2,20119.0,33535.0,3253.0,12885.0,511.0,4931.0,7426.0,-1730.0,492.0,717.0,-6.171591284252228,-1.185025585779693,-8.919039809154615,-5.1587893245862535,-0.2624124049500522,-5.1587893245862535,18.68197405695542,-13.174470334317052,1.1603321990887594,1.1319568602572236,0.07411038698886903,0.11546225272507064,5.736216573126445,2.057231349313224,2.4104497710746027,15.322713766919776,81.79267084846484,-5.853228962818004,,36.93463189171344,0.6919569164740839,971.3813979086406,6.067486882576443,60.156701953183244,38.42254361115253,12.06294964028777,55.426829268292686,14.05579399141631,5.534516177128373,1.471847739888977,-282.0,-0.8409124794990308,117.91613722998729,,6.526259089684891,1.0496496198002088,,,-4.357870119499186,-2.8271243533704915,-19.534309155323516,129.2682926829268,-30.952380952380953,-2.6073795855329838,0.3078057027016783,0.33343687287587087,-0.5562945140016146,5.898614840057967,0.6047896808554947,3.2477715417629582,0.9119385548062038,0.6838746222982153,0.5242867155408714,False,True,False,False,False,False,False,False,False,False,False,False,False,False,False,False,False,False,False,False,False,False,False,False,False,False,False,False,False,False,False,False,False,False,False,False,False,False,False,False,False,False,False,False,False,False,False,False,False,False,False,False,False,False,6,True,2,Lower-Mid
2024.0,117.227,45.0,208.957,38.758,1238.436,-59.294,-112.823,553.316,241.575,453010.0,335999.0,1529.999,DEU,41.058,699.393,,45301010.0,-117.728,,4530.0,-98.052,2024-12-31,1541.226,SMA SOLAR TECHNOLOGY AG,987.91,3.771,134.969,289333,46.823,155.171,DE000A0DJ6J9,1062.46,1529.999,235.42,233.285,9.39,3620.0,553.316,-59.294,563.565,13.125,-6.361948215252014,-21.276811080829034,-6.408631639628523,-3.875427369560372,-7.694645552055916,-3.875427369560372,19.056417683933134,-16.496683906092795,1.5191172917086673,0.7133256981411022,0.29876907546972875,0.3175353485093502,23.557025381092714,0.07420352926718186,0.35464183215377826,35.901029440198904,64.09897055980109,-10.442172523961661,,12.732006856878872,0.9927155394471673,405.72765844603555,6.333432681361896,57.63067492200975,15.247395586533063,4.214095469982125,2.197503393574831,29.23205292410068,3.0603287976005213,1.2080860725527631,-159.646,-10.434385904827389,,,2.78543544737546,8.821509033666034,,,-19.64539964360348,-4.974921620430162,,-265.66975218961437,5.426339134937974,0.631703926132041,0.010128898811210828,0.01567469266835471,-0.6755921728203186,8.866138806401356,0.0891388503083084,-7.320341079114938,6.925471752266059,0.055840691137759385,0.867733769754151,False,False,False,False,False,False,False,False,False,False,False,False,False,False,False,False,False,False,False,False,False,False,False,False,False,False,False,False,False,False,False,False,False,False,False,False,False,False,False,False,False,False,False,False,False,False,False,False,False,False,False,False,False,False,11,True,2,Lower-Mid
2019.0,-21.2,20.0,206.4,103.4,551.0,-28.9,108.3,369.3,319.4,201060.0,333517.0,1136.3,DEU,63.3,486.2,,20106020.0,-123.9,0.4,2010.0,-132.3,2019-12-31,1171.6,SCHULER AG,756.6,6.276,,241840,22.9,15.5,DE000A0V9A22,745.3,1136.3,445.6,286.4,10.0,3540.0,369.3,-28.9,157.4,12.1,-11.29224991464664,-33.54995938261576,-11.643052010912612,-2.5433424271759217,-10.90381061339435,-2.5433424271759217,51.50928451993312,-30.58252427184466,1.5329082682023858,1.2091731797614151,0.42451665981077746,0.4494035376388318,22.115056333219528,0.17140536149471972,0.2133766585431898,31.520996927278937,64.57835438716286,-13.23,,6.725844998292933,0.9698702628883579,181.05481198215423,3.557608015028178,102.59702543342426,25.20461145824166,4.385565418757237,3.5006353240152475,44.878798224650055,2.015312857520021,0.22147001934235974,85.4,7.515620874768988,21.144967682363802,,3.1724884917411313,,,,-6.253609438165164,-5.0490315260556144,-4.547528517110266,3184.6153846153834,-24.67105263157895,-3.157324460998459,-0.025732878769231513,-0.13516281986856016,0.45670439716668,7.146851054548595,0.10521482754379878,9.243769204506657,7.354999848113174,0.6830885575182309,-0.7216541018234701,False,False,False,True,False,False,False,False,False,True,False,False,False,False,False,False,False,False,False,False,False,False,False,False,False,False,False,False,False,False,False,False,False,False,False,False,False,False,False,False,False,False,False,True,False,False,False,False,False,False,False,False,False,False,6,True,2,Lower-Mid
