ceq,gsector,isin,ib,ppent,xsga,datadate,gind,loc,seq,naics,dlc,dp,sic,gvkey,oibdp,gsubind,che,conm,dltt,emp,sale,fyear,rect,cogs,invt,revt,lt,ebit,ggroup,ebitda,act,at,lct,oancf,roa,roe,ebit_margin,ebitda_margin,net_profit_margin,current_ratio,quick_ratio,cash_ratio,debt_to_equity,total_debt_to_equity,equity_ratio,debt_ratio,asset_turnover,revenue_per_employee,receivables_turnover,days_sales_outstanding,revenue_growth,asset_growth,employee_growth,roa_outlier,roe_outlier,ebit_margin_outlier,ebitda_margin_outlier,net_profit_margin_outlier,current_ratio_outlier,quick_ratio_outlier,cash_ratio_outlier,debt_to_equity_outlier,total_debt_to_equity_outlier,equity_ratio_outlier,debt_ratio_outlier,asset_turnover_outlier,receivables_turnover_outlier,revenue_growth_outlier,asset_growth_outlier,employee_growth_outlier,years_available,latest_year,cluster,cluster_name
-525.588,50.0,DE000KD88880,534.523,3231.179,734.662,2021-03-31,502010.0,DEU,-525.588,515210.0,155.399,570.733,4841.0,104357,1429.175,50201030.0,1.933,KABEL DEUTSCHLAND HOLDING AG,2589.29,3.021,2631.54,2020.0,177.121,512.873,33.858,2631.54,4678.726,858.442,5020.0,1429.175,229.793,4153.164,1763.21,1267.322,20.669590702413874,-101.7000007610524,32.62127879492617,54.30945377991594,20.312174620184383,0.13032650676890445,0.11112402946897987,0.001096295960208937,-4.926463313469866,-5.222130261725915,-12.655122696816209,112.65449666808244,0.6336229438567801,871.082423038729,14.857300941164514,24.567046292285127,3.383981481917986,-1.4404597396735608,-5.059710873664358,False,True,False,False,False,False,False,False,True,True,False,False,False,False,False,False,False,8,True,0,Upper-Mid
790.406,35.0,DE000A3ENQ51,149.685,723.49,125.184,2024-09-30,352030.0,DEU,790.406,327213.0,205.465,64.978,3221.0,358679,253.817,35203010.0,26.431,SCHOTT PHARMA AG & CO KGAA,80.874,4.517,957.091,2024.0,411.446,569.503,140.445,957.091,650.0,188.839,3520.0,253.817,588.601,1442.269,435.48,225.326,13.093188579938971,18.937735796540007,19.730516742922042,26.51963083970072,15.639578681650962,1.3516143106457241,1.0291081105906126,0.06069394690915771,0.1023195674121907,0.362268252012257,54.802952847215046,45.06787568754511,0.6636008955333575,211.88642904582687,2.3261643083174945,156.91066993629659,6.508888250860778,17.083635052945702,0.8484036615316048,False,False,False,False,False,False,False,False,False,False,False,False,False,False,False,False,False,5,True,0,Upper-Mid
1432.336,50.0,DE000A12DM80,162.104,54.2,65.891,2024-12-31,502030.0,DEU,1432.336,519130.0,162.761,47.073,7370.0,317079,301.86,50203010.0,57.125,SCOUT24 SE,41.794,1.066,588.798,2024.0,52.84,142.932,0.0,588.798,640.157,254.787,5020.0,301.86,119.003,2072.493,261.963,257.017,12.293744779837617,11.31745623931815,43.27239562634384,51.267157836813304,27.53134351679184,0.45427407687345156,0.45427407687345156,0.21806514660467316,0.029178907742317444,0.14281216139229902,69.11174127005496,30.88825872994505,0.28410132145199046,552.343339587242,11.143035579106737,32.75588571972052,10.702118538907568,2.628435773942339,1.0426540284360408,False,False,True,False,True,False,False,False,False,False,False,False,False,False,False,False,False,11,True,0,Upper-Mid
1087.889,35.0,DE0007251803,342.446,448.143,1058.977,2023-12-31,352020.0,DEU,1087.889,325412.0,25.363,213.842,2834.0,214700,811.538,35202010.0,308.001,STADA ARZNEIMITTEL AG,1198.796,11.667,3734.843,2023.0,782.005,1771.527,1098.103,3734.843,4078.689,597.696,3520.0,811.538,2245.783,5237.176,2607.51,543.299,11.412562801021007,31.478027629657074,16.00324297433654,21.728838400971608,9.168953018908695,0.8612749327902864,0.4401440454686654,0.11812073587445492,1.1019469817233194,1.1252609411438117,20.772435373567735,77.87954806177984,0.7131406315159161,320.1202537070369,4.775983529517075,76.42404915012492,-1.6423650330361195,-9.002933631538369,-11.499658651293332,False,False,False,False,False,False,False,False,False,False,False,False,False,False,False,False,False,10,True,0,Upper-Mid
1489.2,50.0,DE000A0Z2ZZ5,297.6,330.81,115.0,2024-12-31,501020.0,DEU,1489.2,517312.0,273.1,145.016,4812.0,205934,524.471,50102010.0,181.6,FREENET AG,424.0,3.196,2502.3,2024.0,426.55,1736.329,46.7,2502.3,1857.8,379.455,5010.0,524.471,818.1,3342.0,1149.5,370.7,11.354129263913823,19.983883964544724,15.16424889102026,20.95955720736922,11.893058386284618,0.7117007394519357,0.6710743801652892,0.1579817311874728,0.284716626376578,0.46810367982809564,44.56014362657092,55.58946738479952,0.7487432675044884,782.9474342928661,5.866369710467707,62.21905846621108,-5.6376800663700095,-2.134762364930165,-13.387533875338754,False,False,False,False,False,False,False,False,False,False,False,False,False,False,False,False,False,11,True,0,Upper-Mid
45440.0,45.0,DE0007164600,3124.0,4337.0,10276.0,2024-12-31,451030.0,DEU,45440.0,513210.0,3433.0,1280.0,7372.0,103487,9422.0,45103010.0,11087.0,SAP SE,6720.0,109.121,34176.0,2024.0,7828.0,7884.0,0.0,34176.0,28314.0,8142.0,4510.0,9422.0,21401.0,74122.0,19079.0,5220.0,10.984592968349478,6.875000000000001,23.82373595505618,27.569054307116104,9.140917602996254,1.1217044918496777,1.1217044918496777,0.5811101210755281,0.14788732394366197,0.2234375,61.30433609454683,38.199185127222684,0.4610776827392677,313.19361076236476,4.365866121614716,83.60311329588015,9.513891114173113,8.468573937221047,1.411683797698915,False,False,False,False,False,False,False,False,False,False,False,False,False,False,False,False,False,11,True,0,Upper-Mid
604.422,35.0,DE000A2GS5D8,113.787,315.028,287.427,2024-12-31,352020.0,DEU,604.422,325412.0,89.935,72.231,2834.0,326577,294.305,35202010.0,121.896,DERMAPHARM HOLDING,889.677,3.61,1194.707,2024.0,113.432,455.543,343.381,1194.707,1471.724,222.074,3520.0,294.305,593.498,2080.019,326.915,201.378,10.676537089324666,18.82575419160785,18.58815592442331,24.634073459015475,9.524259923144335,1.8154504993652785,0.7650826667482374,0.37286756496336965,1.4719467524345573,1.6207417996035882,29.058484561919872,70.75531521587062,0.5743731187070888,330.9437673130194,10.532363001622118,34.65509116461191,3.8589362758265855,-3.7328184320348345,3.2313411495567657,False,False,False,False,False,False,False,False,False,False,False,False,False,False,False,False,False,11,True,0,Upper-Mid
23043.0,25.0,DE000PAG9113,3592.0,14330.0,4958.0,2024-12-31,251020.0,DEU,23043.0,336110.0,4175.0,2935.0,3711.0,354519,8647.0,25102010.0,9151.0,DR ING  H C F PORSCHE AG,7160.0,39.463,40083.0,2024.0,4573.0,26614.0,6130.0,40083.0,30471.0,5712.0,2510.0,8647.0,20288.0,53527.0,14343.0,6353.0,10.6712500233527,15.588248057978562,14.250430357009206,21.572736571613902,8.961405084449767,1.414487903506937,0.9871017220944015,0.6380115735899045,0.3107234301089268,0.49190643579395044,43.04930222130887,56.92641097016459,0.748837035514787,1015.7109190887667,8.765143232013996,41.64221739889729,-1.1028867505551432,6.105417566951443,0.5503605371111275,False,False,False,False,False,False,False,False,False,False,False,False,False,False,False,False,False,7,True,0,Upper-Mid
899.131,25.0,DE0005772206,152.108,1001.027,1035.488,2024-12-31,255040.0,DEU,899.131,456130.0,406.664,211.838,3851.0,204820,462.931,25504040.0,101.683,FIELMANN GROUP AG,467.188,20.221,2264.116,2024.0,151.336,455.587,259.32,2264.116,1455.804,251.093,2550.0,462.931,545.615,2368.947,846.714,410.093,10.599350681969668,16.917223407934994,11.090111990728388,20.446434723309228,6.71820701766164,0.6443911403378236,0.3381247977475275,0.12009131772948127,0.5195994799422998,0.9718850757008711,37.954880375120254,61.453633196521494,0.9557478491498543,111.96854754957717,14.960855315324839,24.397000860379947,14.983444044934702,19.249541666792513,23.389065169636304,False,False,False,False,False,False,False,False,False,False,False,False,False,False,False,False,False,11,True,0,Upper-Mid
8475.0,30.0,DE0005200000,912.0,2719.0,4076.0,2024-12-31,303020.0,DEU,8475.0,325620.0,114.0,315.0,2844.0,100083,1671.0,30302010.0,2503.0,BEIERSDORF AG,0.0,22.791,9850.0,2024.0,2042.0,3775.0,1612.0,9850.0,4516.0,1356.0,3030.0,1671.0,6441.0,13011.0,3696.0,1231.0,10.42195065713627,10.761061946902654,13.766497461928934,16.96446700507614,9.258883248730964,1.7426948051948052,1.306547619047619,0.6772186147186147,0.0,0.013451327433628318,65.13719160710168,34.70909230650987,0.7570517254630698,432.18814444298187,4.823702252693438,75.66802030456853,4.265904519953434,3.024784226779631,3.7936059750432793,False,False,False,False,False,False,False,False,False,False,False,False,False,False,False,False,False,11,True,0,Upper-Mid
17219.0,45.0,DE0006231004,1780.0,6476.0,1412.0,2024-09-30,453010.0,DEU,17219.0,334413.0,573.0,1865.0,3674.0,132740,4828.0,45301020.0,2201.0,INFINEON TECHNOLOGIES AG,4595.0,58.065,14955.0,2024.0,2770.0,6760.0,3990.0,14955.0,11420.0,2963.0,4530.0,4828.0,9793.0,28639.0,5146.0,2780.0,10.346031635182792,10.337417968523143,19.81277164827817,32.283517218321634,11.90237378803076,1.9030314807617568,1.1276719782355227,0.42771084337349397,0.26685637958069575,0.300133573378245,60.124306016271525,39.87569398372848,0.522190020601278,257.55618703177475,5.398916967509026,67.60615178869942,-8.302164449077198,0.70325960828439,-0.8960573476702649,False,False,False,False,False,False,False,False,False,False,False,False,False,False,False,False,False,11,True,0,Upper-Mid
1026.957,50.0,DE0005470306,318.867,217.881,309.873,2024-12-31,502020.0,DEU,1026.957,561599.0,24.575,78.081,7990.0,234919,496.411,50202010.0,1748.388,CTS EVENTIM AG & CO KGAA,96.723,4.434,2808.579,2024.0,353.584,1989.932,15.555,2808.579,2884.745,418.33,5020.0,496.411,2406.091,4067.28,2497.395,506.419,10.285252060344996,31.04969341462203,14.894720782288836,17.67480993057343,11.353321377109207,0.963440304797599,0.9572118147109289,0.7000846882451515,0.09418407976185954,0.11811400087832304,25.249232902578626,70.92565547491198,0.6905300348144214,633.4188092016238,7.9431733336350065,45.951408167617856,19.08064778728644,27.287902785901608,25.43140028288544,False,False,False,False,False,False,False,False,False,False,False,False,False,False,False,False,False,11,True,0,Upper-Mid
3931.6,55.0,,902.5,7364.7,1113.1,2024-12-31,551010.0,DEU,3931.6,221122.0,485.4,629.6,4931.0,210359,2114.5,55101010.0,751.9,EWE-ENERGIEVERSORGUNG WESER,2631.7,10.899,8857.5,2024.0,2066.8,5286.4,538.7,8857.5,9869.5,1484.9,5510.0,2114.5,4318.1,14577.8,3532.2,931.2,10.186036301773932,22.955031030623665,16.764324019192774,23.872424499012137,10.189105278012983,1.2224958949096882,1.069984712077459,0.21287016590227054,0.669371248346729,0.7928324346322108,26.969775960707377,67.70225960021403,0.607601970118948,812.6892375447289,4.28561060576737,85.16872706745696,-13.854308500291769,-7.67174823137482,0.49792531120329553,False,False,False,False,False,False,False,False,False,False,False,False,False,False,False,False,False,11,True,0,Upper-Mid
4050.0,20.0,DE0007030009,804.0,1661.0,2383.0,2024-12-31,201010.0,DEU,4050.0,332994.0,552.0,386.0,3480.0,100312,1806.0,20101010.0,1253.0,RHEINMETALL AG,1871.0,28.539,9751.0,2024.0,2848.0,4692.0,3989.0,9751.0,9880.0,1420.0,2010.0,1806.0,8231.0,14344.0,6782.0,1720.0,9.899609592861127,19.85185185185185,14.562608963183262,18.521177315147163,8.245308173520664,1.2136537894426422,0.6254792096726629,0.1847537599528163,0.46197530864197534,0.5982716049382716,28.234802007808142,68.87897378694925,0.6797964305633017,341.67279862644097,3.423806179775281,106.60650189724132,35.883500557413605,22.52498505167848,15.295115743546251,False,False,False,False,False,False,False,False,False,False,False,False,False,False,False,False,False,11,True,0,Upper-Mid
523.463,25.0,DE000SAFH001,77.349,357.167,216.411,2024-12-31,251010.0,DEU,523.463,3362.0,233.464,84.585,3700.0,285715,250.851,25101010.0,311.18,SAF HOLLAND SE,551.911,4.935,1876.747,2024.0,191.732,1376.112,291.469,1876.747,1184.769,166.266,2510.0,250.851,857.25,1711.869,511.747,200.652,9.712542256446024,14.776402534658612,8.859265526999643,13.366266204235306,4.121439917047956,1.6751441630336865,1.1055873312398508,0.608073911522686,1.0543457703791863,1.5003448190225481,30.57844963604108,69.2090925181775,1.096314612858811,380.29321175278625,9.788386915068951,37.28908584907821,-10.892900383159954,3.640405657310253,-6.071564522268746,False,False,False,False,False,False,False,False,False,False,False,False,False,False,False,False,False,11,True,0,Upper-Mid
465.5,50.0,DE0007493991,130.797,1147.243,629.284,2024-12-31,502010.0,DEU,465.5,5418.0,363.131,288.58,7310.0,295079,566.727,50201010.0,75.491,STROEER SE & CO KGAA,1436.188,11.858,2046.841,2024.0,259.608,860.222,40.586,2046.841,2409.816,278.147,5020.0,566.727,425.443,2886.43,856.623,454.493,9.636367415804298,28.098174006444683,13.589086792769933,27.68788586900497,6.390188588170748,0.49665138573211315,0.4492723169935899,0.08812628192331982,3.085258861439313,3.86534693877551,16.127188256773938,83.48776862768194,0.7091254594776246,172.61266655422497,7.884352562324735,46.294226078136994,6.922056280787525,5.303192261696732,3.0771905424200385,False,False,False,False,False,False,False,False,False,False,False,False,False,False,False,False,False,11,True,0,Upper-Mid
1426.972,25.0,DE000A1PHFF7,213.468,1544.336,2289.476,2024-12-31,252030.0,DEU,1426.972,315.0,395.753,367.402,2300.0,102250,728.223,25203010.0,210.622,HUGO BOSS AG,1007.369,18.623,4307.349,2024.0,408.737,1280.106,1071.561,4307.349,2332.31,360.821,2520.0,728.223,1852.58,3782.421,1204.131,785.511,9.53941932957754,14.959508665902344,8.37686939228746,16.906524175310615,4.955902110555703,1.5385203104977778,0.6486163050365782,0.17491618436864428,0.7059486801422873,0.9832862873272917,37.7264191373726,61.66182981746348,1.138780955372234,231.29189711646887,10.53819204035847,34.63592223430235,2.6180124689723083,8.9511465241338,-0.613726118048874,False,False,False,False,False,False,False,False,False,False,False,False,False,False,False,False,False,11,True,0,Upper-Mid
10232.9,55.0,DE0005220008,1243.7,29670.5,3666.6,2024-12-31,551010.0,DEU,10232.9,2211.0,4278.5,1705.2,4911.0,216524,7773.0,55101010.0,8757.7,ENBW ENERGIE BADEN,18526.4,28.597,34936.7,2024.0,5242.4,25943.1,3014.3,34936.7,46509.9,6067.8,5510.0,7773.0,21484.3,64277.7,13964.3,2620.2,9.439976850447357,12.153934857176363,17.36798266579271,22.24880999064022,3.559866844893765,1.538516073129337,1.3226584934439964,0.6271492305378716,1.8104740591621145,2.228586226778333,15.919829116474299,72.35775393332369,0.543527537544125,1221.6910864776023,6.664256828933313,54.7697979488618,-21.991568756168256,-0.6817173963092782,12.8576502624413,False,False,False,False,False,False,False,False,False,False,False,False,False,False,False,False,False,11,True,0,Upper-Mid
2423.749,20.0,DE0006602006,398.162,925.441,1280.105,2024-12-31,201060.0,DEU,2423.749,3332.0,170.137,169.958,3550.0,100368,732.31,20106020.0,638.313,GEA GROUP AG,124.639,18.347,5422.129,2024.0,1264.576,3288.165,775.678,5422.129,3608.021,562.352,2010.0,732.31,2776.052,6032.165,2620.045,710.118,9.322556660834046,16.42752611759716,10.371424213625312,13.505949415810653,7.3432778895522395,1.0595436337925495,0.7634884133669461,0.24362673160193812,0.0514240542234365,0.12161985420107446,40.18041615240962,59.81303561822331,0.8988694772109185,295.5321850983812,4.287705128042917,85.12712257491478,0.9051471380523424,1.3086461843609065,-2.269216427848497,False,False,False,False,False,False,False,False,False,False,False,False,False,False,False,False,False,11,True,0,Upper-Mid
1419.503,20.0,DE0005878003,170.43,456.516,662.307,2024-12-31,201060.0,DEU,1419.503,3335.0,35.149,70.849,3540.0,101937,307.915,20106020.0,137.938,DMG MORI AG,39.285,7.498,2235.785,2024.0,709.185,1073.407,714.117,2235.785,1094.563,237.066,2010.0,307.915,1642.446,2544.259,964.615,171.974,9.317683459113244,12.006314886266532,10.603255679772431,13.772120306737904,7.622825987293054,1.7026958942168635,0.9623829196104144,0.14299798365150862,0.02767517927049115,0.052436662691096814,55.79239377752029,43.0208952783502,0.8787568404002893,298.18418244865296,3.152611800870013,115.77702015175878,-10.989016676433872,-8.07479290932811,-0.22621423819028097,False,False,False,False,False,False,False,False,False,False,False,False,False,False,False,False,False,11,True,0,Upper-Mid
359.841,45.0,DE000A0CAYB2,37.414,100.102,276.755,2018-12-31,452020.0,DEU,359.841,334111.0,344.565,53.3,7372.0,270249,205.53,45202030.0,130.356,DIEBOLD NIXDORF AG,4.677,8.786,2399.846,2018.0,555.913,1813.551,211.075,2399.846,1249.278,152.23,4520.0,205.53,1031.011,1638.437,1086.104,81.68,9.291172013327335,10.397369949505476,6.343323696603866,8.56429954255398,1.5590167035718128,0.949274655097486,0.7549332292303499,0.12002165538475136,0.012997407188174775,0.9705453241848483,21.962455681848006,76.24815601698448,1.4647166781511893,273.1443205099021,4.316945277408515,84.55052740884207,1.613772598341967,3.1343731725755886,4.2848664688427185,False,False,False,False,False,False,False,False,False,False,False,False,False,False,False,False,False,5,True,0,Upper-Mid
762.6,25.0,DE000BEAU1Y4,84.0,1280.1,937.1,2024-09-30,255040.0,DEU,762.6,4561.0,296.1,316.4,5990.0,360887,702.7,25504040.0,98.9,DOUGLAS AG,2108.1,19.02,4451.0,2024.0,114.0,2443.7,793.5,4451.0,3718.7,386.3,2550.0,702.7,1245.1,4481.3,1424.4,683.6,8.620266440541807,11.014948859166012,8.67894855088744,15.787463491350259,1.887216355875084,0.8741224375175511,0.31704577365908443,0.06943274361134513,2.764358772619984,3.152635719905586,17.017383348581884,82.98261665141811,0.9932385691651976,234.0168243953733,39.04385964912281,9.348461019995506,8.722733823493488,-0.3358242149274826,4.224889035015611,False,False,False,False,False,False,False,False,False,False,False,False,False,True,False,False,False,5,True,0,Upper-Mid
21732.0,30.0,DE0006048432,2007.0,3802.0,7259.0,2024-12-31,303010.0,DEU,21732.0,3256.0,1647.0,655.0,2840.0,101942,3673.0,30301010.0,3488.0,HENKEL AG & CO KGAA,2642.0,47.15,21586.0,2024.0,4144.0,10009.0,2568.0,21586.0,13445.0,3018.0,3030.0,3673.0,11031.0,35267.0,9089.0,3120.0,8.55757507017892,9.235229155162894,13.98128416566293,17.015658297044382,9.297692949133697,1.2136648696226207,0.9311255363626362,0.383760589723842,0.12157187557518866,0.197358733664642,61.62134573397226,38.123458190376276,0.6120736098902657,457.81548250265115,5.208976833976834,70.07134253682942,0.3346657990145996,11.154185577407972,-1.2565445026178068,False,False,False,False,False,False,False,False,False,False,False,False,False,False,False,False,False,11,True,0,Upper-Mid
33839.0,25.0,DE0006757008,6260.0,0.0,4148.0,2023-12-31,251020.0,DEU,33839.0,336111.0,0.0,0.0,3711.0,101120,6281.0,25102010.0,13436.0,AUDI AG,0.0,87.736,69865.0,2023.0,5598.0,58576.0,7966.0,69865.0,39608.0,6281.0,2510.0,6281.0,38217.0,73447.0,24380.0,11135.0,8.55174479556687,18.499364638434944,8.99019537679811,8.99019537679811,8.960137407858012,1.5675553732567677,1.2408121410992616,0.5511074651353568,0.0,0.0,46.07267825779133,53.92732174220867,0.9512301387394992,796.3093826935351,12.480350125044659,29.245974379159808,13.136203909121825,3.7211207140032787,-0.2954679758170764,False,False,False,False,False,False,False,False,False,False,False,False,False,False,False,False,False,10,True,0,Upper-Mid
3981.18,15.0,DE000SYM9999,478.224,1749.839,998.114,2024-12-31,151010.0,DEU,3981.18,325620.0,897.068,296.001,2844.0,281772,1005.062,15101050.0,709.492,SYMRISE AG,1648.716,12.956,4998.513,2024.0,1070.501,2739.073,1283.31,4998.513,4305.061,709.061,1510.0,1005.062,3106.288,8324.708,1925.204,894.914,8.517548002884906,12.012117010534565,14.185438749484097,20.107219887194454,9.567325322550927,1.6134851163824717,0.9469012115079753,0.3685282183082936,0.4141274697451509,0.6394546340532203,47.82365940042581,51.71425832593767,0.6004430425667783,385.80680765668416,4.669321186995622,78.16982070467758,5.672629855859812,6.106533676845904,2.370417193426033,False,False,False,False,False,False,False,False,False,False,False,False,False,False,False,False,False,11,True,0,Upper-Mid
1092.5,20.0,DE0006292030,118.1,667.8,1026.1,2024-12-31,201060.0,DEU,1092.5,3339.0,20.8,90.9,3560.0,101390,334.1,20106020.0,369.3,KSB SE & CO KGAA,37.5,,2967.4,2024.0,784.8,1359.5,764.8,2967.4,1532.5,243.2,2010.0,334.1,1938.0,2867.9,983.0,268.6,8.480072526936084,10.810068649885583,8.195726898968795,11.259014625598168,3.9799150771719347,1.9715157680569684,1.1934893184130213,0.37568667344862666,0.034324942791762014,0.05336384439359267,38.0940758045957,53.4363122842498,1.0346943756755815,,3.7810907237512748,96.53299184471253,5.1916253655244216,7.419266998998819,0.0,False,False,False,False,False,False,False,False,False,False,False,False,False,False,False,False,False,11,True,0,Upper-Mid
3045.0,20.0,DE000KBX1006,445.0,1665.0,2055.0,2024-12-31,201060.0,DEU,3045.0,336510.0,964.0,326.0,3743.0,328745,1135.0,20106010.0,2263.0,KNORR-BREMSE AKTIE,2210.0,29.051,7996.0,2024.0,1626.0,3921.0,1216.0,7996.0,6487.0,809.0,2010.0,1135.0,5416.0,9614.0,3313.0,1042.0,8.414811732889536,14.614121510673234,10.117558779389695,14.194597298649326,5.56528264132066,1.6347721098702084,1.2677331723513432,0.6830667069121642,0.7257799671592775,1.0423645320197044,31.67256084876222,67.47451633035158,0.8317037653422092,275.24009500533543,4.9175891758917585,74.22336168084043,-0.5338035793898466,16.553648987544744,-1.4786176959338038,False,False,False,False,False,False,False,False,False,False,False,False,False,False,False,False,False,11,True,0,Upper-Mid
2827.7,25.0,DE0006969603,281.6,1882.5,5.4,2024-12-31,252030.0,DEU,2827.7,316210.0,352.2,370.2,3021.0,102175,967.5,25203020.0,368.2,PUMA SE,1366.4,19.599,8817.2,2024.0,1505.3,4269.0,2013.7,8817.2,4312.0,597.3,2520.0,967.5,4305.2,7140.6,2870.9,694.8,8.364843290479792,9.95862361636666,6.774259402077757,10.972871206278636,3.1937576554915394,1.4995994287505658,0.7981817548503953,0.12825246438399107,0.48321957774870045,0.6077731018141954,39.60031369912892,60.38708231801249,1.2347981962300087,449.8800959232614,5.857437055736399,62.31394320192351,2.5053187160677615,7.5326787542919105,4.9140838284888355,False,False,False,False,False,False,False,False,False,False,False,False,False,False,False,False,False,11,True,0,Upper-Mid
1911.446,45.0,DE0005158703,245.498,476.89,839.448,2024-12-31,451020.0,DEU,1911.446,541512.0,243.49,140.32,7370.0,238136,491.647,45102010.0,716.202,BECHTLE AG,568.761,13.952,6305.762,2024.0,1526.454,5027.075,377.231,6305.762,2302.211,351.327,4510.0,491.647,2638.103,4217.281,1608.168,558.151,8.330651905813248,12.843574968897892,5.57152331470804,7.7967896663400875,3.89323288763515,1.64043992916163,1.4058680436372322,0.44535272434223294,0.29755535861332205,0.42494059471206613,45.32413182806647,54.58993602750207,1.4952197873463968,451.9611525229358,4.130987242327643,88.35660305606207,-1.8213557665315405,10.8880205532778,-2.5289925946625713,False,False,False,False,False,False,False,False,False,False,False,False,False,False,False,False,False,11,True,0,Upper-Mid
1922.7,45.0,DE0007472060,347.4,81.5,234.7,2018-12-31,451020.0,DEU,1922.7,518210.0,133.9,97.0,7374.0,242158,583.6,45102020.0,2859.4,WIRECARD AG,1375.9,5.369,2061.3,2018.0,1055.4,1102.5,10.6,2061.3,3932.2,486.6,4510.0,583.6,3925.5,5854.9,2339.6,749.6,8.310987378093564,18.0683413949134,23.606461941493233,28.312230146024355,16.853442002619705,1.6778509146862712,1.6733202256796034,1.2221747307232007,0.7156082592188069,0.7852499089821606,32.83916036140669,67.16083963859332,0.3520640830757144,383.9262432482772,1.9530983513359863,186.8825498471838,34.26399063610766,29.318008685106033,14.428815004262564,False,False,False,False,False,False,False,False,False,False,False,False,False,False,False,False,False,5,True,0,Upper-Mid
1318.0,50.0,DE000PSM7770,51.0,410.0,1064.0,2024-12-31,502010.0,DEU,1318.0,515210.0,263.0,187.0,4841.0,205865,641.0,50201020.0,608.0,PROSIEBENSAT.1 MEDIA SE,1987.0,,3918.0,2024.0,565.0,2245.0,65.0,3918.0,4139.0,454.0,5020.0,641.0,1510.0,5608.0,1685.0,1203.0,8.095577746077034,3.8694992412746583,11.587544665645739,16.360387953037264,1.3016845329249618,0.8961424332344213,0.857566765578635,0.3608308605341246,1.507587253414264,1.7071320182094083,23.502139800285306,73.8052781740371,0.698644793152639,,6.934513274336283,52.635273098519654,1.7133956386292892,-5.0135501355013545,0.0,False,False,False,False,False,False,False,False,False,False,False,False,False,False,False,False,False,11,True,0,Upper-Mid
63296.0,50.0,DE0005557508,11209.0,92727.0,0.0,2024-12-31,501010.0,DEU,63296.0,517111.0,15391.0,21638.0,4813.0,221616,46037.0,50101020.0,8478.0,DEUTSCHE TELEKOM,134361.0,198.194,118397.0,2024.0,22303.0,67748.0,2451.0,118397.0,206294.0,24399.0,5010.0,46037.0,37161.0,304934.0,35182.0,39874.0,8.001403582414556,17.708859959555106,20.607785670245025,38.8835865773626,9.467300691740501,1.0562503552953215,0.9865840486612473,0.24097549883463135,2.1227407735085944,2.3658998988877653,20.75727862422688,67.65201650193157,0.3882709045236018,597.3793353986498,5.30856835403309,68.75676748566264,3.2312910341700807,5.039182928299546,-0.7302706709674811,False,False,False,False,False,False,False,False,False,False,False,False,False,False,False,False,False,11,True,0,Upper-Mid
29912.0,35.0,DE0006599905,2777.0,10025.0,5895.0,2024-12-31,352020.0,DEU,29912.0,325412.0,3273.0,1806.0,2834.0,220301,5892.0,35202010.0,3075.0,MERCK KGAA,6997.0,59.02,21156.0,2024.0,4900.0,6826.0,4484.0,21156.0,21580.0,4086.0,3520.0,5892.0,13450.0,51567.0,11294.0,4586.0,7.923672115888068,9.2838994383525,19.313669880884856,27.850255246738513,13.126299867649841,1.190897821852311,0.7938728528422171,0.27226846112980346,0.2339194971917625,0.3433404653650709,58.006089165551614,41.848468982100954,0.41026237710163477,358.4547610979329,4.317551020408163,84.53866515409341,0.7764492926213507,6.334673677698732,-6.180453996312075,False,False,False,False,False,False,False,False,False,False,False,False,False,False,False,False,False,11,True,0,Upper-Mid
17841.0,55.0,DE000ENAG999,4531.0,42320.0,7055.0,2024-12-31,551030.0,DEU,17841.0,2211.0,4964.0,3509.0,9997.0,100590,12321.0,55103010.0,7280.0,E.ON SE,34100.0,69.668,81715.0,2024.0,11493.0,59248.0,1243.0,81715.0,87195.0,8812.0,5510.0,12321.0,26054.0,111361.0,29977.0,5673.0,7.913003654780399,25.396558488873943,10.783821819739337,15.078015052315976,5.544881600685309,0.8691330019681756,0.8276678787070088,0.24285285385462188,1.9113278403676923,2.1895633652822153,16.020869065471754,78.29940463896696,0.7337847181688383,1172.920135499799,7.109979987818672,51.3362907666891,-14.00231530204168,-1.8897679417828162,6.339006334427233,False,False,False,False,False,False,False,False,False,False,False,False,False,False,False,False,False,11,True,0,Upper-Mid
1921.706,20.0,DE0006335003,276.919,832.211,1587.532,2024-12-31,201060.0,DEU,1921.706,333993.0,42.073,137.965,3560.0,103269,513.295,20106020.0,442.483,KRONES AG,94.55,19.788,5352.733,2024.0,1910.958,2665.788,664.752,5352.733,2827.932,375.33,2010.0,513.295,3198.498,4749.469,2392.927,452.17,7.90256763440292,14.410060644031915,7.011932035466742,9.589400405363016,5.173413282523152,1.3366467092393541,1.0588480133326257,0.18491287030486095,0.049201074461962445,0.07109464194835213,40.46149158990195,59.54206670261454,1.1270171465483827,270.50399231857693,2.8010730743428165,130.307203815322,12.32308441606813,6.083389973306419,6.887052341597788,False,False,False,False,False,False,False,False,False,False,False,False,False,False,False,False,False,11,True,0,Upper-Mid
18795.6,15.0,DE0006047004,1745.7,13372.7,3621.3,2024-12-31,151020.0,DEU,18795.6,327310.0,1605.2,1305.3,3241.0,100373,4170.2,15102010.0,3233.0,HEIDELBERG MATERIALS AG,6713.2,50.692,21201.9,2024.0,2674.3,7667.1,2857.3,21201.9,17326.8,2864.9,1510.0,4170.2,9201.2,37301.7,7258.7,3231.7,7.680347008313294,9.287812041116007,13.512468222187636,19.668991929968538,8.233696036675958,1.2676099025996392,0.8739719233471559,0.4453965586124237,0.3571686990572262,0.44257166570899575,50.38805201907688,46.45042987316932,0.5683896444397978,418.24942791762015,7.928018546909471,46.03924648262656,-0.02122000905386834,5.159635200090196,-0.5980743965331325,False,False,False,False,False,False,False,False,False,False,False,False,False,False,False,False,False,11,True,0,Upper-Mid
23793.0,20.0,DE0005552004,3332.0,30769.0,372.0,2024-12-31,203010.0,DEU,23793.0,492110.0,5387.0,4625.0,4210.0,241456,9947.0,20301010.0,4235.0,DEUTSCHE POST AG,18764.0,482.638,84186.0,2024.0,12949.0,70933.0,1146.0,84186.0,45665.0,5322.0,2030.0,9947.0,20147.0,69875.0,21171.0,8722.0,7.6164579606440075,14.004118858487791,6.321716199843204,11.815503765471695,3.957902739172784,0.951631949364697,0.8975012989466723,0.20003778753955884,0.7886353129071576,1.0150464422309082,34.05080500894454,65.35241502683363,1.204808586762075,174.42886801287924,6.501351455710866,56.14217328296866,2.9697399642848454,4.58137516089443,-18.801943485487783,False,False,False,False,False,False,False,False,False,False,False,False,False,False,False,False,False,11,True,0,Upper-Mid
4726.7,20.0,DE000A1DAHH0,536.2,2135.6,1519.7,2024-12-31,201070.0,DEU,4726.7,4246.0,946.3,418.9,5160.0,269835,1302.5,20107010.0,770.5,BRENNTAG SE,2565.6,18.122,16237.4,2024.0,2610.5,12210.9,1518.4,16237.4,6906.0,883.6,2010.0,1302.5,5088.9,11668.0,3478.2,906.6,7.572848817278026,11.344066685002224,5.441757916907879,8.021604444061243,3.302252823727937,1.4630843539761946,1.0265367143925017,0.2215226266459663,0.5427888378784352,0.7429919394080436,40.50994172094617,59.18752142612272,1.3916181007884814,896.0048559761616,6.220034476153994,58.6813467673396,-3.4356025239219434,12.86734121379791,2.332147495623693,False,False,False,False,False,False,False,False,False,False,False,False,False,False,False,False,False,11,True,0,Upper-Mid
20653.8,20.0,DE000HLAG475,2385.5,16425.6,19.5,2024-12-31,203030.0,DEU,20653.8,483111.0,1521.6,2071.7,4412.0,100431,4596.3,20303010.0,7512.7,HAPAG-LLOYD AG,5086.7,14.608,19111.8,2024.0,2599.0,14028.7,630.6,19111.8,12893.9,2524.6,2030.0,4596.3,11025.8,33617.1,7162.0,4364.9,7.509868489548474,11.54993270003583,13.209640117623668,24.04954007471824,12.481817515880241,1.539486177045518,1.451438145769338,1.0489667690589222,0.2462839767984584,0.3199556498077835,61.43837511266588,38.35518233280087,0.568514238289442,1308.3105147864183,7.353520584840323,49.63608869912829,6.59416046180874,15.87148943210488,-10.35286897821418,False,False,False,False,False,False,False,False,False,False,False,False,False,False,False,False,False,11,True,0,Upper-Mid
1810.7,50.0,DE000SPG1003,68.3,186.5,671.9,2024-12-31,502010.0,DEU,1810.7,511130.0,20.6,280.1,2731.0,327148,684.5,50201040.0,300.1,SPRINGER NATURE AG,1873.2,9.136,1847.1,2024.0,461.7,237.6,35.6,1847.1,3574.6,404.4,5020.0,684.5,852.9,5388.6,819.4,531.2,7.504732212448502,3.7720218699950294,21.893779438038006,37.058091061664236,3.697688268095934,1.040883573346351,0.9974371491335123,0.3662435928728338,1.034517037609764,1.0458938532059423,33.60241992354229,66.33633968006532,0.3427792005344616,202.17819614711033,4.000649772579597,91.23517947052136,-0.31840259039396246,-0.41765227675930605,-0.10933741526352181,False,False,False,False,False,False,False,False,False,False,False,False,False,False,False,False,False,9,True,0,Upper-Mid
2260.313,20.0,,252.767,755.414,542.325,2024-09-30,201060.0,DEU,2260.313,3312.0,105.235,114.048,3310.0,210332,473.446,20106015.0,1323.153,CLAAS KG,717.038,11.905,4997.427,2024.0,545.587,3776.884,1376.085,4997.427,2716.064,359.398,2010.0,473.446,3509.758,4983.088,1623.759,424.686,7.212355069788052,11.182831758256489,7.19166082866243,9.473795215017649,5.057942817373821,2.161501799220204,1.314033055397999,0.8148703101876572,0.3172295164430767,0.36378722769811084,45.35968459718151,54.50563987631766,1.0028775329675093,419.77547249055016,9.159725213394013,39.84835696449393,-18.6687387521983,-3.312746018924606,-1.741498844503142,False,False,False,False,False,False,False,False,False,False,False,False,False,False,False,False,False,11,True,0,Upper-Mid
440.914,20.0,DE000RENK730,53.323,298.561,158.711,2024-12-31,201060.0,DEU,440.914,336992.0,6.386,77.033,3790.0,358690,191.585,20106010.0,165.524,RENK GROUP AG,527.164,3.674,1140.504,2024.0,301.796,783.756,391.239,1140.504,1142.56,114.552,2010.0,191.585,871.984,1589.227,478.633,168.63,7.208032584394804,12.093741636691057,10.043980555964731,16.798275148530827,4.675389126210868,1.8218217298013302,1.0044125666220258,0.345826551867506,1.195616378704237,1.210099928784298,27.743928337487343,71.89407177199983,0.7176470070040339,310.42569406641263,3.7790560511073705,96.58496594488051,23.231118314424613,7.921267435385526,12.907191149354635,False,False,False,False,False,False,False,False,False,False,False,False,False,False,False,False,False,3,True,0,Upper-Mid
31549.0,55.0,DE0007037129,5135.0,37447.0,2983.0,2024-12-31,551050.0,DEU,31549.0,221122.0,3898.0,1895.0,4911.0,100953,8686.0,55105010.0,11941.0,RWE AKTIENGESELLSCHAFT,14772.0,20.985,24224.0,2024.0,7911.0,15916.0,2560.0,24224.0,64817.0,6791.0,5510.0,8686.0,35022.0,98440.0,27575.0,6620.0,6.898618447785452,16.276268661447272,28.03418097754293,35.85700132100396,21.197985468956407,1.2700634632819583,1.1772257479601087,0.4330371713508613,0.46822403245744715,0.5917778693460966,32.04896383583909,65.84416903697684,0.2460788297440065,1154.3483440552777,3.062065478447731,119.20058619550859,-15.199887978715953,-7.562867391590133,4.221504842314361,False,False,False,False,False,False,False,False,False,False,False,False,False,False,False,False,False,11,True,0,Upper-Mid
17838.0,20.0,DE000TRAT0N7,2804.0,12934.0,5233.0,2024-12-31,201060.0,DEU,17838.0,336120.0,8517.0,2441.0,3713.0,332311,6961.0,20106010.0,2588.0,TRATON SE,16011.0,105.541,47473.0,2024.0,11859.0,33615.0,7532.0,47473.0,47703.0,4520.0,2010.0,6961.0,22804.0,65547.0,23260.0,2340.0,6.895815216562161,15.719251037111784,9.521201525077412,14.663071640722094,5.906515282371032,0.9803955288048152,0.6565778159931213,0.1112639724849527,0.8975782038345106,1.3750420450723175,27.214060140052176,72.7767861229347,0.7242589287076449,449.8062364389195,4.003119993254068,91.17888062688266,1.2822153951186133,6.23672993079305,1.8529062641742478,False,False,False,False,False,False,False,False,False,False,False,False,False,False,False,False,False,9,True,0,Upper-Mid
697.543,20.0,DE0006200108,53.709,412.753,550.848,2024-12-31,201050.0,DEU,697.543,999977.0,145.965,89.429,9997.0,213037,213.03,20105010.0,143.815,INDUS HOLDING AG,541.08,8.054,1725.8,2024.0,194.914,767.578,410.533,1725.8,1106.831,123.601,2010.0,213.03,769.927,1806.829,465.027,143.682,6.840769104325867,7.69974037442853,7.161953876463089,12.343840537721636,3.112121914474447,1.6556608541009448,0.7728454476836829,0.30926161276657055,0.7756941149147795,0.9849500317543148,38.60592230919473,61.258204290500096,0.955154029518012,214.27861931959274,8.854161322429379,41.22355429366091,-4.536216828575634,-6.322507123688814,-9.332432736688045,False,False,False,False,False,False,False,False,False,False,False,False,False,False,False,False,False,11,True,0,Upper-Mid
1300.9,20.0,DE0005909006,178.0,470.8,315.2,2024-12-31,202010.0,DEU,1300.9,237.0,59.3,120.8,1600.0,100102,356.5,20201070.0,533.5,BILFINGER SE,317.3,31.478,5037.5,2024.0,1364.8,4366.2,115.1,5037.5,2152.2,235.7,2020.0,356.5,2063.8,3463.5,1520.7,241.1,6.805254800057744,13.682834960412022,4.678908188585608,7.076923076923077,3.5334987593052114,1.3571381600578682,1.281449332544223,0.3508252778325771,0.24390806364824352,0.2894918902298409,37.56027140176123,62.13945430922476,1.4544535874115778,160.0324035834551,3.691016998827667,98.88873449131513,12.303816657749223,3.1601834753082647,9.870855148342073,False,False,False,False,False,False,False,False,False,False,False,False,False,False,False,False,False,11,True,0,Upper-Mid
3363.0,20.0,DE000A0D9PT0,633.0,1537.0,293.0,2024-12-31,201010.0,DEU,3363.0,336412.0,722.0,346.0,3724.0,273099,1178.0,20101010.0,2605.0,MTU AERO ENGINES AG,2112.0,12.892,7411.0,2024.0,3079.0,5813.0,1753.0,7411.0,9047.0,832.0,2010.0,1178.0,7519.0,12484.0,6049.0,714.0,6.664530599166933,18.822479928635147,11.226555120766427,15.895290783969775,8.541357441640804,1.2430153744420565,0.9532154075053728,0.4306496941643247,0.6280107047279215,0.8426999702646447,26.93848125600769,72.4687600128164,0.593639859019545,574.8526217809494,2.4069503085417345,151.64417757387665,38.18758157747531,22.344178753430022,5.9326211996713285,False,False,False,False,False,False,False,False,False,False,False,False,False,False,False,False,False,11,True,0,Upper-Mid
649.869,20.0,DE000STAB1L8,70.178,300.311,189.683,2024-09-30,201060.0,DEU,649.869,3363.0,30.171,78.378,3714.0,315582,204.891,20106020.0,109.426,STABILUS SE,790.796,7.984,1305.926,2024.0,209.011,883.474,223.59,1305.926,1233.16,126.513,2010.0,204.891,571.867,1910.888,290.691,196.976,6.6206392002043035,10.798791756492461,9.68760863938692,15.689326960333128,5.3738113798178455,1.9672676484652087,1.1981003883849173,0.376434082926544,1.2168544737477862,1.2632807535057067,34.00874357890154,64.5333478466556,0.6834131566057247,163.56788577154308,6.248120912296482,58.41756347603157,7.4611562685660715,43.21223408441097,6.995443580809435,False,False,False,False,False,False,False,False,False,False,False,False,False,False,False,False,False,11,True,0,Upper-Mid
51264.0,20.0,DE0007236101,8216.0,12078.0,13984.0,2024-09-30,201050.0,DEU,51264.0,999977.0,6598.0,2999.0,9997.0,19349,12658.0,20105010.0,10216.0,SIEMENS AG,41321.0,327.0,75930.0,2024.0,34677.0,43108.0,10923.0,75930.0,91581.0,9659.0,2010.0,12658.0,61353.0,147812.0,43913.0,11665.0,6.534652125673153,16.026841448189764,12.720927169761623,16.67061767417358,10.820492558935863,1.3971489080682258,1.14840707763077,0.23264181449684604,0.80604322721598,0.934749531835206,34.68189321570644,61.95775715097557,0.5136930695748654,232.2018348623853,2.1896357816420107,166.69438956934016,-2.3646954442001267,1.8922291079294329,2.187500000000009,False,False,False,False,False,False,False,False,False,False,False,False,False,False,False,False,False,11,True,0,Upper-Mid
5476.0,25.0,DE000A1EWWW0,756.0,4912.0,10915.0,2024-12-31,252030.0,DEU,5476.0,316210.0,1177.0,1170.0,3021.0,221244,2493.0,25203010.0,2530.0,ADIDAS AG,4410.0,46.045,23683.0,2024.0,3145.0,10488.0,4989.0,23683.0,14787.0,1323.0,2520.0,2493.0,11904.0,20655.0,9593.0,2910.0,6.405228758169934,13.805697589481372,5.586285521259975,10.526538023054512,3.1921631550057006,1.2409048264359428,0.7208381111226936,0.26373397268841864,0.8053323593864135,1.0202702702702702,26.5117404986686,71.59041394335513,1.1465988864681675,514.3446628298403,7.5303656597774244,48.47042182155977,10.528772109954732,14.622641509433954,-10.698008184480512,False,False,False,False,False,False,False,False,False,False,False,False,False,False,False,False,False,11,True,0,Upper-Mid
22205.0,20.0,DE000DTR0CK8,2900.0,12794.0,5512.0,2024-12-31,201060.0,DEU,22205.0,333924.0,10293.0,1074.0,3537.0,351590,5623.0,20106010.0,8758.0,DAIMLER TRUCK HOLDING AG,18373.0,104.919,54077.0,2024.0,20151.0,38745.0,9012.0,54077.0,51004.0,4549.0,2010.0,5623.0,38455.0,73854.0,23603.0,1555.0,6.1594497251333715,13.060121594235532,8.412079072433752,10.398135991271705,5.36272352386412,1.6292420455026904,1.247426174638817,0.371054526966911,0.8274262553478946,1.2909705021391578,30.066076312725105,69.06057898015003,0.7322149104990928,515.4166547527141,2.6835889037764877,136.0118904525029,-3.243871891214889,3.710048868168281,0.48172693840025094,False,False,False,False,False,False,False,False,False,False,False,False,False,False,False,False,False,7,True,0,Upper-Mid
18199.0,35.0,DE000SHL1006,1942.0,3868.0,3681.0,2024-09-30,351010.0,DEU,18199.0,334510.0,2754.0,1135.0,3845.0,326765,3944.0,35101010.0,2683.0,SIEMENS HEALTHINEE,13455.0,72.0,22363.0,2024.0,7205.0,12760.0,4179.0,22363.0,27807.0,2809.0,3510.0,3944.0,14443.0,46055.0,11573.0,2826.0,6.099229182499186,10.670915984394746,12.560926530429729,17.636274202924472,8.683986942717882,1.247991013566059,0.8868919035686512,0.23183271407586625,0.7393263366119017,0.8906533326006923,39.51579633047444,60.377809141244164,0.48557159917489956,310.59722222222223,3.1038167938931296,117.59714707329071,3.1503690036900345,-1.347356696084312,1.4084507042253502,False,False,False,False,False,False,False,False,False,False,False,False,False,False,False,False,False,10,True,0,Upper-Mid
14351.0,25.0,DE0005439004,1168.0,9942.0,3850.0,2024-12-31,251010.0,DEU,14351.0,3363.0,2768.0,2122.0,3714.0,100609,4364.0,25101020.0,2966.0,CONTINENTAL AG,4112.0,168.761,39719.0,2024.0,8142.0,28796.0,6113.0,39719.0,22168.0,2242.0,2510.0,4364.0,17950.0,36966.0,14269.0,2934.0,6.065032732781475,8.138805658142289,5.644653692187617,10.98718497444548,2.9406581233162967,1.257971827037634,0.829560585885486,0.2078631999439344,0.2865305553619957,0.47940910041112117,38.822160904615046,59.96861981280095,1.0744738408267056,235.35651009415682,4.878285433554409,74.82137012512904,-4.1078692917758115,-2.0840838295437814,-16.76933168280209,False,False,False,False,False,False,False,False,False,False,False,False,False,False,False,False,False,11,True,0,Upper-Mid
2436.302,20.0,DE0006219934,288.993,1830.59,1174.82,2024-12-31,201060.0,DEU,2436.302,333924.0,857.891,164.895,3537.0,202807,586.483,20106010.0,703.391,JUNGHEINRICH AG,2156.389,20.922,5391.884,2024.0,1484.87,3499.164,880.842,5391.884,4692.058,421.588,2010.0,586.483,3073.923,7128.36,2150.206,577.958,5.914235532436634,11.86195307478301,7.81893675754152,10.877144241233676,5.359777769699793,1.4295946527914067,1.01993994993968,0.3271272612949643,0.885107429210336,1.2372357778304988,34.17759484650046,65.82240515349955,0.7563989473034471,257.7136029060319,3.6312162007448467,100.5172867220437,-2.776886727046546,3.1621927921229087,5.62932296662797,False,False,False,False,False,False,False,False,False,False,False,False,False,False,False,False,False,11,True,0,Upper-Mid
10382.0,55.0,DE000UNSE026,297.0,6105.0,1055.0,2024-12-31,551050.0,DEU,10382.0,2211.0,834.0,611.0,4911.0,321632,2885.0,55105010.0,6732.0,UNIPER SE,1064.0,6.844,69751.0,2024.0,5320.0,64380.0,2604.0,69751.0,27945.0,2274.0,5510.0,2885.0,24744.0,38489.0,17221.0,1665.0,5.908181558367326,2.8607204777499518,3.260168312999097,4.13614141732735,0.4258003469484309,1.4368503571221183,1.285639626037977,0.39091806515301086,0.10248507031400501,0.182816413022539,26.973940606407027,72.60515991582011,1.8122320663046585,10191.55464640561,13.11109022556391,27.839027397456668,-35.418730614323415,-29.970342606575574,8.53155724706629,False,False,False,False,False,False,False,False,False,False,False,False,False,False,False,False,False,11,True,0,Upper-Mid
1511.562,35.0,DE000A0LD6E6,109.72,1018.153,387.458,2024-11-30,352030.0,DEU,1511.562,327212.0,453.861,194.555,3220.0,284944,411.602,35203010.0,186.378,GERRESHEIMER GROUP,916.087,12.142,2035.903,2024.0,387.886,1233.583,355.088,2035.903,2270.023,217.047,3520.0,411.602,992.301,3809.164,985.503,240.332,5.698021928171116,7.2587164800385295,10.66096960415108,20.21717144677325,5.389254792590806,1.0068980003105013,0.6465865654391716,0.18911966782445105,0.6060532085352768,0.9063128075461013,39.68225048855864,59.5937323780231,0.534475018665513,167.67443584253007,5.248714828583656,69.54083274104906,2.2817040662431065,11.082227929518162,4.133790737564325,False,False,False,False,False,False,False,False,False,False,False,False,False,False,False,False,False,11,True,0,Upper-Mid
14182.0,15.0,DE0006483001,1404.0,11756.0,4032.0,2017-12-31,151010.0,DEU,14182.0,325120.0,1944.0,1878.0,2810.0,100037,3686.0,15101040.0,2055.0,LINDE AG,6129.0,55.646,17113.0,2017.0,3559.0,9315.0,1211.0,17113.0,18454.0,1808.0,1510.0,3686.0,7841.0,33513.0,8787.0,3508.0,5.394921373795244,9.899873078550275,10.565067492549524,21.539180739788467,8.204289136913458,0.8923409582337544,0.7545237282348924,0.23386821440764766,0.432167536313637,0.5692427020166408,42.317906484050965,55.06519857965566,0.5106376629964492,307.53333572943245,4.8083731385220565,75.90925027756677,0.9735662025017744,-4.762852027622266,4.585948953125585,False,False,False,False,False,False,False,False,False,False,False,False,False,False,False,False,False,4,True,0,Upper-Mid
4781.247,50.0,DE0005089031,-47.583,2759.136,1255.137,2024-12-31,501010.0,DEU,4781.247,517.0,497.345,655.25,7370.0,225236,1295.975,50101020.0,132.847,UNITED INTERNET AG,3397.504,10.972,6329.186,2024.0,1292.487,3684.958,119.667,6329.186,6390.975,640.725,5010.0,1295.975,1989.27,11935.709,1881.568,954.121,5.368135231849235,-0.9952006244396074,10.123339715407322,20.476171817355343,-0.7518028384692755,1.0572405568121908,0.9936409420228236,0.07060441078929915,0.7105895177555144,0.8146094523039701,40.05834089956449,53.54499678234448,0.5302731492532199,576.8488880787459,4.896904959198816,74.53687646405083,1.866505204390112,6.13645696557934,0.09122422915526229,False,False,False,False,False,False,False,False,False,False,False,False,False,False,False,False,False,11,True,0,Upper-Mid
182294.0,25.0,DE0007664039,11351.0,144645.0,31349.0,2024-12-31,251020.0,DEU,182294.0,336110.0,117020.0,12440.0,3711.0,100737,45843.0,25102010.0,67622.0,VOLKSWAGEN AG,137061.0,679.472,324656.0,2024.0,111640.0,189658.0,56720.0,324656.0,436174.0,33403.0,2510.0,45843.0,245231.0,632905.0,217039.0,17151.0,5.277727305045781,6.2267545832556195,10.288736385589669,14.120484451234539,3.496316100734316,1.1298937057395215,0.8685581853952515,0.3115661240606527,0.7518678618056546,1.393797930815057,28.802742907703365,68.91618805349934,0.5129616609127752,477.80629665387244,2.908061626657112,125.5131585431965,0.735996822678131,5.424777375411849,-0.6656189466759277,False,False,False,False,False,False,False,False,False,False,False,False,False,False,False,False,False,11,True,0,Upper-Mid
647.914,35.0,DE000A288904,34.6,166.775,12.012,2024-12-31,351030.0,DEU,647.914,513210.0,53.553,109.781,7372.0,210334,207.697,35103010.0,107.407,COMPUGROUP MEDICAL SE & CO,826.439,8.815,1185.711,2024.0,243.967,784.283,14.707,1185.711,1317.356,97.916,3510.0,207.697,394.6,1965.666,331.249,128.882,4.981314221235958,5.3402149050645615,8.257998787225555,17.516662997981804,2.91808037540345,1.1912488792418996,1.146850254642278,0.3242485260332861,1.2755381115394944,1.3581925996351367,32.96155094507409,67.01830321122713,0.6032108201495066,134.5106069200227,4.86012862395324,75.10089305066748,-3.4281586118934393,3.4592090394290675,-4.174366778997718,False,False,False,False,False,False,False,False,False,False,False,False,False,False,False,False,False,11,True,0,Upper-Mid
2665.3,25.0,DE000ZAL1111,251.1,1596.6,3910.9,2024-12-31,255040.0,DEU,2665.3,454110.0,542.9,281.9,5960.0,318434,673.8,25504010.0,2676.9,ZALANDO SE,1182.6,15.309,10572.5,2024.0,1074.3,5988.6,1549.7,10572.5,5318.6,391.9,2550.0,673.8,5451.6,7983.9,3990.2,654.1,4.908628615087864,9.421078302630097,3.7067864743438164,6.373137857649562,2.375029557815086,1.3662473058994538,0.9778707834193776,0.6708686281389404,0.44370239747870777,0.6473942895734063,33.38343416124952,66.6165658387505,1.3242275078595673,690.6068325821412,9.84129200409569,37.08862615275479,4.233419763188762,2.4930356753148475,-3.064648895080102,False,False,False,False,False,False,False,False,False,False,False,False,False,False,False,False,False,11,True,0,Upper-Mid
92625.0,25.0,DE0007100000,10207.0,71757.0,11167.0,2024-12-31,251020.0,DEU,92625.0,336110.0,39311.0,4767.0,3711.0,17828,17353.0,25102010.0,21741.0,MERCEDES BENZ GROUP AG,73487.0,163.132,145594.0,2024.0,49973.0,89497.0,26234.0,145594.0,171380.0,12586.0,2510.0,17353.0,101767.0,265010.0,74826.0,17735.0,4.749254745103959,11.019703103913631,8.64458700221163,11.918760388477548,7.010591095786914,1.3600486461924999,1.0094485873894101,0.2905540854783097,0.7933819163292848,1.217792172739541,34.9515112637259,64.66925776385797,0.5493905890343761,892.4919696932545,2.913453264762972,125.28088382763026,-4.9759166677544435,0.7558303107724873,-1.760851760851767,False,False,False,False,False,False,False,False,False,False,False,False,False,False,False,False,False,11,True,0,Upper-Mid
2178.635,55.0,DE000A0H52F5,183.012,2819.963,585.169,2024-09-30,551030.0,DEU,2178.635,22111.0,241.787,203.343,4931.0,244394,575.97,55103010.0,796.631,MVV ENERGIE AG,1463.508,5.447,6361.422,2024.0,665.709,5106.223,357.179,6361.422,5361.493,372.627,5510.0,575.97,3662.918,7876.016,3051.368,498.004,4.731161033700287,8.400305695997723,5.857605422183909,9.054107713652703,2.8769039375158574,1.2004183041835663,1.0833629375414568,0.2610733939662473,0.6717545619160621,0.7827355201766243,27.661637558887648,68.0736682099173,0.807695413518713,1167.8762621626583,9.555859992879771,38.19645749016494,-4.278055232457534,-17.55867834980779,2.080209895052465,False,False,False,False,False,False,False,False,False,False,False,False,False,False,False,False,False,11,True,0,Upper-Mid
5543.3,50.0,DE000A3H3LL2,473.1,3561.8,68.6,2023-03-31,501010.0,DEU,5543.3,517810.0,2460.8,415.9,4899.0,347036,899.5,50101020.0,177.5,VANTAGE TOWERS AG,1751.5,0.711,1095.3,2022.0,418.2,46.1,0.0,1095.3,5492.5,483.6,5010.0,899.5,599.8,11035.8,3098.7,797.5,4.382101886587289,8.534627388017968,44.152287044645306,82.12361909979002,43.193645576554374,0.19356504340529898,0.19356504340529898,0.05728208603607965,0.3159670232532968,0.7598903180415998,50.23016002464706,49.769839975352944,0.09924971456532376,1540.506329113924,2.6190817790530847,139.36181867981375,7.036059806508366,2.9305327563050154,33.39587242026265,False,False,True,True,True,False,False,False,False,False,False,False,False,False,False,False,True,3,True,0,Upper-Mid
2764.8,35.0,DE0007165631,84.0,1622.2,886.5,2024-12-31,352030.0,DEU,2764.8,334516.0,393.1,334.1,3826.0,208821,768.8,35203010.0,828.7,SARTORIUS AG,4166.7,12.826,3380.7,2024.0,391.2,1522.2,788.5,3380.7,6205.2,434.7,3520.0,768.8,2113.7,10103.0,1444.6,976.2,4.3026823715728,3.038194444444444,12.85828378738131,22.740852486171505,2.4846925193007365,1.4631731967326596,0.9173473625917208,0.5736536065346809,1.5070529513888886,1.6492332175925926,27.3661288726121,61.41938038206474,0.3346233791942987,263.58178699516606,8.641871165644172,42.23622326737066,-0.4417351356126864,3.5642163746886446,-12.234843300944299,False,False,False,False,False,False,False,False,False,False,False,False,False,False,False,False,False,11,True,0,Upper-Mid
92315.0,25.0,DE0005190003,7290.0,88419.0,9632.0,2024-12-31,251020.0,DEU,92315.0,336111.0,44491.0,6561.0,3711.0,100022,17900.0,25102010.0,19287.0,BAYERISCHE MOTOREN WERKE AKT,66770.0,159.104,142380.0,2024.0,45130.0,78741.0,24387.0,142380.0,172729.0,11339.0,2510.0,17900.0,96387.0,267732.0,87689.0,7566.0,4.23520535460834,7.896874830742566,7.9638994240764145,12.571990448096642,5.120101137800253,1.0991914607305364,0.8210836022762262,0.2199477699597441,0.7232844066511401,1.205232085793208,34.48037589828635,64.5156350380231,0.5318004571735915,894.8863636363635,3.154885885220474,115.6935665121506,-8.436121364905013,6.712902068635662,2.680864795095217,False,False,False,False,False,False,False,False,False,False,False,False,False,False,False,False,False,11,True,0,Upper-Mid
6189.4,20.0,DE000KGX8881,360.3,4204.4,2062.9,2024-12-31,201060.0,DEU,6189.4,333924.0,3185.2,1110.7,3537.0,297185,1881.7,20106010.0,787.0,KION GROUP AG,5433.9,42.719,11503.2,2024.0,2884.9,7299.0,1748.6,11503.2,12598.3,771.0,2010.0,1881.7,5569.0,18805.4,5510.2,1170.6,4.0998862028991665,5.821242769896921,6.702482787398288,16.35805688851798,3.1321719173795115,1.0106711190156437,0.6933323654313819,0.14282603172298647,0.8779364720328303,1.3925582447410088,32.91288672402607,66.99299137481786,0.6116966403267147,269.2759661977106,3.987382578252279,91.53874574031573,0.6078522263134323,8.149110901520551,0.9308919078558686,False,False,False,False,False,False,False,False,False,False,False,False,False,False,False,False,False,11,True,0,Upper-Mid
761.385,20.0,DE000A0S8488,32.522,1894.585,19.623,2024-12-31,203050.0,DEU,761.385,541614.0,103.051,174.757,4731.0,287162,309.174,20305030.0,250.786,HAMBURGER HAFEN UND LOGISTIK,1403.823,6.549,1607.62,2024.0,342.308,1205.899,37.978,1607.62,2460.212,134.417,2030.0,309.174,655.799,3283.977,520.437,195.947,4.093116364700484,4.2714264137066005,8.361242084572226,19.231783630459933,2.0229905077070454,1.2600929603390996,1.187119670584528,0.4818758082150193,1.8437754880907822,1.9791222574650145,23.184845691672017,74.91562821542294,0.4895344882135289,245.47564513666205,4.6964137560325785,77.71887635137658,9.598996468551002,9.09599185694372,1.3777089783281848,False,False,False,False,False,False,False,False,False,False,False,False,False,False,False,False,False,11,True,0,Upper-Mid
872.0,20.0,DE000HAG0005,108.0,451.0,290.0,2024-12-31,201010.0,DEU,872.0,334511.0,48.0,114.0,3812.0,340115,298.0,20101010.0,734.0,HENSOLDT AG,1328.0,8.986,2240.0,2024.0,860.0,1618.0,719.0,2240.0,3810.0,184.0,2010.0,298.0,2407.0,4696.0,1883.0,311.0,3.9182282793867125,12.385321100917432,8.214285714285714,13.303571428571429,4.821428571428572,1.2782793414763676,0.8964418481147106,0.3898035050451407,1.5229357798165137,1.5779816513761469,18.56899488926746,81.1328790459966,0.47700170357751276,249.27665257066545,2.604651162790698,140.13392857142856,21.277747698971304,31.910112359550567,30.099898653539903,False,False,False,False,False,False,False,False,False,False,False,False,False,False,False,False,True,7,True,0,Upper-Mid
4828.6,20.0,DE0005773303,450.6,9850.3,37.0,2024-12-31,203050.0,DEU,4828.6,488119.0,1367.8,532.3,4581.0,245839,1243.5,20305010.0,3298.1,FRAPORT AG,11108.5,19.211,4489.3,2024.0,499.9,3053.9,24.8,4489.3,15074.7,711.2,2030.0,1243.5,3977.0,20252.8,2476.6,1179.1,3.511613209037763,9.331897444393821,15.842113469805982,27.69919586572517,10.037199563406322,1.6058305741742713,1.5958168456755228,1.331704756521037,2.3005633102762704,2.5838338234685,23.841641649549693,74.4326710380787,0.22166317743719388,233.68382697412943,8.980396079215843,40.64408705143341,10.819550728215255,7.209291246049676,6.390873345516979,False,False,False,False,False,False,False,False,False,False,False,False,False,False,False,False,False,11,True,0,Upper-Mid
2127.6,50.0,DE0005501357,99.6,548.6,290.5,2019-12-31,502010.0,DEU,2127.6,511110.0,136.2,291.3,2711.0,101059,516.9,50201040.0,286.1,AXEL SPRINGER SE,2102.9,16.12,3112.1,2019.0,897.1,1830.3,26.5,3112.1,4368.5,225.6,5020.0,516.9,1300.6,6851.5,1487.6,465.5,3.2927096256294237,4.681331077270164,7.249124385463192,16.609363452331223,3.200411297837473,0.8742941650981446,0.8564802366227481,0.19232320516267817,0.9883906749388984,1.0524064673810867,31.053054075749838,63.759760636357,0.45422170327665473,193.05831265508684,3.469066993646193,105.21561003823786,-2.1567579463640074,5.749344034573234,-1.4067278287461793,False,False,False,False,False,False,False,False,False,False,False,False,False,False,False,False,False,6,True,0,Upper-Mid
692.012,55.0,,27.221,1455.168,18.688,2017-12-31,551050.0,DEU,692.012,221114.0,124.608,102.493,4911.0,248220,159.818,55105020.0,195.576,CAPITAL STAGE AG,1364.777,0.108,222.432,2017.0,65.523,7.431,0.339,222.432,1818.313,57.325,5510.0,159.818,277.428,2519.698,182.821,153.037,2.2750742350869038,3.9336023074744375,25.771921306286867,71.85027334196519,12.23789742483096,1.517484315259188,1.515630042500588,1.0697676962712162,1.97218689849309,2.1522531401189577,27.464084981612874,72.16392599430567,0.08827724592391628,2059.5555555555557,3.394716359141065,107.52002859300819,56.881995725862765,7.0482288829495365,16.129032258064523,False,False,False,True,False,False,False,False,False,False,False,False,False,False,True,False,False,4,True,0,Upper-Mid
