gvkey,conm,cluster,proximity_score,profitability_score,liquidity_score,leverage_score,cashflow_score,structure_score,relative_score,overall_score
17436,BASF SE,0,66.53290025163115,79.3516934112447,87.8479227412659,92.55505867097087,94.51772987506692,88.49249158913372,46.48218245843192,51.739004649998485
17828,MERCEDES BENZ GROUP AG,0,71.20489718315277,79.53165859417132,95.70340131419469,95.81453967975331,79.38301106231667,92.67641786094644,51.87141167701667,53.96974456007071
19349,SIEMENS AG,5,63.01758476423994,71.3825747817551,84.54621653685183,96.44411521697192,88.4309142077803,96.94624501524507,51.72118139353498,49.127960383744195
100004,ALTANA AG,5,50.55586960314316,65.28560702359547,59.37269725253627,93.31716050226238,96.9538382686746,92.65247527813625,46.73374240668102,42.6111852962026
100010,BAYWA AG,2,2.0180800129364993,2.5488491032449465,73.66655585941612,27.68369049355509,91.7158059202065,94.32109891280824,47.4713716549555,4.085370875179098
100022,BAYERISCHE MOTOREN WERKE AKT,0,61.93443405842045,67.71117767226627,86.97017081544153,94.75792286277904,81.0953741555868,92.95477279547542,48.248260611539315,47.79180144409935
100042,MAN SE,2,60.650812450345214,76.5047002356068,66.62696883332353,96.43068728152679,90.72420279711612,96.24034396033917,47.86565696803295,49.20433375541213
100054,HOCHTIEF AG,3,16.756979635240103,25.918789306644303,89.93281850405154,84.84818560931717,31.970050091326748,99.54118354060631,53.599405452790265,20.37136827635662
100080,BAYER AG,5,52.67585871995051,55.93311713517502,78.35099363599066,91.87991498964789,97.35401311971017,92.65120928044858,47.09180879817849,41.444958413980004
100083,BEIERSDORF AG,5,69.97508301883911,71.77003554666688,95.97164766880064,91.27397288377753,96.52698816042059,93.01534012915658,49.526732075123626,51.47143760524678
100102,BILFINGER SE,0,57.86570543766829,62.869699125056066,95.60127946076463,87.83772989097166,97.37829105740701,91.27433662456448,49.51846997901194,44.503994989175695
100103,DEUTSCHE LUFTHANSA AG,2,49.85661232672241,55.27605910477049,71.50083882703503,90.30461404363123,97.05006043338375,96.02290709932473,51.15168077661673,40.02831815600619
100301,DEUTZ AG,0,62.589347112735794,66.34703861287828,93.57113636600216,86.61541803608085,97.5953130203046,86.65414115240935,45.04746079386237,46.96668837127807
100312,RHEINMETALL AG,4,59.89449487555476,75.86818634126979,87.9177134173816,87.4981945223929,68.35688073148549,93.45009702002464,47.6923035882234,47.88125467071515
100368,GEA GROUP AG,0,55.81868920944565,62.619993421998124,85.71445028601308,85.20340287778633,81.29167982083196,90.06676608196162,55.05079925206677,43.37181465595653
100373,HEIDELBERG MATERIALS AG,5,62.518539082663004,79.65271105800605,80.62270633617402,96.57959803363502,99.73829005052326,96.27777953459649,50.63965461662978,50.59591764802992
100431,HAPAG-LLOYD AG,4,26.07313812794131,39.8073263205039,78.01321248816767,84.56302765286048,71.69500571998432,80.68818275232493,48.003598377710745,26.847023280563356
100449,KUKA AG,2,63.40804332080948,71.4443720322505,82.34412253639894,96.02768452244005,79.39482866001268,98.67679346676047,52.10424403532345,49.254860187017904
100590,E.ON SE,0,62.27215991094916,72.94391758095526,79.93183910883538,87.45058637497779,85.94356107849464,83.25246630178287,52.93298372772685,48.2427061180685
100609,CONTINENTAL AG,0,60.26234881463019,89.45706657657236,92.18612442270067,88.43198664917264,99.10016532105472,90.67040002771972,46.287332319228554,50.839551506083815
100676,TUI AG,3,14.279939278695043,23.13287736070378,72.2999054915312,74.41863993753776,31.747818697618698,69.55449526719512,48.93108319400488,17.78041517737255
100736,K&S AG,2,58.5582863324144,90.51917379461013,62.65557129347579,96.36361269415539,89.39619644659864,85.50097326313859,49.423742865871716,51.163510561303326
100737,VOLKSWAGEN AG,0,70.04517740160026,73.51589668816393,87.95519280686219,95.18736211325665,90.77488777327558,97.12214019197259,50.09922435863606,52.23998650959856
100746,CECONOMY AG,3,21.42190554576337,35.59893607936927,83.34056817423782,77.97282622701644,34.38936177166549,77.62355367731423,50.376347579411906,23.485832056880845
100764,SUEDZUCKER AG,0,71.58846257731399,75.3980721410927,88.58392561026818,90.85426153153995,97.74033314962001,92.97536430821084,46.70289258325987,52.800425612298135
100953,RWE AKTIENGESELLSCHAFT,0,39.67800596892574,46.4881672623755,92.59592421881784,91.01064798836657,61.13875862720188,94.53705946722897,54.63598834903374,34.269900638882056
101059,AXEL SPRINGER SE,0,63.5002746697014,69.85847275663022,80.08331243501252,98.81640217899549,86.46291482123686,95.26558090810758,48.10835213133317,49.253444637106156
101120,AUDI AG,0,53.97169425180574,61.59582931914929,96.83108909226002,84.51308806058485,74.3653136528223,87.89422522372053,52.76939672509484,42.35915237061064
101148,LECHWERKE AG,2,48.778619543909166,69.6519289765027,56.30860330418469,94.70115182723126,81.58698758343303,96.9083257332192,48.909652432863915,42.911948795587335
101161,GELSENWASSER AG,2,65.5957972223435,74.01441607631929,76.07832507982424,99.38627372947447,93.21349494622697,94.88329428393584,49.92708030161837,50.97982947714871
101286,LEONI AG,2,21.734754560428268,26.41638616523481,66.61458415464072,78.89158009124954,92.43090217347148,94.32109891280824,47.312997860127595,21.866337066343224
101390,KSB SE & CO KGAA,5,60.889926750438384,86.04569751921252,95.80841962558647,91.77093770449207,85.2911467179411,98.88616100530454,49.372991843678896,50.74220397446706
101768,MCKESSON EUROPE AG,2,65.48913181023227,67.90861327992481,97.31576166245367,95.66890376673601,97.99278256451002,89.12584337270458,48.50324139861406,49.34426575675147
101937,DMG MORI AG,5,72.33693084286678,82.53337255244074,94.57377857427221,91.67444995172454,89.94622819760541,94.86836592856307,48.46880776877197,54.60889184280732
101942,HENKEL AG & CO KGAA,5,73.86149007005713,87.62076238184697,79.04299936388463,93.04633373754798,91.74870842640668,93.64246595752144,48.40776764615193,56.37338187814704
102175,PUMA SE,0,51.59912442099397,53.992748469375776,99.27521809741593,91.22679981873137,92.86158534343859,90.31901784802594,54.64206884811306,40.56087944414588
102187,PORSCHE AUTOMOBIL HOLDING SE,2,0.48329955231572674,49.087182293729484,0.5120378637152945,97.93281900279804,81.58698758343303,83.64949684516444,55.862958287881256,19.804038179951995
102218,DRAEGERWERK AG,0,57.51936554790045,61.692815459821006,84.89406722200036,87.04921850065935,98.55366461558877,86.85254718471785,51.37448752158429,44.05123116119032
102250,HUGO BOSS AG,5,40.99463783618958,64.20405721993627,89.04632427168146,97.98339760035417,87.4621661374673,98.69228708397799,49.81878054281187,39.03700633849851
102259,SALZGITTER AG,2,62.048274753634345,72.39461041974032,92.99745780255368,96.28405926153481,84.87341538732423,91.2666119076071,50.19797580538223,48.92663791155528
102365,KOENIG & BAUER AG,2,65.30107668326254,68.0068071462177,90.22813705695091,92.95905263734514,89.28939994302841,94.34785442159294,49.82084346161527,49.01769736628307
102529,PAUL HARTMANN AG,5,61.152755601782346,69.62618985412917,83.3473955016799,94.65151157113243,79.48803768470427,95.11742660161981,44.69513570804365,47.85149136865202
102926,KWS SAAT SE & CO KGAA,5,53.70115176604131,65.89893479218908,66.35682091056717,95.20412884261516,93.23487557168202,93.98953669308743,52.63678006564922,44.180660549115856
103176,THYSSENKRUPP AG,2,73.86112724359744,74.84829374619227,99.37192752171818,95.7227696003976,98.65536966416548,96.33578609319969,48.587119046284194,54.08638660671719
103200,FUCHS SE,5,34.70580931454196,35.70953016789093,87.60560699721607,91.67062900913507,98.72788559573453,91.88511479982563,50.32542228639067,30.191292660308477
103255,BERTELSMANN SE & CO KGAA,0,71.9296102718913,89.80948154983527,95.10134429265706,90.47598794385333,79.53140512348263,89.69628041007849,49.07785566882515,55.78133921310892
103269,KRONES AG,5,71.814148956431,80.55448417131888,82.69049608846777,91.9871575374207,90.45318843961672,99.94183303457613,47.18939409114496,54.035272170578246
103487,SAP SE,4,45.00233183703335,61.41889560709451,90.93368456952149,83.25693373476973,75.37258668943375,80.7102140501763,48.19890282410745,38.610405229709215
103533,SIXT SE,5,36.25956377174535,56.221775768993034,59.19340241441843,89.2579139464728,58.014380731435,95.51402547921418,60.464092470361095,34.67397205714403
104357,KABEL DEUTSCHLAND HOLDING AG,4,14.144739505682228,19.919103222675226,76.44325937347072,37.3077480308498,67.68709405735774,88.18261731253142,48.05385945908698,13.372491249892917
104364,TELE COLUMBUS AG,1,99.99998967617321,99.99999578531524,100.0,100.0,100.0,100.0,50.0,69.99999502753234
132740,INFINEON TECHNOLOGIES AG,5,55.84325826785875,66.87304330495559,98.2457743127908,95.20959047093356,79.0772777047713,93.93318181382035,51.70705119394832,45.23287101522797
200759,BIOTEST AG,5,25.942407223048953,59.97534443863578,30.90164110281533,90.64243107129329,85.0890534215097,98.30368327280323,53.478325937070736,31.43627488407607
202305,FRESENIUS SE & CO KGAA,0,66.67201188571804,86.27253448277939,92.61099997778534,92.2381264284671,86.37285441556489,88.28650676404756,47.26845189076867,53.1471242936898
202807,JUNGHEINRICH AG,0,78.15753636215476,87.48169985135297,98.17631304184921,97.21498287902986,82.92491205928066,93.1381669569467,51.81793214300982,58.48085280303549
203162,HORNBACH HOLDING AG & CO,0,76.12704496270119,78.82147501375384,99.13693794936401,93.89690263403516,98.93500100884822,89.17998585719414,49.53553766710292,55.60480325123476
203586,VTG AG,4,37.36439399842465,46.904092616765666,96.15776401870558,61.885330963573914,95.06772355713792,81.50364751685015,47.996955451396616,30.51510921908039
204820,FIELMANN GROUP AG,5,30.496107171346114,49.897365204825824,64.14645348809665,99.09342057371275,82.54998802413971,98.81315718229092,50.449233738405006,32.08725796687489
205865,PROSIEBENSAT.1 MEDIA SE,5,43.037608251166795,72.03780517329719,70.35242050936135,86.3133144202679,56.74642077775777,87.26400282326343,53.23716908855614,40.25393577715295
205934,FREENET AG,4,39.28876794288427,47.18925445359815,94.61449675012817,85.07872032563697,75.70395365781147,84.59597501729498,44.26446316044596,33.66123010043704
206703,SGL CARBON SE,0,54.86786735170771,81.48711303526423,62.298947364886494,90.57018459752912,98.18505914721327,89.51906668540411,49.591810537091966,47.301588007488846
207096,RHOEN-KLINIKUM AG,0,36.507005895661266,39.211623310741004,75.85326604921994,85.70782907193048,97.19796038781232,83.05678904445394,43.923797090576066,31.015909927605755
208821,SARTORIUS AG,5,61.072912493365706,70.56883290192677,86.61886318332027,86.32061020813126,76.57891245104844,91.379924051936,52.61721205823096,47.17499259854476
209440,VOSSLOH AG,0,67.81668336097778,90.14343509899714,93.57490402575992,87.71148500882738,87.30485762271081,87.10670579129113,51.912596779040165,53.92650886507328
210326,BLG-BREMER LAGERHAUS-GESELLS,0,0.289467870436174,65.26163558046257,96.33238421136375,1.8518933504609716,76.00754588351508,1.4423179612020949,66.03948484151897,13.35330359931308
210332,CLAAS KG,0,67.1053747051196,79.481007770562,77.87417487514598,88.86249072365646,90.4813441140423,88.12456636570015,52.629355757257414,51.62460050852589
210334,COMPUGROUP MEDICAL SE & CO,0,69.94801851165606,89.29826702583581,89.9572047664784,96.70371764404034,81.13958673519261,93.91262471114722,48.9735263891958,55.50923257423362
210340,DILLINGER HUTTENWERKE,0,59.202540171801,92.41135653098421,70.65928962855331,85.04457019377826,84.25161719513812,84.85114013008159,52.707974577226565,50.66774439429507
210359,EWE-ENERGIEVERSORGUNG WESER,0,51.00614873598849,52.35297360394961,90.994239836735,93.95319532470901,86.70260019815994,98.89620240824179,56.85108179707883,40.26837374765622
212782,FRESENIUS MEDICAL CARE AG,0,66.71315913226759,89.09484690838177,97.10783920508615,93.9567741439735,81.29212481960903,88.79077679171881,48.15466776407743,53.89991044898075
213034,GRAMMER AG,2,53.2133387784992,65.14461516506542,80.50718626008522,72.91768369544583,96.51819667031577,78.17847128530599,53.76215335649148,41.60602691395735
213037,INDUS HOLDING AG,5,77.89072622742414,83.47996292682389,92.95603875841627,96.90826046094269,89.81459543262882,99.1505323140921,48.44201316145939,57.5431091224287
214700,STADA ARZNEIMITTEL AG,4,62.98825609831371,77.42102835240235,99.95080271810967,96.82039425775486,72.7873690803015,97.05784581574055,48.109148050971235,50.361547535581444
214759,HEIDELBERGER DRUCKMASCHINEN,0,49.392493680696404,50.747863367948334,94.756522258647,85.57257875401719,94.30168884178501,99.01418115269834,47.64657199064487,38.46382802126995
216524,ENBW ENERGIE BADEN,0,47.792959630532664,57.7370284888749,97.86807708754152,88.85700046326184,68.30102927434835,82.99984117869269,54.431855232911644,39.55028959631423
218000,JENOPTIK AG,5,61.91413272425266,66.81843912451497,86.27593777811701,98.52225896987467,94.72171462005791,95.01049090623303,49.513489531429876,47.98156681159153
220295,ELRINGKLINGER AG,2,65.43609120469924,71.17149281332445,88.45786627807854,97.51064610960898,86.43713546630877,94.15506455878328,50.58946038553762,50.15979965550548
220301,MERCK KGAA,4,56.8831162462028,69.85942985005964,88.65467214742509,84.39778546798229,77.20363499921086,81.28653365827822,47.63632736251146,45.16491101529128
220303,AURUBIS AG,0,50.98860792225002,57.559113273183094,78.28425702766685,85.2068786962694,85.31537455138499,84.92553565978403,47.72834715609634,40.427953693163566
220307,PFALZWERKE AG,2,71.21986180693214,76.96488159001207,97.01798280407131,94.86535916913522,87.47072886714989,92.45252857875433,51.505320084783776,53.3674569576888
221244,ADIDAS AG,5,68.84598549045661,77.53141244684916,79.83677729513985,96.45496143281146,95.11336620095777,90.558126486103,49.6989421416777,52.690172828833624
221614,DEUTSCHE BAHN AG,2,15.71976527813309,61.2514958720518,73.31440360748212,77.59969235724768,17.63275696218803,90.1331138549788,44.22147422709638,26.298174521388365
221616,DEUTSCHE TELEKOM,4,56.265892315715185,60.99986118714562,93.14343714451631,87.88239951997177,89.63017383941234,97.03167659016125,49.25684873695531,43.49456911571237
222247,SOFTWARE GMBH,5,35.28228593309238,46.22119484392169,56.717819800278754,95.59106708999641,70.19645036365067,93.64555249865109,46.712271174168244,32.916260051020934
222340,DUERR AG,2,59.81745993993771,67.63769651882723,84.92779026453738,90.2271069360934,77.99881473050858,95.96984570452355,53.743625746195484,46.477233973349875
223089,HORNBACH-BAUMARKT AG,0,72.59097530482327,74.29403834565626,99.080089722225,97.8725258890003,98.23524393626954,91.05225966308194,49.22376453327694,53.6824503799606
225236,UNITED INTERNET AG,0,55.49129309627033,72.62142176458198,85.64206727339007,94.56781606235052,99.76074237956108,90.11918423341639,46.71085557821494,46.17758319765959
231016,MORPHOSYS AG,3,0.3154992012781657,1.2084895974687806,54.18915651095403,92.70985619620743,3.4904492197307855,24.435923067327593,45.78530785034532,9.638883219625766
232623,EVOTEC SE,2,48.614287730006595,55.968443606583286,91.86434374953646,98.92758579136023,66.86780306085144,88.85907956399987,44.400051585341345,40.53216239245532
233025,CANCOM SE,0,55.590904025239276,68.41159127974309,91.68108311278105,87.89093738002406,78.27745717194621,89.80646993584588,46.68467625995558,44.707773604046736
234919,CTS EVENTIM AG & CO KGAA,5,42.93056145419348,47.1823517196235,72.11078778685602,92.64407534972554,87.35368515999428,89.257335336936,52.72724522570726,35.87310246057465
238136,BECHTLE AG,0,62.23915562855385,67.65499968581832,94.27653411775285,88.58635143350338,84.98718887978268,88.13625786622296,50.87379917778977,47.285297331935546
238442,CARL ZEISS MEDITEC AG,5,73.67837763139221,78.95962008591087,90.34695478658541,95.07628690104765,95.55007745564632,93.9240304334159,47.46396483461825,54.770903759843826
241456,DEUTSCHE POST AG,0,59.42538605019742,64.93115850512086,82.38775684757672,95.74262119099475,86.69599249556066,93.21604146015466,50.015264710618496,46.33064824020262
241840,SCHULER AG,2,13.933911821742347,23.453293141008615,92.42135534485048,97.30412804045184,74.67968762921903,97.1636834749988,44.2802046458184,19.99463616094385
242158,WIRECARD AG,4,48.042525648787695,65.75891752639566,74.15242069724864,91.08027843351077,61.129178931821656,89.95711173221034,51.76660797793521,41.476821608145286
244394,MVV ENERGIE AG,0,72.8236099158163,75.18703216399787,90.26029102015556,93.98862472837172,95.18980147974156,98.19511815445846,47.15929619644544,53.56571287196327
244398,TAKKT AG,2,48.124967633525294,56.76237051081443,86.16141215197435,96.83283049157866,73.98819505246531,86.78975462532063,51.95872955074053,40.285744204730875
245628,NORDEX SE,2,52.3087655051257,67.91553108819647,75.9610017341042,98.73022762999206,85.45902103737639,84.8814079737959,52.9899104760644,44.37963518268878
245839,FRAPORT AG,0,60.299637357279536,69.30194401610075,95.48105525481452,82.22828158537682,85.96421333730953,97.41200555822378,50.283009142017576,46.20307190466964
248166,MAINOVA AG,0,63.5716446634548,69.15080739041444,85.18996326607048,90.16096633972829,87.39999949207026,89.43728651100848,45.606634023790946,48.27491597743764
269104,BAUER AG,0,63.05998422487728,65.08890770904986,89.93053847721666,90.54687422105714,92.80176566584134,96.65249835082189,46.69955213535941,47.296462653866605
269835,BRENNTAG SE,0,74.34364795409927,76.87817988682792,99.38983022782656,92.0905373000198,97.56671098774856,89.92699704147353,50.11086243140091,54.32214888900727
270249,DIEBOLD NIXDORF AG,0,60.68869698454043,66.10973947464166,82.31654597349461,84.6870348750611,97.24365106366446,94.76672859498325,50.06756682720922,45.966130176250616
271763,LANXESS AG,2,72.48197278952931,78.3154119224246,93.01033956074053,97.11157120152235,87.51991400735764,89.61008011385447,50.560936659720156,54.367028620448885
273099,MTU AERO ENGINES AG,0,63.927500339469404,74.17900553003093,91.68174084034841,93.34046833955365,97.68585577505468,98.92888694420299,50.28676286155826,49.74084807574931
276585,WACKER CHEMIE AG,0,51.0973397347519,71.31750632141842,64.78750301450457,89.60102876917317,73.81489839260024,86.85416576115419,48.240388010277165,43.66254003510176
278310,KLOCKNER & CO SE,2,65.40343463761258,80.83422905372338,81.83564965988357,98.87190348897603,96.75948884512441,89.24570132282439,48.961696449528574,52.21541001468731
281772,SYMRISE AG,5,68.56910405660732,74.90550111398781,91.52897715221314,97.45376282220268,86.18173994300483,97.06697516504074,50.89788857933544,52.15411812766076
284636,WACKER NEUSON SE,0,66.01359010138052,84.44955619808532,88.76984666835973,87.2028593765932,75.39058046383639,84.51555261455385,49.18591008493244,52.01563321782859
284944,GERRESHEIMER GROUP,0,61.87900556408169,76.99540683224998,84.07504147113815,93.01680912917553,72.79943815720341,90.28289791682398,47.89814242113331,49.452364505000226
285715,SAF HOLLAND SE,0,61.42404699373159,64.24907748938242,93.08396862739234,99.85281848014513,83.05414532107777,95.63155592731064,54.45103451486025,47.40471614338364
287162,HAMBURGER HAFEN UND LOGISTIK,0,67.3010602199312,81.68924782601962,92.25788073035991,88.39012580536227,81.73115270927194,96.5281214626156,45.904162864255206,52.09728623371263
289333,SMA SOLAR TECHNOLOGY AG,2,41.13204108399577,49.94995792387983,91.95498933386843,95.8193545246735,71.73093790021954,94.32109891280824,44.78834397586138,36.02474347084163
295079,STROEER SE & CO KGAA,4,62.340399152167535,77.09615466682756,87.43760643408038,75.47000088873008,88.43294095039029,87.26362314247311,48.874328267553274,47.90239068310554
295421,EVONIK INDUSTRIES AG,0,70.47894254716971,84.59009670745064,95.59589019525171,88.99129846219178,90.11780628613911,88.02307023037733,46.7413579742814,54.008726206577194
297185,KION GROUP AG,0,71.8859624544689,80.5007111952644,84.19148778214297,97.10476469435525,88.89617342381428,93.94494724568996,47.994564453592766,54.565003690275965
297222,NORMA GROUP SE,5,60.959507226717115,63.168250569579996,92.57438385677297,99.67561537104228,93.23914743488534,96.33665011133891,44.753833383216836,46.98501454170708
313972,TELEFONICA DEUTSCHLAND,4,39.08470639654715,41.014831129860895,89.0248617214235,88.54259169109588,83.80531258043459,87.91992170863925,43.88719580287083,32.69110795370063
315541,OSRAM LICHT AG,2,45.25687673359863,54.8050395307879,70.7151589681194,98.5003324679743,81.58698758343303,86.44671941841462,42.60732194657107,38.91379184639447
315582,STABILUS SE,0,68.61164443054848,86.03744975524675,83.62513270673621,97.60563521519694,75.149794058547,93.24201838668178,54.24522563932813,54.41271124478843
317079,SCOUT24 SE,4,27.661185636226023,38.24896891148348,86.08889808681198,81.70804670954364,45.842155688680734,79.57730069172216,53.761931771725855,26.88507270774147
318434,ZALANDO SE,0,66.68873431891643,69.44260248769405,95.92126086751328,90.65828622007443,92.38210806992876,93.63681496910652,49.62661075724697,49.629842847112826
318452,ROCKET INTERNET SE,-1,0.0,0.0,0.0,0.0,0.0,0.0,,0.0
318659,HELLA GMBH & CO. KGAA,0,64.92116593328355,79.74583740436137,99.84152549190725,88.97464666784796,92.6446918443823,89.03232752845216,46.81804390834282,50.815098520970494
319665,ALLANE SE,3,19.451580635940743,48.0860114646229,97.56266929298997,63.402787548124415,31.970050091326748,45.05187024696286,51.96178388517145,23.73811330211332
319865,SILTRONIC AG,0,34.4143951282619,69.99015679752954,79.62181228091352,94.66154321421463,37.86930085740651,90.34982499512539,44.889032660891594,37.22994373223213
320124,SCHAEFFLER AG,2,51.05557333123264,59.62499540082335,84.15060434188429,84.01474768888167,88.2276777277434,85.41209122330376,54.73192660295474,40.74870318154589
320448,COVESTRO AG,2,70.34275378106139,85.50964432073336,95.15655133241114,99.65470113201445,94.89162369537594,89.12866499689707,49.25463359443861,55.20450048977268
321632,UNIPER SE,2,26.23367602990622,47.65866085666881,89.22147263582951,96.24900709208714,92.34256143957103,98.78221780239238,50.46391895874936,29.650103292504966
322597,INNOGY SE,2,34.91258162354621,51.43591184827331,80.61528510319769,76.26187461360475,99.86366779514806,79.57218689521368,47.69216106347259,31.87840248043362
324859,DELIVERY HERO SE,2,43.77474222176879,62.205537903985416,87.76888513844608,75.95237629786011,84.21450145546457,90.90014480087267,52.51331679006308,37.54624209929061
324977,METRO AG,2,56.0339751525243,78.9381778451419,68.0721215153471,80.46334538892361,89.65783275163253,76.52082548506381,53.75099962313476,46.24756016893046
325735,HELLOFRESH SE,2,1.4819387116044602,31.31934068917357,73.51876171903918,93.71468109107262,91.54879515519295,95.53734036801482,59.22754208779675,16.22811173158376
326410,1&1 AG,5,51.53679946365672,61.615872063351276,78.22791731555489,92.20928777953165,74.2184569702917,91.59137542186416,44.603268171092026,42.158822976086114
326577,DERMAPHARM HOLDING,5,57.0682878745996,64.59696058590305,98.56747477208683,86.8013322586998,85.28280697079764,92.88402362058822,57.57290813441823,44.426840492890435
326765,SIEMENS HEALTHINEE,5,64.65763851628854,70.05787445923374,80.04457358063166,97.46739546111137,98.45661800934732,99.60522303903014,48.27414157847453,49.6213698444733
327148,SPRINGER NATURE AG,4,42.78227831574587,45.25570161382155,93.66996020360628,95.7931005532825,78.14604433800646,89.48104921327985,51.05389786162062,35.74336170439091
328745,KNORR-BREMSE AKTIE,5,57.03533692148489,85.93342961609042,92.24648597386533,97.67648722445728,96.23792783216632,94.9300613563082,49.403709303058406,49.76846941425777
329260,ENCAVIS AG,5,26.930057807391677,33.47785476215224,62.69270838125769,78.99085927317164,67.88378688811272,81.65702704207685,51.53012439862311,25.366680002704282
332311,TRATON SE,0,73.61288189762905,84.10067050765012,83.26164605229542,97.40695772246022,94.74559597054912,98.6440166814059,51.47456632863367,56.005982632827674
333885,TEAMVIEWER SE,4,15.543526173607686,20.42317731141768,79.73139737932526,73.23206605779,58.204378179934224,62.02142013083153,62.50233459084298,17.62525253750561
340115,HENSOLDT AG,0,71.41028147093267,83.72592878679635,92.87540893001515,92.99215086025086,92.53035960529789,88.90652670061483,51.09021191225439,54.60851343175743
340153,SIEMENS ENERGY AG,2,64.34591320598224,88.90741928639424,73.23695384273157,99.71497185031164,84.42189739879281,85.39303296520681,51.28995382313692,53.49134632470292
346413,AUTO1 GROUP SE,0,24.432876651070895,52.2458494119097,65.73667952005515,93.18363318512421,79.70215263727745,98.10756407144284,50.719615394769235,29.540683861322723
347562,SYNLAB AG,5,37.301757628118374,47.177991450428514,77.37901023990031,99.6404817551783,99.6957872934929,96.33623627110897,48.2639853760328,34.32034951685088
350278,VITESCO TECHNOLOGIES GROUP,0,57.78805031122845,71.92421488425805,90.6965647586549,87.72544638051566,95.3533479448519,91.25428626975068,45.75558939548734,46.27260773939456
351590,DAIMLER TRUCK HOLDING AG,0,78.96367140984644,90.72720987060261,94.66458566902112,96.33195054768244,91.6340775824631,96.04128308544799,51.73025040973193,59.36410559282734
354519,DR ING  H C F PORSCHE AG,0,50.029694465733776,55.55846336404028,97.63377204012727,88.77107854501845,76.61958499103889,88.92806969611274,57.45109077398191,40.00067831360341
355804,IONOS GROUP SE,4,21.39971133417561,30.712596730604236,95.90963979130976,42.25783448729488,95.88461261733767,63.415227811817445,58.75462518109481,18.92818732852058
358679,SCHOTT PHARMA AG & CO KGAA,5,46.53685388587489,48.02596525145641,83.14575471886101,92.76338345957417,97.62062469187917,95.1041649768626,51.560931277324606,37.49627295059866
360887,DOUGLAS AG,4,31.742533362328878,55.97607607262071,99.57882169514627,79.40009905245998,72.84031782304845,89.46225257436846,49.97043369706803,31.832238464701692
