dltt,xint,seq,invt,dlc,emp,gsector,naics,ebitda,fincf,ivst,che,at,lt,revt,ivch,oancf,loc,oibdp,ggroup,gind,sale,sic,rect,gsubind,ebit,xsga,act,fyear,ib,isin,dp,xrd,datadate,capx,lct,dvt,cogs,gvkey,conm,ppent,ceq,roa,roe,ebit_margin,ebitda_margin,net_profit_margin,operating_margin,gross_margin,roc,current_ratio,quick_ratio,cash_ratio,cash_ratio_enhanced,working_capital_ratio,debt_to_equity,total_debt_to_equity,equity_ratio,debt_ratio,interest_coverage,net_debt_to_ebitda,debt_to_assets,asset_turnover,revenue_per_employee,receivables_turnover,days_sales_outstanding,capital_intensity,working_capital_turnover,inventory_turnover,asset_quality,capex_to_revenue,capex_to_depreciation,fcf,fcf_margin,reinvestment_rate,cash_conversion,financial_leverage,rnd_intensity,dividend_payout_ratio,retention_ratio,revenue_growth,asset_growth,employee_growth,fcf_growth,capex_growth,margin_trend,leverage_trend,capex_trend,fcf_trend,margin_volatility,leverage_volatility,cf_to_assets,cashflow_volatility,margin_consistency,growth_quality,ebitda_outlier,ebit_outlier,roa_outlier,roe_outlier,ebit_margin_outlier,ebitda_margin_outlier,net_profit_margin_outlier,operating_margin_outlier,gross_margin_outlier,roc_outlier,current_ratio_outlier,quick_ratio_outlier,cash_ratio_outlier,cash_ratio_enhanced_outlier,working_capital_ratio_outlier,debt_to_equity_outlier,total_debt_to_equity_outlier,equity_ratio_outlier,debt_ratio_outlier,interest_coverage_outlier,net_debt_to_ebitda_outlier,debt_to_assets_outlier,asset_turnover_outlier,revenue_per_employee_outlier,receivables_turnover_outlier,days_sales_outstanding_outlier,capital_intensity_outlier,working_capital_turnover_outlier,inventory_turnover_outlier,asset_quality_outlier,capex_to_revenue_outlier,capex_to_depreciation_outlier,fcf_outlier,fcf_margin_outlier,reinvestment_rate_outlier,cash_conversion_outlier,financial_leverage_outlier,rnd_intensity_outlier,dividend_payout_ratio_outlier,retention_ratio_outlier,revenue_growth_outlier,asset_growth_outlier,employee_growth_outlier,fcf_growth_outlier,capex_growth_outlier,margin_trend_outlier,leverage_trend_outlier,capex_trend_outlier,fcf_trend_outlier,margin_volatility_outlier,leverage_volatility_outlier,cashflow_volatility_outlier,margin_consistency_outlier,growth_quality_outlier,years_available,latest_year,PC1,PC2,PC3,PC4,PC5,PC6,PC7,PC8,cluster,cluster_name,proximity_score,profitability_score,liquidity_score,leverage_score,efficiency_score,cashflow_score,structure_score,relative_score,overall_score
138.6,3.0,4898.4,18.9,541.3,0.387,25.0,523999.0,1065.2,-80.6045,33.2,431.751,5689.9,767.0,1136.5,,320.288,DEU,1065.2,2550.0,255030.0,3809.562,6799.0,670.155,25503030.0,1059.3,575.095,1855.197,2021.0,1059.9,DE000A12UKK6,5.9,84.1,2021-12-31,151.34750000000003,1276.941,49.706,2454.5,318452,ROCKET INTERNET SE,42.6,4898.4,18.617198896289917,21.637677609015192,93.2072151341839,93.72635283765949,93.26000879894414,93.72635283765949,-115.9700835899692,21.03037522334723,1.4528447281432735,1.438043731072931,0.3381135072019772,0.36411314226734043,10.162849962213745,0.028294953454189125,0.1388004246284501,86.08938645670399,13.480026011001952,353.09999999999997,0.2329600075103267,11.949243396193255,0.19973988998049177,2936.692506459948,1.6958763271183532,215.2279586449626,3.748350197976243,1.965392490523229,129.8677248677249,19.365999402449955,13.316981962164542,25.652118644067798,168.9405,14.864980202375714,47.253565541013096,30.235816104974987,1.161583374162992,7.399912010558732,4.689687706387395,95.31031229361261,118.81016557566424,41.132552832622274,-96.87865467596886,0.0,0.0,-122.01437830990707,-0.02148888102754913,-13.383265110513692,-14.938968264442677,777.5365159611879,0.09091844771087687,5.629062022179652,1.7867720189191225,0.14775142725213203,,False,False,False,False,True,True,True,True,True,False,False,False,False,False,False,False,False,False,False,True,False,False,False,True,False,False,False,False,True,False,False,True,False,False,False,False,False,False,False,False,True,False,True,False,False,True,False,True,True,True,False,False,False,False,8,True,-4.860204482526025,-0.4896639784948402,-1.5513986880023634,-0.43307433298923775,-5.190087570105162,0.45376410940196793,-4.709328159539594,-0.14227253530921094,4,High Performers,1.1952840785453993,2.397011530982274,70.99156862419926,24.272707441635887,18.147556267524944,45.87601159899585,82.99274539007176,53.1470976933923,6.1069201219069456
14772.0,1082.0,31549.0,2560.0,3898.0,20.985,55.0,221122.0,8686.0,1116.0,6851.0,11941.0,98440.0,64817.0,24224.0,1863.0,6620.0,DEU,8686.0,5510.0,551050.0,24224.0,4911.0,7911.0,55105010.0,6791.0,2983.0,35022.0,2024.0,5135.0,DE0007037129,1895.0,26.0,2024-12-31,9377.0,27575.0,813.332,15916.0,100953,RWE AKTIENGESELLSCHAFT,37447.0,31549.0,6.898618447785452,16.276268661447272,28.03418097754293,35.85700132100396,21.197985468956407,35.85700132100396,34.29656538969617,14.660737030720409,1.2700634632819583,1.1772257479601087,0.4330371713508613,0.6814868540344515,7.565014221861032,0.46822403245744715,0.5917778693460966,32.04896383583909,65.84416903697684,6.27634011090573,0.7746949113516003,18.96586753352296,0.2460788297440065,1154.3483440552777,3.062065478447731,119.20058619550859,154.5863606340819,3.2528534980529074,6.2171875,20.166598943518895,38.709544253632764,4.948284960422163,-2757.0,-11.381274768824307,141.6465256797583,97.48196141952585,3.120225680687185,0.10733157199471599,15.838987341772151,84.16101265822785,-15.199887978715953,-7.562867391590133,4.221504842314361,202.63446761800222,82.21919937815781,1.6612269284570662,-0.27183617371685476,2.3173572420120676,-0.9512590599829768,11.741637627714423,1.4377917055857417,6.7249085737505085,3.678125398525585,0.22018780595825974,0.06741778818363019,True,True,False,False,False,False,False,False,False,False,False,False,False,False,False,False,False,False,False,False,False,False,False,False,False,False,True,False,False,False,True,True,True,False,False,False,False,False,False,False,False,False,False,False,False,False,False,True,False,False,False,False,False,False,11,True,-0.8891892721070059,-0.5150085197943045,-1.6133114252942315,-0.7130727701314589,0.19014879444598184,-0.3454190530857993,-0.8471671446076612,0.2629566164869867,4,High Performers,30.950015954121284,77.84714676812008,78.2763539594254,82.62498538884954,44.026200042765026,47.88497511429245,96.80397127023902,48.61462106644451,42.81586428057224
1751.5,88.3,5543.3,0.0,2460.8,0.711,50.0,517810.0,899.5,-364.4,0.0,177.5,11035.8,5492.5,1095.3,,797.5,DEU,899.5,5010.0,501010.0,1095.3,4899.0,418.2,50101020.0,483.6,68.6,599.8,2022.0,473.1,DE000A3H3LL2,415.9,84.1,2023-03-31,398.4,3098.7,20.2,46.1,347036,VANTAGE TOWERS AG,3561.8,5543.3,4.382101886587289,8.534627388017968,44.152287044645306,82.12361909979002,43.193645576554374,82.12361909979002,95.79110745914362,6.629379832209245,0.19356504340529898,0.19356504340529898,0.05728208603607965,0.05728208603607965,-22.643578172855612,0.3159670232532968,0.7598903180415998,50.23016002464706,49.769839975352944,5.4767836919592305,4.485603112840467,38.16941227640951,0.09924971456532376,1540.506329113924,2.6190817790530847,139.36181867981375,325.1894458139323,,,5.397886877254029,36.373596274993155,0.9579225775426785,399.1,36.43750570619922,49.956112852664575,164.90901571546732,1.9908357837389279,7.678261663471194,4.269710420629887,95.73028957937011,7.036059806508366,2.9305327563050154,33.39587242026265,-36.418671339812015,38.237335183900065,-3.4009206978608333,-0.017038389323645986,8.59046786226722,-0.9005132019462643,3.603036892031549,0.017314030801691624,7.226481088820022,2.871600803488531,0.8909546372101826,,False,False,False,False,True,True,True,True,False,False,False,False,False,False,False,False,False,False,False,False,False,False,False,True,False,False,True,False,False,False,True,False,False,False,False,False,False,False,False,False,False,False,True,False,False,False,False,True,False,False,False,False,False,False,3,True,-1.5962754023992594,-0.838336586517353,-4.102041588609568,-0.6871892189452651,2.313229065314727,0.03869699970377306,-0.9871227510868595,0.5620931558760356,4,High Performers,19.890227893188218,35.65085413794114,44.65015639645431,65.2049767197843,63.10924133718078,49.848580336648965,88.58179071318375,48.67326093065465,31.07314585741906
2842.1,87.7,654.9,87.0,250.6,2.12,20.0,482111.0,472.9,-169.7,8.2,137.6,4643.8,3988.6,1218.3,14.0,517.8,DEU,472.9,2030.0,203040.0,1218.3,4400.0,177.3,20304010.0,174.6,4.8,426.2,2020.0,21.9,DE000VTG9999,298.3,84.1,2020-12-31,278.8,563.9,88.2,586.9,203586,VTG AG,3371.4,654.9,3.759851845471381,3.344021988089785,14.331445456784042,38.816383485184275,1.7975868012804728,38.816383485184275,51.826315357465326,4.992851015155848,0.7558077673346338,0.6015250931016137,0.2440148962582018,0.25855648164568185,-2.9652439812222746,4.339746526187204,4.722400366468163,14.102674533786983,85.8908652396744,1.9908779931584948,6.248889828716431,66.59847538653688,0.2623497997329773,574.6698113207547,6.87140439932318,53.11868997783798,276.72986949027336,,6.7459770114942526,6.781084456694947,22.884347040958712,0.9346295675494468,238.99999999999994,19.61749979479602,53.84318269602164,296.5635738831615,7.090853565429837,6.903061643273413,402.7397260273973,-302.7397260273973,-0.19660850331777446,-1.006182050735449,22.89855072463769,602.9411764705881,-27.97726685610953,0.9468156020376334,0.2723770499931148,0.958952406346361,1.926840640123456,2.605489586340343,0.9386014050243712,11.15035100564193,0.9650387411727354,0.6162528051180126,-0.6886423528018596,False,False,False,False,False,False,False,False,False,False,False,False,False,False,False,True,True,False,False,False,False,False,False,False,False,False,True,False,False,False,True,False,False,False,False,False,False,False,True,True,False,False,False,True,False,False,False,False,False,False,False,False,False,False,7,True,1.1247566502145538,-0.4913931034607775,-2.6648488697988073,-1.0110669763831555,1.3277887748468131,-0.2705852270717761,-0.9072057728045847,0.6905878487417009,4,High Performers,30.980377605263037,60.19975122065663,83.80895433323887,46.505917320760815,78.82504207259554,54.72227954141563,75.61013431432245,50.80445717582558,40.906449329201955
11108.5,470.8,4828.6,24.8,1367.8,19.211,20.0,488119.0,1243.5,489.9,651.9,3298.1,20252.8,15074.7,4489.3,,1179.1,DEU,1243.5,2030.0,203050.0,4489.3,4581.0,499.9,20305010.0,711.2,37.0,3977.0,2024.0,450.6,DE0005773303,532.3,84.1,2024-12-31,1250.1,2476.6,88.2,3053.9,245839,FRAPORT AG,9850.3,4828.6,3.511613209037763,9.331897444393821,15.842113469805982,27.69919586572517,10.037199563406322,27.69919586572517,31.973804379301896,4.462543373637613,1.6058305741742713,1.5958168456755228,1.331704756521037,1.594928531050634,7.4083583504503085,2.3005633102762704,2.5838338234685,23.841641649549693,74.4326710380787,1.5106202209005948,7.380940892641736,61.602840101121814,0.22166317743719388,233.68382697412943,8.980396079215843,40.64408705143341,219.41728109059318,2.9920687816582245,123.14112903225806,18.75296255332596,27.846212104336978,2.348487694908886,-71.0,-1.5815383244603836,106.0215418539564,165.79021372328458,4.194342045313341,1.8733432829171583,19.573901464713714,80.42609853528629,10.819550728215255,7.209291246049676,6.390873345516979,-10.915934755332424,32.580337257397375,-1.4119148056778545,0.20639183826524174,2.5186092961726434,-2.8340724992644297,19.168434900645412,0.7840965888141145,5.821911044398799,2.761984825328693,0.059681037092877774,0.6484236809527287,False,False,False,False,False,False,False,False,False,False,False,False,False,False,False,False,False,False,False,False,False,False,False,False,False,False,True,False,True,False,True,False,False,False,False,False,False,False,False,False,False,False,False,False,False,False,False,True,True,True,False,False,False,False,11,True,0.22873385658746703,-0.3184018406729759,-1.5191985945313018,-1.2004404966793998,0.9010550780880776,-0.5901996464808411,-1.1232631143576293,0.410432223106002,4,High Performers,34.085447632436484,62.21121525321662,74.79504884252086,68.79261851712168,61.80825325065219,50.20920832418834,94.93901513740718,49.080803510257844,42.226921942927916
1440.8,40.9,2009.9,308.3,82.5,3.825,45.0,334413.0,360.2,525.6,366.6,663.7,5084.4,2869.2,1412.8,292.3,344.5,DEU,360.2,4530.0,453010.0,1412.8,3674.0,188.4,45301010.0,121.7,73.1,1198.2,2024.0,63.0,DE000WAF3001,238.5,83.1,2024-12-31,699.9,570.3,6.0,898.9,319865,SILTRONIC AG,3820.8,2009.9,2.3935960978679884,3.134484302701627,8.61409966024915,25.495469988674973,4.459229898074745,25.495469988674973,36.37457531143828,3.5268206450865045,2.1009994739610733,1.560406803436788,1.1637734525688237,1.806593021216904,12.349539768704275,0.716851584655953,0.7578984029056172,39.53072142239006,56.43143733773896,2.975550122249389,2.3864519711271512,29.96027063173629,0.2778695617968689,369.359477124183,7.498938428874734,48.67355605889015,270.4416761041903,2.2500398152572063,2.91566655854687,16.75910628589411,49.53992072480181,2.9345911949685535,-355.4,-25.15571913929785,203.16400580551522,283.07313064913717,2.529678093437484,5.881936579841449,9.523809523809524,90.47619047619048,-6.6719513806315245,12.863770560944744,-2.0987970309700454,-50.00703333802223,-41.61661661661662,1.3043987376036914,0.02857687177787374,6.12410903989961,-4.0532578301195255,10.982404135082342,0.28275825618027317,6.775627409330502,8.47179587857436,0.15517386689275128,0.1554490730765204,False,False,False,False,False,False,False,False,False,False,False,False,False,False,False,False,False,False,False,False,False,False,False,False,False,False,True,False,False,False,True,False,False,False,False,False,False,False,False,False,False,False,False,False,False,False,False,True,True,False,False,False,False,False,11,True,-0.2463803519128055,-0.22681460455266214,-0.8624066816534325,-1.5270957573797375,1.763261413593216,-0.5923730494615121,-1.2989304826589654,0.6750698496030981,4,High Performers,32.21967061441804,48.06971444193775,58.87551435999859,86.65714991143928,79.06425960335663,53.82748964188004,92.41370960928688,48.10117507908585,43.02716506580219
1364.777,60.596,692.012,0.339,124.608,0.108,55.0,221114.0,159.818,10.085,71.188,195.576,2519.698,1818.313,222.432,,153.037,DEU,159.818,5510.0,551050.0,222.432,4911.0,65.523,55105020.0,57.325,18.688,277.428,2017.0,27.221,,102.493,84.1,2017-12-31,93.92,182.821,88.2,7.431,248220,CAPITAL STAGE AG,1455.168,692.012,2.2750742350869038,3.9336023074744375,25.771921306286867,71.85027334196519,12.23789742483096,71.85027334196519,96.65920371169615,2.7871113663093303,1.517484315259188,1.515630042500588,1.0697676962712162,1.4591540359149113,3.7546959992824536,1.97218689849309,2.1522531401189577,27.464084981612874,72.16392599430567,0.9460195392435146,8.095514898196697,59.10966314217021,0.08827724592391628,2059.5555555555557,3.394716359141065,107.52002859300819,654.2080276219249,2.3511156679738283,21.920353982300885,10.362313261351161,42.22414041145159,0.9163552632862733,59.117000000000004,26.577560782621205,61.37077961538713,266.96380287832534,3.6411189401339863,37.8093080132355,324.0145475919327,-224.01454759193268,56.881995725862765,7.0482288829495365,16.129032258064523,-27.111434419155177,563.4173906901179,-3.79282540857258,-0.2862321351009119,-2.113981426911015,1.5653646814037216,6.149028151568778,0.6377291110357374,6.073624696292969,0.8969912486643496,0.6341054565400587,-0.45110585783594304,False,False,False,False,False,True,False,True,False,False,False,False,False,False,False,False,False,False,False,False,False,False,False,True,False,False,True,False,False,False,True,False,False,False,False,False,False,True,True,True,True,False,False,False,True,True,False,True,False,False,False,False,False,False,4,True,-0.22786333730209504,-0.9290121880402419,-4.156539539167563,-2.651858342877382,4.533852335282692,-0.3790215340783157,-1.9928679956876432,2.5561809380429876,4,High Performers,8.177772574459214,40.81374009330532,83.42765349289576,77.00228684298764,10.749381430226833,53.54670565205099,99.15794569037676,52.51650631416661,20.746492947277538
1584.684,107.572,766.293,6.902,1003.269,0.423,55.0,22111.0,237.524,266.853,102.833,478.049,3923.899,3148.809,410.804,21.524,207.068,DEU,237.524,5510.0,551050.0,410.804,4911.0,160.594,55105020.0,72.748,48.345,669.399,2024.0,-173.159,DE0006095003,164.776,84.1,2024-12-31,215.539,1150.37,88.2,45.87,329260,ENCAVIS AG,2684.594,766.293,1.8539722862387642,-22.596970088464854,17.708688328253867,57.81930068840615,-42.15124487590189,57.81930068840615,88.8340911967751,3.0943731053089847,0.581898867320949,0.5758990585637664,0.41556108034806194,0.5049523196884481,-12.25747655584407,2.0679870493401347,3.3772369054656637,19.528866568685892,80.2469431552647,0.6762726360019337,8.88290867449184,65.95360889768061,0.10469280682300945,971.1678486997636,2.5580283198625104,142.68802153825183,653.497531669604,,6.645899739206027,16.275724731956657,52.467600120738844,1.3080727775889691,-8.470999999999975,-2.062053923525568,104.09092665211428,284.637378347171,5.120624878473378,20.472049931354125,,,-12.994010454171933,9.803794820563837,7.360406091370542,-105.83635336429151,140.19769541088104,-1.7933585055783152,0.0002615165379069288,1.1090660343816516,-3.167883605059035,7.241835752217022,0.5631549626380469,5.277098110833128,1.5789561790488267,0.45993679648027314,0.3029086122153937,False,False,False,False,False,True,True,True,False,False,False,False,False,False,False,False,False,False,False,False,False,False,False,False,False,False,True,False,False,False,True,False,False,False,False,False,False,True,False,False,False,False,False,False,True,False,False,False,True,False,False,False,False,False,9,True,0.623263203480702,-1.0118575558420184,-4.724133540816457,-1.9788496801919804,4.5455172219006466,-0.8444911449433181,-1.975524135898178,2.2312676524228165,4,High Performers,7.793041151076732,42.01341273944688,64.04619637383762,61.81461274903792,10.825580861619708,54.338003375145604,88.27312929759606,49.5631780390433,19.32519741246682
672.8,38.6,891.7,237.2,241.5,21.783,30.0,454.0,266.2,-26.9,9.9,496.6,2632.7,1744.3,7661.3,,239.3,DEU,266.2,3010.0,301010.0,7661.3,5960.0,50.7,30101030.0,2.6,4734.8,887.4,2024.0,-136.4,DE000A161408,263.6,167.7,2024-12-31,112.2,976.1,88.2,2601.1,325735,HELLOFRESH SE,1201.3,891.7,0.09875792912219394,-15.296624425255132,0.03393679923772728,3.4746061373396158,-1.7803766984715388,3.4746061373396158,66.04884288567216,0.16618728028124002,0.9091281630980432,0.6661202745620326,0.5087593484274152,0.5189017518696855,-3.369164735822541,0.7545138499495345,1.0253448469216102,33.87017130702321,66.2551752953242,0.06735751295336788,1.569120961682945,34.72860561400844,2.9100543168610176,351.7100491208741,151.11045364891518,2.4154516857452393,15.680106509339145,,10.965851602023609,20.78854408022183,1.4645034132588464,0.4256449165402124,127.10000000000001,1.6589873781212066,46.88675302966987,9203.846153846152,2.95245037568689,2.1889235508334095,,,0.8516968117315615,1.9912447216518636,14.575005259835905,-4.722638680659664,-55.191693290734825,3.4122079361327287,0.04125791311740634,0.10159847107856994,2.427733443519362,14.281215114286393,0.6547261115670869,9.08952786113116,27.8212903455183,0.6279619665767598,0.26846720111114136,False,False,False,False,False,False,False,False,False,False,False,False,False,False,False,False,False,False,False,False,False,False,True,False,True,False,False,False,False,False,False,False,False,False,False,True,False,False,False,False,False,False,False,False,False,True,False,False,False,True,False,True,False,False,11,True,2.3329864821986175,-0.743772839730407,2.6678437753784183,7.02757573969448,4.627296665704878,7.754342474677407,-4.004569374319194,-0.7167101076153148,4,High Performers,0.20308015361585446,31.27689254069087,86.82596912710402,88.22624955549179,5.315562896062423,0.4833812683894574,95.53590248370757,49.49890019112935,15.956569959543058
