gvkey,company_name,years_available,roa_trend,roa_trend_r2,roa_volatility,roe_trend,roe_trend_r2,roe_volatility,ebit_margin_trend,ebit_margin_trend_r2,ebit_margin_volatility,revt_trend,revt_trend_r2,revt_volatility,revt_cagr,debt_to_equity_trend,debt_to_equity_trend_r2,debt_to_equity_volatility,fcf_trend,fcf_trend_r2,fcf_volatility,cluster,cluster_name,static_proximity_score,static_profitability_score,static_liquidity_score,static_leverage_score,static_efficiency_score,static_cashflow_score,static_structure_score,static_relative_score,static_overall_score,proximity_score,trends_score,relative_score,overall_score,cluster_name_enriched
17436,BASF SE,11,-0.5203910451744728,0.4618113988120526,2.421572580770398,-1.7381982240373897,0.5355901335056996,7.510745009251506,-0.5584299133540365,0.5278355347349147,2.430632843352111,568.4818181818182,0.042123343710344194,8759.012785423172,-1.292391284636929,0.009783718602490584,0.23775978726264552,0.06345045655132885,-116.9909090909091,0.11235853006194121,1103.695041123975,0,Upper-Mid,67.26440166214073,75.77762840647696,80.38620264192511,85.17713756951173,95.88433051138996,95.49723824988662,94.65742062213893,48.792188509029884,64.96164967981136,26.493952465363623,73.05749988657787,48.461539494258176,10.59758098614545,Upper-Mid (Strongly Growing)
17828,MERCEDES BENZ GROUP AG,11,0.0712214336077651,0.017552498218325815,1.6999699420134697,-0.24603295279874668,0.03395305185716316,4.2223465039431725,0.3217632319941527,0.12006513144456506,2.9364862071335196,90.5,0.0005314302406127889,12414.391787540197,1.14927981301447,-0.048266734018703114,0.29235502880583786,0.28228813787041723,2624.2636363636366,0.6589083787831028,10223.390447788535,0,Upper-Mid,69.47722148542661,90.95141691850908,92.42796714459197,90.0393052691562,72.25220376513279,97.3363681433293,99.24507961204195,50.90462175232187,65.822933069558,0.7107748150215141,2.7168900276428696,54.66092911753901,0.28430992600860566,Upper-Mid (Strongly Growing)
19349,SIEMENS AG,11,0.053867822909594944,0.03957489262524719,0.8562873951571512,-0.2601259080517099,0.08604901865672822,2.8042107404142556,0.4274657300079713,0.5980832047422889,1.7479157657238142,-562.6545454545455,0.0435183113190721,8529.1512187554,0.5440493330430618,0.024189964481627198,0.30192877867166107,0.1392140203350838,538.9454545454546,0.8694510628374966,1827.7729347012573,0,Upper-Mid,65.37420433391122,81.79430379191493,96.56570250444426,89.33785167577865,70.2787601195146,95.72293715754151,99.41871993006652,52.00634026108627,61.984141677452534,15.512040887504291,53.58115823284577,50.067873107953176,6.204816355001717,Upper-Mid (Strongly Growing)
100004,ALTANA AG,11,-0.4294549207168277,0.7007472582499219,1.6223213352994572,-0.5452305191279143,0.5225549415582613,2.385141658824102,-0.6327483285192008,0.7372969057825468,2.33028908492473,112.35146363636363,0.8245511120904775,391.2640478104163,4.962984628067524,-0.004314428789918088,0.04802237947000939,0.06225890350962744,-6.00260909090909,0.058063456261246434,78.77503769868822,0,Upper-Mid,28.271066574142466,91.08948788212541,38.919467537611794,44.355822616573846,86.16637409938657,98.15114343986805,89.0664774535373,53.71500845317385,46.886862582647446,24.251715247351466,85.62217890382901,49.59590247120021,9.700686098940587,Upper-Mid (Strongly Growing)
100010,BAYWA AG,11,-0.11533689911326939,0.03532613484965294,1.9405293236001875,19.327966136148117,0.240182522094857,124.71407087885252,-0.03931910422043276,0.015968115640003326,0.9839584971450079,993.285990909091,0.6815896952618818,3804.6332794286823,3.369252419736979,-0.15649838428529866,0.024611136032805365,3.154598029706818,9.983099999999997,0.0067979889256451365,382.8910324843854,-1,Mid,0.0,0.0,0.0,0.0,0.0,0.0,0.0,,0.0,0.0,0.0,,0.0,Noise
100022,BAYERISCHE MOTOREN WERKE AKT,11,-0.10730136513996358,0.06792746527834241,1.3019147361570051,-0.3146579923066314,0.05804011733372972,4.130233704730176,-0.32164706862213477,0.21494507685424238,2.193895041339535,6683.054545454545,0.810457656858978,23475.229185724984,5.881175402100247,-0.0543750060409246,0.6511705363045724,0.2130845429629302,1102.4545454545455,0.29544514992115367,6413.901114308845,0,Upper-Mid,58.159299369142516,83.47983086932905,72.73258356804953,89.05931289625437,68.80828670676735,92.21389829055212,99.55047735865114,48.80773035261733,59.18686021716336,2.946230958065277,23.937811946359083,55.742210865134545,1.1784923832261107,Upper-Mid (Strongly Growing)
100042,MAN SE,7,-0.4479385377431797,0.347393494414941,1.5199789832710475,-0.16028040694243867,0.003480138817942163,5.433906335897462,-0.6133146416011801,0.26986976990822675,2.3612186724961832,-495.7857142857143,0.7008141040379622,1184.4659693942504,-4.499330360890596,-0.01768489174889099,0.255924466004098,0.06991598790538837,88.10714285714285,0.1154336387291758,518.6506433003996,0,Upper-Mid,25.780727700728217,38.452306063066985,40.895207256202646,83.57050994979903,73.89694457320911,97.29938477498594,99.29130460601615,41.498775957049844,37.44434497386595,38.90272206705655,97.95497791873836,46.78978640616272,15.56108882682262,Upper-Mid (Strongly Growing)
100054,HOCHTIEF AG,11,-0.14084986850625408,0.030115899190355712,2.5666020009856867,6.083255581648264,0.5480483281186025,25.985234156541445,-0.06720832207467914,0.015951066538431043,1.6827832852108888,892.2464909090907,0.5967033578690626,3652.6293771794976,4.185843296378322,0.5610995548342448,0.6963027607723041,2.1263799353333384,57.22258181818182,0.19735381212053,407.32839778632365,-1,Mid,0.0,0.0,0.0,0.0,0.0,0.0,0.0,,0.0,0.0,0.0,,0.0,Noise
100080,BAYER AG,11,-0.4288697186165794,0.476740795898359,1.9641932955671328,-2.7608516899841353,0.22424349667620563,18.436698304190028,-0.24551522162971406,0.06171449807406264,3.125250421271386,535.8454545454546,0.1672992559745073,4142.786442013664,0.9887089806627225,0.05305825952896785,0.4464733623542867,0.2511049206481051,-170.84545454545454,0.1538049135320641,1377.5847411351012,0,Upper-Mid,46.29804354897016,60.35571694858848,77.52129984527306,75.20409070702023,64.74687293070549,96.2811610358732,96.02179288207849,50.04124327852801,47.82280081961361,34.85899315537104,67.64290215182503,47.759859893949525,13.943597262148415,Upper-Mid (Strongly Growing)
100083,BEIERSDORF AG,11,-0.5141279617984581,0.7410026651051637,1.8886928639604164,-0.6823819037512364,0.7678657660515293,2.4625488150890216,-0.15217338384611181,0.2707791238919422,0.924764412760078,326.76363636363635,0.8449818090711269,1124.1131821489294,4.595522763056659,0.0,0.0,0.005544862366089686,11.918181818181818,0.031801371066971354,211.3426187008641,0,Upper-Mid,35.0000761471571,52.30639715430245,74.00733562816663,47.10582783831701,90.97878374347813,94.29967869926068,89.4238606721695,52.92728354916754,42.81871023507675,20.754759441231148,87.84452948044041,49.37669798222363,8.301903776492459,Upper-Mid (Strongly Growing)
100102,BILFINGER SE,11,0.5695337436079179,0.5407423370573197,2.449200127145734,2.2161037252089764,0.564608423035581,9.326450882408352,0.4126368727273162,0.5153294296066727,1.8177140365653566,-203.60272727272726,0.2851087648468285,1205.8084050760576,-4.150858180766304,-0.00039443784884686355,0.00011585635504330369,0.11588271217694304,33.99909090909091,0.49024155259863134,153.5543928718678,0,Upper-Mid,46.103470372832774,65.057579091434,88.47744116059324,93.76634324766644,53.45167102660603,94.96830910087729,97.70712601656409,48.583321043204606,48.84728894617746,25.91304657613678,90.6622545980915,49.71231669435273,10.365218630454713,Upper-Mid (Strongly Growing)
100103,DEUTSCHE LUFTHANSA AG,11,-0.5617290508643753,0.08446491297315478,6.112075571426645,-6.387833899167408,0.018611724777764963,148.06769098685936,-1.207206223448933,0.03648419256982127,19.98614785759215,46.86363636363636,0.0004661649346416676,6863.824700606882,2.5721015688386695,0.14158429666347322,0.035236317412633236,2.385172706027584,13.236363636363645,0.0007369246689316394,1541.9033156170149,0,Upper-Mid,35.019568238606766,51.875779096380256,51.91963536012912,67.13727137338812,77.31617617408469,91.50258036129148,91.58065176098613,45.99488126827807,42.694136678170274,20.02326597292781,88.0102561496655,48.138836266417144,8.009306389171124,Upper-Mid (Strongly Growing)
100301,DEUTZ AG,11,0.21197415125334534,0.036479633601421764,3.509600402398492,0.20929750663291274,0.004556116621216391,9.80542988594786,0.16627029306584631,0.03559413064403613,2.7869261922681132,59.57727272727273,0.4760333806359714,273.06240742201663,1.7142322953800138,0.00116008590090516,0.009036280568642592,0.03859182308139651,-0.15818181818181756,0.00025168571905502437,31.530239977803074,0,Upper-Mid,52.62493206731747,62.56961525631943,91.04374465488691,71.22266138324105,78.79866835544483,92.72927383949254,92.6433418097185,46.6888164133325,52.50596226983171,26.935187546849964,86.3406960736906,46.21595476528454,10.774075018739985,Upper-Mid (Strongly Growing)
100312,RHEINMETALL AG,11,0.5783965084088859,0.7175370644572374,2.1592528069765526,1.1620389357177765,0.32815794115655794,6.414742398592563,1.0327341372410506,0.8918064260790117,3.4582249060277586,317.83636363636367,0.6255426776159074,1270.7938691429226,7.598484724871546,-0.009712289647486825,0.043351069805412853,0.14751008597108753,60.39090909090909,0.37170725005807737,313.2355541708096,0,Upper-Mid,51.942480680322866,58.360349165885374,88.60851508571825,74.7241655579306,82.760574127057,96.05861811284639,95.51240973456822,51.44375857148291,52.33556478015784,24.871394357452875,94.14890980316453,52.13236084193517,9.948557742981151,Upper-Mid (Strongly Growing)
100368,GEA GROUP AG,11,0.3449355390204477,0.2593886434230235,2.1417188718681035,0.8172597569698119,0.1320900259650116,7.110908680532153,0.2639485037882495,0.1260541894012099,2.350934679794573,87.73794545454541,0.7485932492329053,320.67455977361215,1.846141977168525,0.0018460692198529823,0.005350550787981418,0.07980842419687104,26.384145454545454,0.24668232586212144,167.98635828188526,0,Upper-Mid,58.468152326936696,68.0031289990698,70.89606651952903,90.63069620647252,91.08344470302286,96.49772465925993,96.38299618678205,48.96962375068287,59.713473056689324,39.459241167593646,89.68045214721984,48.02862998023815,15.783696467037458,Upper-Mid (Strongly Growing)
100373,HEIDELBERG MATERIALS AG,11,0.29976659766120317,0.6970450987441217,1.1354102219757254,0.4437188060540137,0.03856572739990489,7.145079612124688,0.19303997330217662,0.2133822877909015,1.3215027318979156,855.3354545454547,0.9045646146825234,2843.9154262628026,5.321263252377473,-0.00956857183135427,0.07139085233289547,0.11324677363892495,128.66363636363636,0.599318553274637,525.5656348439513,0,Upper-Mid,47.940909640469506,60.91201835420465,78.99751325537387,71.55563031143285,70.79137290737386,95.63584227712424,92.63853469801819,51.175228231687356,49.1330364942781,29.042263590423957,96.33602755343833,50.47456882905341,11.616905436169583,Upper-Mid (Strongly Growing)
100431,HAPAG-LLOYD AG,11,2.515379552410443,0.3051790405628194,14.398795860909525,4.526882045332824,0.39938513651476437,22.651826648539384,3.2416051113864066,0.3898563721220257,16.417528918537297,1855.9572727272728,0.5687827111004542,7782.063680738829,10.874428478067655,-0.06938069097005194,0.6334430626153152,0.2756670308819258,885.729090909091,0.28338444250350053,5261.540367752357,0,Upper-Mid,42.7870198515877,72.7618106589191,97.13916183591957,52.44793571519444,64.59248255515956,98.26477074551903,90.07580047858308,51.863468814270504,46.60083602721228,6.619595717172055,32.633716444012414,61.29185523633478,2.647838286868822,Upper-Mid (Strongly Growing)
100449,KUKA AG,11,-0.4631867169898604,0.258991599243745,2.878148896773809,-1.2210333941050815,0.29397707669412526,7.121489005938096,-0.36094486786114605,0.16697823251810087,2.7932572925293893,130.22363636363636,0.5638096764752917,548.4329706589358,5.941448534420446,-0.013629318274044441,0.15818439525793723,0.10836581812182922,9.960909090909091,0.03771622486076117,162.19403133794071,0,Upper-Mid,57.18978948716655,63.51098581409646,90.46442386002965,76.80938213233543,87.5796079239542,91.51661539988689,96.78038757687455,48.48102296338102,56.39599235951259,45.921674965020856,87.59902947176226,47.4416519816464,18.368669986008342,Upper-Mid (Strongly Growing)
100590,E.ON SE,11,0.03402854240760464,0.0022315220865026454,2.2779424713954035,16.28362400704672,0.10827437131745137,156.4905909234999,0.09306907973327724,0.007391161642140398,3.4233323923833345,974.1454545454546,0.009276371911631612,31984.144017190716,-3.0948670455667293,0.4619599543941336,0.15185723191699302,3.7487509618182164,-76.46363636363637,0.007721965738015083,2751.6361894349816,0,Upper-Mid,37.98891552828078,74.03577988655712,57.685493000358704,51.497790181118944,84.04455916511844,92.26560112108663,77.24992061973518,49.99232706954131,47.7591850815034,7.3014118393046195,77.41612253006497,49.81011492754348,2.920564735721848,Upper-Mid (Strongly Growing)
100609,CONTINENTAL AG,11,-0.938632263498655,0.7222590861166054,3.4926009763149723,-1.9999289570596204,0.3588278342991959,10.557753224576512,-0.7538652456830097,0.7364185025449634,2.7779944665033045,38.436363636363765,0.0012213128285132322,3477.994044662922,1.4169969075610744,0.004158316593092613,0.013238943149874364,0.11428543682602121,-198.93818181818187,0.6929302661759232,755.7416872524897,0,Upper-Mid,71.88955029245732,82.11664370595527,89.56707280662249,94.95143682909935,79.3999135462575,96.63503646275508,97.04484116582385,47.98334454921023,66.58427957302254,16.956002398867884,64.97962817851511,48.89180705403583,6.782400959547154,Upper-Mid (Strongly Growing)
100676,TUI AG,11,-0.6537878863754827,0.0770570550665644,7.447845619031899,17.26145511043128,0.07547133086007227,198.694753131569,-1.203153195840356,0.06308410577053884,15.148197311994114,-147.5081818181817,0.007755851818688177,5296.6510066220535,2.1572645288610914,-0.8554466557067671,0.07900796887971322,9.62404143682412,52.75090909090909,0.018258690673963168,1234.5114801189395,-1,Mid,0.0,0.0,0.0,0.0,0.0,0.0,0.0,,0.0,0.0,0.0,,0.0,Noise
100736,K&S AG,11,-0.0731814294916662,0.0016178148930955634,5.753557715786718,-0.3968782796131675,0.0017869634139065674,29.689268749862986,-0.31333950646612385,0.009517320711997845,10.156821098713303,19.732727272727296,0.006932182733449592,749.4663050993947,-0.45017593280665125,-0.04146740723369156,0.19829467122244812,0.2944769863945724,111.17,0.5506862073236133,473.73503718275424,-1,Mid,0.0,0.0,0.0,0.0,0.0,0.0,0.0,,0.0,0.0,0.0,,0.0,Noise
100737,VOLKSWAGEN AG,11,0.1759738510613116,0.40197492609232893,0.8777051696596321,0.1936288876674181,0.02709842207470783,3.719616359472993,0.42298112486831807,0.6087469152289839,1.7143622738765163,11444.763636363637,0.8164301856440268,40054.12982308188,4.835615451471287,-0.0014811092179576406,0.003270337588635249,0.08190129934863843,1683.2545454545457,0.22947784958896217,11111.671922311732,0,Upper-Mid,58.01166443644029,90.54022673268798,75.65190128465159,75.94952996474308,70.33470892647277,91.63834756639635,96.03808613732876,49.16397789749091,59.45787045655894,0.22783258950477359,10.433247327792648,61.020270922276005,0.09113303580190944,Upper-Mid (Strongly Growing)
100746,CECONOMY AG,11,-0.3118494264262327,0.6535841014263725,1.2198156751662448,0.5906903639120662,0.008673802168773228,20.056499168889847,-0.1293155919597767,0.7194935357172964,0.4821003469264099,-4209.045454545454,0.5994903095030376,17190.659260720102,-9.812161164028998,0.4261993072051868,0.7054665713415734,1.6046285672638447,-40.06363636363636,0.11607259120516987,371.8651892934649,-1,Mid,0.0,0.0,0.0,0.0,0.0,0.0,0.0,,0.0,0.0,0.0,,0.0,Noise
100764,SUEDZUCKER AG,12,0.16065444511932503,0.04656169261071453,2.5701339738968767,0.2952630618997704,0.009693729123219823,10.352400734362153,0.06756510498531743,0.007410046954755941,2.709501349522008,278.12972027972023,0.5158186354006954,1336.830300327981,2.0732520626496553,0.03513257208794161,0.7795310772053456,0.13736327128119744,2.797202797202799,0.00226102805059413,203.07121835016952,0,Upper-Mid,57.375986651188335,72.00012709564886,67.87499902873297,88.82664347311785,83.78626450259941,93.03827706835793,99.57307027428537,49.23227136889642,58.801024102306805,24.86030136919675,86.70632496989398,47.738219235705195,9.9441205476787,Upper-Mid (Strongly Growing)
100953,RWE AKTIENGESELLSCHAFT,11,0.24802652368191275,0.08041591029768799,2.7658405214599946,5.284303510812511,0.1270851613799514,46.87489755067454,1.6612269284570662,0.22018780595825974,11.19521221450407,-2108.8818181818183,0.2676152840860625,12891.302098125074,-6.241995317139281,-0.25492870272791274,0.4153687044273384,1.2508402566732175,-254.14545454545456,0.07590540373486147,2917.064280493134,1,High Performers,47.839752384853185,60.59469749028512,92.58004470472049,76.88451717283625,63.67314396122809,92.42970070456751,91.62035339116846,49.75066543030924,48.49426376346614,26.47129602165345,78.98828848844688,50.710679078216245,10.58851840866138,High Performers (Declining)
101059,AXEL SPRINGER SE,6,-0.08820577785865774,0.027366493116438104,0.9106067374242528,-0.7843262341505066,0.06884000374334924,5.105281551929277,0.05111189900903693,0.002646521889421396,1.6967883393440708,8.597142857142808,0.0076021389213806086,168.39517428424784,0.48379155526803164,0.06581861481809068,0.43503504324194564,0.1704237103777891,4.368571428571427,0.025475634271199362,46.743404169287174,0,Upper-Mid,47.478934924446264,77.77963437147007,59.06814225823166,80.37458759518941,66.53401227017106,98.15171157446166,97.9560062067878,47.63460182684987,52.56506144411712,22.894146667406208,86.90135876035066,45.41948673553302,9.157658666962483,Upper-Mid (Strongly Growing)
101120,AUDI AG,10,-0.17659246329481892,0.05911142312035663,2.086235980605714,0.3360099725213977,0.03895066348074544,4.890144715201467,0.022936803339705384,0.0011104428507367288,1.9770231696722917,622.7575757575758,0.1165194377230684,5240.187218983689,2.948556180753359,-0.001606969621326186,0.2753350218604021,0.008796378595312598,556.4303030303031,0.5470839993800347,2160.7809444735485,0,Upper-Mid,54.968566845614596,63.20138506958368,80.61971424267142,79.33971149348622,81.17646266305732,98.37386476119016,94.00185226814621,47.962972018428154,54.73814430096979,22.47209385776393,52.25818995251929,48.64340791911647,8.988837543105573,Upper-Mid (Strongly Growing)
101148,LECHWERKE AG,11,-0.5832397455941732,0.7030878006977734,2.1995930084700666,-0.43642453454299757,0.0366753096649419,7.206464683998575,-0.6126584818850448,0.5935064248640239,2.514813239645769,-6.372154545454549,0.0032850618714805324,351.5721974912265,-5.704406556061259,-0.0011097331706411463,0.5734104517223269,0.004634317296851969,2.0985409090909077,0.024665504640221315,42.25444844545663,-1,Mid,0.0,0.0,0.0,0.0,0.0,0.0,0.0,,0.0,0.0,0.0,,0.0,Noise
101161,GELSENWASSER AG,11,-0.22518690042393547,0.5627124993858175,0.9492920461609282,-0.16560992262302696,0.09021678878685692,1.7435831846248302,-0.45026659982584105,0.7170057433575504,1.6815446961912393,634.6327272727274,0.31955646934434084,3550.165974562619,12.617147819605234,0.025536537839014918,0.8287809000643339,0.08870378462007979,-3.434545454545456,0.18926771440543586,24.96496718958107,0,Upper-Mid,44.59059067953436,52.01248535676608,65.35728350221817,89.30679643679068,86.08217854683053,91.04499478377575,99.25908804808158,45.0722824284144,50.081739768870605,24.418789896387967,85.93715868433145,50.302919712708835,9.767515958555187,Upper-Mid (Strongly Growing)
101286,LEONI AG,9,-1.609428521142559,0.4392066925078742,6.270347201124659,2.825916086743666,0.010245574288206554,72.08509561390623,-1.0817639148309188,0.3797682293272281,4.532392851504088,85.58336666666666,0.3256418439590064,387.23413571171005,2.738246026454627,0.28609229806830583,0.12307600525387834,2.1055901529007994,-14.822900000000006,0.18517120465670062,88.94075734810401,-1,Mid,0.0,0.0,0.0,0.0,0.0,0.0,0.0,,0.0,0.0,0.0,,0.0,Noise
101390,KSB SE & CO KGAA,11,0.49095135967911474,0.6693411049499705,1.897643901016072,0.9089021466721219,0.3375409282403176,4.9471366766516445,0.4410495948978004,0.635168979838396,1.7500190953048023,66.11860909090912,0.6611164574392494,257.14893188835595,3.1047074705184308,-0.016148784720528896,0.6537568565391048,0.06315848684764931,7.9535,0.12771531561191266,70.3779795860294,0,Upper-Mid,43.68380789857335,67.90693584044773,49.75011339131438,91.31265176411875,82.36267733350971,95.52827396392401,97.42105923900081,52.3377735901571,52.540577103957226,31.27983752404409,87.34795354880085,51.075726736824556,12.511935009617638,Upper-Mid (Strongly Growing)
101768,MCKESSON EUROPE AG,8,-0.6210729632826416,0.7340577515866491,1.660952302316648,0.1484828140766207,0.00042731390085411485,16.45819982702202,-0.19183236718778285,0.593520782858094,0.5705366821312955,-1491.709523809524,0.7100768386679761,4056.124161607359,-11.817815281051235,-0.013002417770400131,0.038117339513185126,0.1525957638036961,-3.5202380952380956,0.007806100332609985,91.29240025188297,0,Upper-Mid,22.612897326190087,49.69014957887944,45.28107217881459,73.97351540625678,37.105497007057444,88.68357286066126,93.09324482983882,46.93436341143704,31.946364937936217,18.077795060697454,85.92662959214665,46.490427307775974,7.231118024278982,Upper-Mid (Strongly Growing)
101937,DMG MORI AG,11,0.00159940605292435,7.268328986588069e-06,1.8760372052470016,0.09001494588263412,0.008502481121148263,3.0870366572228707,0.16743301524572757,0.08957054621112989,1.7691248671833462,-3.5553454545454564,0.002219358197169932,238.65366294484514,-0.04180399465473217,-0.000630535842515135,0.03436320745582994,0.010756300629053535,11.037563636363638,0.2908646714921436,64.71839420849085,0,Upper-Mid,43.881376687149654,64.09242179267059,62.56559007058308,61.10474169770388,93.41418326017039,93.1853451059965,91.24942350246998,52.46122274396353,50.493636692189924,23.04616870988388,87.7339888359603,45.447683642802765,9.218467483953551,Upper-Mid (Strongly Growing)
101942,HENKEL AG & CO KGAA,11,-0.5473890250484145,0.7328551278800158,2.022027325018474,-0.8900168753756615,0.7182492289534603,3.3209371542503607,-0.48889910488203714,0.4629066347167239,2.2723359500604876,454.2181818181818,0.7859325624624647,1620.2121073264675,2.768199524629389,0.0002776439271286149,0.0002703952541836833,0.05339353146889914,33.654545454545456,0.033629058984863444,580.3451666006139,0,Upper-Mid,42.05771025567089,64.50762399431483,79.06737958847138,52.07763601413116,77.74759537304557,94.84494646572708,90.04159325286881,50.20531181963935,46.594511808501274,22.69265145191288,90.6176007301223,49.61502293301269,9.077060580765153,Upper-Mid (Strongly Growing)
102175,PUMA SE,11,0.4544062830161389,0.3369182892151099,2.4756088939468284,0.9549101070945898,0.4782553307889233,4.3664911104027375,0.391754667762913,0.44903293123096777,1.8487367888979098,641.1227272727273,0.9443535478418251,2086.286099292035,11.48801643807753,0.06960959742550267,0.8188454574312806,0.24325857036152929,41.093636363636364,0.71798175385511,153.36203749772807,0,Upper-Mid,55.31877973261287,70.0681883075438,77.64503706453029,96.46656360227126,67.3870677304947,95.91612036811144,96.65956050680192,50.96402727521166,55.89586607435525,22.652133188730637,91.58663079621392,53.44947997727631,9.060853275492255,Upper-Mid (Strongly Growing)
102187,PORSCHE AUTOMOBIL HOLDING SE,11,0.043469324947350514,0.4613738140388521,0.20237479646791012,-2.5967060005961065,0.1840660401081278,19.139736166389206,943.7404556838312,0.5175385742396469,1855.2233760041122,-0.6090909090909093,0.001632957439068754,47.66446083243029,,0.014792882609628261,0.5067588575558716,0.06571312742756447,129.72095454545456,0.6552399620234542,506.7688915793082,-1,Mid,0.0,0.0,0.0,0.0,0.0,0.0,0.0,,0.0,0.0,0.0,,0.0,Noise
102218,DRAEGERWERK AG,11,-0.11521955217883877,0.009666230777484151,3.705933339365996,-0.117216317887084,0.002854383784733833,6.937961603359535,-0.09834571863561763,0.007438239047710455,3.6059557450761877,105.70195454545456,0.7865650653614819,376.8909343290901,3.307194713782824,0.001464221535601337,0.024980732571879546,0.029295721952316743,5.44390909090909,0.012915876081299774,151.47777921775787,0,Upper-Mid,47.687781283801925,80.81038274574165,56.50477618527662,72.7699082064116,77.07063547714702,94.92477246878295,92.86066352773803,50.9040674734263,54.074775204882314,26.412507573554027,87.03507937540095,46.60377525507438,10.56500302942161,Upper-Mid (Strongly Growing)
102250,HUGO BOSS AG,11,-2.0756674726259097,0.5312332720385037,9.0056516880906,-2.35840137876336,0.20058344252166438,16.652144841586715,-1.0818589936119924,0.30161916401188277,6.229327927340647,148.7824272727273,0.47256702212423907,684.4156536318029,5.293216867008144,0.08041346341102293,0.49521971772900647,0.36135145141688957,10.670572727272724,0.052596247602940224,147.13308786934005,0,Upper-Mid,48.066820965513195,52.27406113789922,85.17828918389884,97.34674293378895,74.36852714199075,96.65130508695175,97.61712902193256,53.29375020055458,50.571493978462634,25.565572249223546,87.68796293940676,48.25933449153313,10.226228899689419,Upper-Mid (Strongly Growing)
102259,SALZGITTER AG,11,0.24256310963249345,0.06247491873413418,3.0688234326870543,0.4396216932471752,0.0198004414604333,9.879652699773864,0.2299054776241523,0.05404092280611452,3.12743246736783,248.74272727272722,0.31282445209969933,1406.3714629270378,1.0259583404228723,-0.0008074071351662808,0.0016087280574587437,0.06365774714916231,-34.14181818181818,0.2006926252854632,241.00216178173815,0,Upper-Mid,48.18659065537915,55.03739545455082,81.41608391999542,87.40918474397616,87.97123342287834,73.19198166394715,95.3847571550856,47.635383374554976,52.21871884089119,29.9333567914394,82.24554842483924,46.609429713527774,11.973342716575761,Upper-Mid (Strongly Growing)
102365,KOENIG & BAUER AG,11,-0.43667841443837235,0.16550441298464322,3.3943524551366657,-2.6122885609215176,0.28413518169323426,15.497392872288643,-0.4195442744605716,0.1259132280354158,3.7388851049591225,15.75545454545456,0.2958830221485857,91.59482012854313,1.4816126053164735,0.07231416540318983,0.7636331928667426,0.26168629561872564,-1.029090909090909,0.004963034720762294,46.19341658220563,0,Upper-Mid,33.491334673954384,38.14781602152079,78.03801874087077,64.91488643842834,91.58538495860441,97.37684235128276,89.94430550979897,46.668963759798295,41.25539346151941,28.590592531522972,86.23324493880014,47.55217723448561,11.43623701260919,Upper-Mid (Strongly Growing)
102529,PAUL HARTMANN AG,11,-0.7493667234037724,0.49777036739214153,3.358767051074761,-0.5853710514848982,0.38751757542323073,2.9736204803347777,-0.4151692876159462,0.36410468546596986,2.1757654946076697,57.14657272727273,0.8851123522633045,192.08391048340062,2.658418145785313,0.014693717699693399,0.364868213665138,0.07692432190008747,-6.489263636363636,0.0730807730989833,75.90910167425073,0,Upper-Mid,39.642350246477626,71.72298301594768,51.966197170186234,63.209338082635604,73.04035045845471,98.67910635939818,91.49485992766002,51.91646817624049,47.47852307881236,40.71493684842644,85.56261968612156,48.892451133462004,16.285974739370577,Upper-Mid (Strongly Growing)
102926,KWS SAAT SE & CO KGAA,12,-0.05421685983395518,0.009523920562164822,1.9178024705822898,-0.1752032661968561,0.21527829967771092,1.3035253054290594,0.34305048544131467,0.2601714579267073,2.321697365742639,71.37131818181818,0.7811680406986012,278.75898861565133,3.2607676748961367,0.020606586659252375,0.22809564923315392,0.14894466596003836,5.342615384615385,0.1759031008261628,43.97385686752477,0,Upper-Mid,25.223194644426773,50.83518606678358,36.56808242001216,54.85825393060018,79.39935555167001,94.23696823270662,90.38350908764252,57.09439892386017,37.652043796937946,42.562978246843066,87.02247450574286,47.99044515283982,17.025191298737226,Upper-Mid (Strongly Growing)
103176,THYSSENKRUPP AG,11,-0.5167523754261212,0.12985215980716344,4.5347974411111105,-2.5063520221716793,0.17213652527848078,19.103174922436263,-0.4866538935409118,0.08643316027323589,5.234557877932152,-612.6727272727273,0.21605157194023542,4168.2123226800895,-1.6309588910294104,-0.2776121662434845,0.5372776795967791,1.1976753069035546,-68.73636363636363,0.02595919015032256,1349.0901862286719,0,Upper-Mid,33.72075401439674,44.827686262759926,54.505718210129764,83.01627465881974,69.35675773239946,96.80860859996292,99.19052570186197,45.65933730170251,41.15897998405258,28.92493415967005,78.27622881679696,47.02379998465558,11.569973663868021,Upper-Mid (Strongly Growing)
103200,FUCHS SE,11,-0.8044010982653264,0.7060891564649158,3.0272123316818718,-0.967140459100639,0.7334047185175948,3.5712290192972875,-0.500585552284974,0.8460569672791028,1.7209906382783415,165.3190909090909,0.8894279618296317,554.3290249787434,6.568063890012454,0.0023160555473562094,0.7798908507793662,0.008293389420420282,8.988181818181818,0.07344925955550805,104.87648855315317,-1,Mid,0.0,0.0,0.0,0.0,0.0,0.0,0.0,,0.0,0.0,0.0,,0.0,Noise
103255,BERTELSMANN SE & CO KGAA,11,-0.24899129881294219,0.6123139128183631,1.0062296421159105,0.12754413986492835,0.014294889046661492,3.3734176660099298,-0.12080893838745095,0.0868021911186794,1.2966827217756014,326.03636363636366,0.7409880899708078,1197.7341348777031,1.2952964931802757,0.001965894725280636,0.0030580597272114787,0.11241836785850907,31.172727272727276,0.050178123609309504,440.065772694856,0,Upper-Mid,69.12853905860912,83.07880292754547,91.0612791769526,92.67164268509714,74.77203293212906,96.62852650646579,95.97683674438282,48.38509504241183,64.75014541728183,30.223445458314092,90.29660061554233,47.16884542886431,12.089378183325637,Upper-Mid (Strongly Growing)
103269,KRONES AG,11,-0.23560343091336272,0.1161914861272069,2.18571965270438,-0.29883637611074504,0.021366875267375258,6.464917004407088,-0.12255632355370764,0.044072518531728284,1.846085409978013,180.38554545454548,0.7335807769984016,666.0054188774163,5.998638804630629,0.007353998565416302,0.7656866843959332,0.026576512708869782,16.73073636363636,0.13849697968623273,142.1657251401039,0,Upper-Mid,62.54563971110699,73.78208640438972,84.94123524078911,90.25318783690274,74.37301979251527,96.20897556519454,96.2521220848635,51.11464874372774,59.9559449178883,29.34965515801247,88.45109610387142,48.173834108803725,11.739862063204988,Upper-Mid (Strongly Growing)
103487,SAP SE,11,-0.34827578780375784,0.4290588683780327,1.681375991415174,-0.846378100394438,0.5137349003268631,3.734176852727252,-0.4645395458999519,0.31471603455531205,2.6185643794031623,1477.7727272727275,0.9724345946140972,4738.898937569345,6.885716278324261,-0.019698545520434443,0.31817300321781034,0.110433922149667,261.4727272727273,0.4554578179633773,1225.1868199591656,0,Upper-Mid,27.248228234697404,36.91737546244167,72.76207598051367,52.564915526003354,66.56667078011593,92.37898759013152,90.10099759986471,52.45979317643242,33.52425855598502,37.11345706089473,79.67406924752802,51.65274033333633,14.845382824357893,Upper-Mid (Strongly Growing)
103533,SIXT SE,11,0.27199129950962936,0.09985534715819479,2.7218823476183367,-0.2381992465502712,0.006428182015628147,9.39498953578782,0.591288928605766,0.12946156599137126,5.196720019806499,151.9771818181818,0.436843922834247,727.135315111964,8.341544994393256,-0.039317129220512434,0.145132127600938,0.3263623253891561,77.67415454545456,0.3214316251727943,433.2436766677178,0,Upper-Mid,17.936465363550383,50.16304922905274,21.41952492505513,81.92524495054005,78.52674836720998,93.73741167445817,99.06258055933584,59.29959213383253,37.178732741366204,39.75307870021469,96.50456072275894,48.52197278850655,15.901231480085876,Upper-Mid (Strongly Growing)
104357,KABEL DEUTSCHLAND HOLDING AG,8,0.48104554114919346,0.2590012466878821,2.1657828876247094,-14.10844208902471,0.9060577399511475,33.96102380630971,1.0855360562517546,0.5146961303863442,3.4669569849098005,104.99522619047619,0.9618456152186774,245.29941949250383,4.761510509880074,-0.4984373454168558,0.7976576398854591,1.2787391491593278,62.58258333333333,0.7643523557899471,164.01604442739549,-1,Mid,0.0,0.0,0.0,0.0,0.0,0.0,0.0,,0.0,0.0,0.0,,0.0,Noise
104364,TELE COLUMBUS AG,11,-0.8304749008107997,0.7187521359781405,3.097682749679196,-18.20612123177637,0.40793839934205056,90.1405360801887,-3.429749501525803,0.7175103964694044,12.804077747089977,16.125654545454548,0.28985127236835123,94.71739522773666,7.530053359801503,1.4792986190844468,0.4195337285263485,7.222248226951827,1.5406090909090913,0.010199361208914712,48.23985236175891,-1,Mid,0.0,0.0,0.0,0.0,0.0,0.0,0.0,,0.0,0.0,0.0,,0.0,Noise
132740,INFINEON TECHNOLOGIES AG,11,0.2870969951901389,0.12255804615684959,2.593329693631996,-0.08819421800622716,0.004720830705690277,4.059110747218444,1.045090374696417,0.5495697063287116,4.458024544544818,1158.4363636363637,0.9049568169853967,3850.864644777416,13.221855279125116,0.015434620869160027,0.09341334312242103,0.15969506979403705,93.02727272727273,0.26497648989840955,571.4873446752491,0,Upper-Mid,36.48808011861648,50.17875640767425,81.60208797594156,54.428295521990876,71.14989155449251,94.36691339704507,90.32798911807154,52.70245251187583,40.74629661435441,33.191299666553405,98.64652959896216,50.971739296647655,13.276519866621364,Upper-Mid (Strongly Growing)
200759,BIOTEST AG,11,0.37201881382980895,0.057678592365631075,4.898437567891242,0.946401299659958,0.06210373462182141,12.00926613767979,0.7673929856368608,0.06577858263679129,9.461839340286271,12.262727272727274,0.13356300613510172,106.10698561684906,2.2382309038040837,0.05754168951143498,0.41143423308325283,0.2836824031380585,7.3527272727272734,0.3612723933594455,38.68397280613918,0,Upper-Mid,17.15663220440552,86.8480947636141,18.194053766753658,90.61827827781546,66.34888906162325,93.01175554799342,98.01249153982069,57.94372502303087,43.246433021510065,30.187806225260065,87.27295213659067,48.88627455288315,12.075122490104027,Upper-Mid (Strongly Growing)
202305,FRESENIUS SE & CO KGAA,11,-0.6014501900591713,0.8343323599606017,2.082236822640107,-0.9208599646824854,0.6849594788227638,3.5185291385387285,-0.8000602505664848,0.7836426553184878,2.858009447736218,154.43636363636364,0.006010686667819464,6299.230824093256,-0.6187280154999142,-0.05328287744908674,0.4034613332050313,0.2652691284320109,115.86363636363637,0.189287157272427,842.1444292218655,0,Upper-Mid,59.99925017389527,81.28515778493546,79.9480445217013,83.73220630105556,69.50137186851147,97.27278574767479,94.43169426455329,48.524164618163226,59.05515803692748,16.65859066733518,98.11542126836173,50.164905704434496,6.663436266934072,Upper-Mid (Strongly Growing)
202807,JUNGHEINRICH AG,11,-0.028349497693075276,0.0414597768357183,0.4402829708504577,-0.1395266150838681,0.10321758855304575,1.3733467500239507,0.044525976935936726,0.11129985755028808,0.42205218478075507,293.59217272727267,0.9498013587460152,952.6383915262056,7.998774371287021,-0.007560643428052483,0.03693819558410059,0.12440015408181919,28.565509090909092,0.20361999214072887,200.18510502862674,0,Upper-Mid,83.76670097064071,94.50441816438294,96.72803760967976,87.83123425880305,90.74228307938607,97.21884478035578,99.7517009257242,50.47723397193643,74.80202990892109,31.021872527690107,89.96060583468622,47.467947220513075,12.408749011076043,Upper-Mid (Strongly Growing)
203162,HORNBACH HOLDING AG & CO,12,0.009996170332922731,0.0010304542306551145,1.0749708563585976,0.11754853553780156,0.04550854592700076,1.9021647923815408,0.04796353205358323,0.0381704957554533,0.8474706230734292,300.62554195804194,0.9537209001713012,1062.6558132060334,5.700666311818847,0.023610915095712722,0.2367144168117237,0.1675243188341291,22.399314685314685,0.425605852748122,118.52455435642392,0,Upper-Mid,58.09130399658525,86.71819066482568,97.49382771467577,89.82557542139561,60.13893663808748,95.89295515694445,95.41089717673859,49.078050168453615,58.58355776945192,30.86706375566565,89.1709288723977,47.99824028489759,12.346825502266261,Upper-Mid (Strongly Growing)
203586,VTG AG,7,-0.056498343292906164,0.10241788690640474,0.3530838091486561,0.16714835387497548,0.013506473935709864,2.8764783335066513,0.9468156020376334,0.6162528051180126,2.41221462878196,59.71764285714284,0.8505228401791497,129.5059322275333,6.857933676874439,0.173805411212427,0.19775834739388995,0.7816743786980388,23.475964285714284,0.35616374789177363,78.67351958179927,1,High Performers,45.8086574810135,79.48740046801096,68.09790632914711,59.3406173767182,75.82440887452765,90.57880857307576,79.88793973161118,52.316093170257474,51.528666154858556,31.65254412840835,85.12165529526148,49.70761527579327,12.661017651363341,High Performers (Declining)
204820,FIELMANN GROUP AG,11,-2.24750460233874,0.8072379246432582,7.910424888222839,-1.2587550865180135,0.7382161692609649,4.632863043734173,-1.0244609249876622,0.7953593973621308,3.632567472860279,88.3304,0.8497379344422685,303.0174881301312,6.322115167616538,0.06622835213453186,0.8183868314165408,0.2315072696227746,14.120827272727274,0.5239982861139755,61.687221240546776,0,Upper-Mid,29.909762154660623,43.084899530229606,42.63495804374923,97.70486451427591,87.10183629272746,97.12272055236717,97.49479850335896,50.767365520322485,43.41664666324688,11.115610863771444,88.12162940930321,52.42908965424158,4.446244345508577,Upper-Mid (Strongly Growing)
205865,PROSIEBENSAT.1 MEDIA SE,11,-1.1919391867484306,0.766312665456209,4.30577266473192,-5.218874886824196,0.8045603525250226,18.39914202737504,-1.8838439217292735,0.8372530217792904,6.510533177665406,86.72,0.41222448837739845,427.122426756096,3.141536230661135,-0.16483070309245945,0.3925831917575184,0.8319021761290799,-40.05181818181818,0.6942554174473502,152.00665329066388,0,Upper-Mid,45.48407795269036,75.01271988557781,58.60806677079076,64.1124557501227,82.46465067460348,91.79678757773935,90.30597894809775,51.3740609252688,51.977118334394504,14.78344338210453,81.55346380677742,51.175842811924916,5.913377352841812,Upper-Mid (Strongly Growing)
205934,FREENET AG,11,-0.21041472686603363,0.06671429264635152,2.5761235621638434,-0.6994767420708168,0.2461055157784995,4.458744687650865,0.23416359208551413,0.09669018461985812,2.381377121033285,-84.33715454545451,0.6427063409780962,332.66924449445634,-1.9724543225140723,-0.04080540758760023,0.0695104632349897,0.4894323018709062,4.9441181818181805,0.5429819831493334,21.217593940597943,0,Upper-Mid,35.778121244452215,52.31008200755074,46.74294737784992,83.8471997362463,86.6246347245143,94.34038188295814,94.54772497059759,48.15886617191205,46.15168008159281,33.59925480245818,86.97290369752,47.57923956250009,13.439701920983271,Upper-Mid (Strongly Growing)
206703,SGL CARBON SE,11,0.6382247124150813,0.8481775939166228,2.191443199140694,3.8087258676189144,0.18076641014855444,28.32832190361377,0.8376659291904817,0.8439679569270401,2.883419774475507,-11.06545454545454,0.04488008428142285,165.17428161122763,-2.598863738336077,-0.13135378086276403,0.3216184148532689,0.7324401187896499,20.57,0.8037025318850123,72.55822056735424,0,Upper-Mid,43.52500001533721,84.67863752259429,44.93149955751487,91.63925308307161,88.651515057668,98.42650093944086,95.7825737712615,51.23878650751029,56.80738007761111,14.536902483100553,88.93799273515897,51.47803130663943,5.814760993240221,Upper-Mid (Strongly Growing)
207096,RHOEN-KLINIKUM AG,11,-0.06951198967793153,0.029558440366151,1.2785536671514979,-4.694095891820661,0.28654340670587036,27.73043914745606,-0.1400670073171272,0.06173187836728122,1.7827116544014205,28.7908,0.38841364973721837,146.08529128192757,0.5495892142410641,0.008026575199839648,0.230887739844668,0.052823824655506925,8.383636363636365,0.30775696960726867,47.78905957304489,-1,Mid,0.0,0.0,0.0,0.0,0.0,0.0,0.0,,0.0,0.0,0.0,,0.0,Noise
208821,SARTORIUS AG,11,-0.4363405997698414,0.13153351940768196,3.8045859868338976,-0.013280480212993176,2.9066692539388865e-05,7.78961459495541,0.2536720501323209,0.03209389115285712,4.477766378827056,318.66903636363634,0.8501790332243552,1092.910684936089,14.262758642857554,0.09825268843331127,0.4263671726770279,0.4758308139564675,50.37557272727273,0.7286756403319826,186.61771654493654,0,Upper-Mid,47.461379196032475,70.88303223494269,83.83953493210255,70.985838822762,58.72601992572398,95.48088754716042,94.67220991409184,51.64135250783903,49.06864499653633,25.69747615626405,92.81025714735489,50.24753355462868,10.27899046250562,Upper-Mid (Strongly Growing)
209440,VOSSLOH AG,11,0.6731608866907794,0.4399015798368597,3.2095275871686733,3.800381788775559,0.32825727493087176,20.97587316955589,0.7992154785469279,0.3953218819008001,4.0196520322030755,-1.0900000000000174,0.0004726299359424624,158.54986805783543,-0.8988578956176108,-0.012455630341486725,0.031648222720312105,0.2214068471758131,9.419090909090908,0.35168829862653606,50.226166174565236,0,Upper-Mid,70.93083448898145,87.81983591448937,91.23981813746256,74.74878763343452,95.26777975156129,97.60236525080127,93.13907093888099,49.04931845096176,67.70134670456811,28.133773250626316,87.53119074806119,49.027512653483484,11.253509300250528,Upper-Mid (Strongly Growing)
210326,BLG-BREMER LAGERHAUS-GESELLS,11,0.39019727367443435,0.5057277912962818,1.735105236913207,0.0061815069955004475,4.169273647262105e-05,3.027360671714621,0.31921122031500315,0.36689241515717624,1.6665132910186984,25.858309090909096,0.6732903366553641,99.65496287973815,3.294060292787404,2.9388598697592587,0.645589324056979,11.566466614368233,7.620745454545455,0.3070494924701828,43.490386151462324,-1,Mid,0.0,0.0,0.0,0.0,0.0,0.0,0.0,,0.0,0.0,0.0,,0.0,Noise
210332,CLAAS KG,11,0.1934319176060208,0.1205894406094031,1.7614628857705363,0.49938004411982995,0.1610737943777335,3.9347644477142314,0.23266940049949655,0.24449476424472993,1.48800533797342,192.7722818181818,0.671875058853844,743.7043611889213,2.715186522068702,-0.011886970836305504,0.14022392988354546,0.10038299060319104,24.884027272727277,0.2238836404961182,166.30660141407742,0,Upper-Mid,39.02819486673816,76.16860762150529,42.435142781689436,82.15772593488279,83.47237330049498,96.05472386163069,94.25424259729914,50.17643143497724,51.58162805955885,47.95719370869122,89.4882976321533,47.93657113288343,19.18287748347649,Upper-Mid (Strongly Growing)
210334,COMPUGROUP MEDICAL SE & CO,11,-0.44867869769793467,0.1786045359189555,3.3572927185241266,-1.4124767186466198,0.3026729379334409,8.118849708591778,-0.41721603985407274,0.146413020556825,3.4480308774242645,80.72827272727271,0.9423419614925508,262.9791971915662,8.502414372921185,-0.07299000410492404,0.4742028087777693,0.33518249318920196,10.477045454545454,0.664939909259246,40.63007539225303,0,Upper-Mid,63.2611871023587,90.77963735992488,73.71023271939346,82.97638855321348,76.55553163583467,96.82848890941652,99.40203952417035,48.303865270752695,63.241370913625005,32.39851271289989,87.66370158240943,50.027814683896445,12.959405085159956,Upper-Mid (Strongly Growing)
210340,DILLINGER HUTTENWERKE,11,0.6106776189746222,0.183512455349322,4.507951455225867,0.9708180844730856,0.1446451927189379,8.072087400559989,0.7012634716984315,0.124007997077796,6.297328819573614,68.99414545454543,0.3438124122843323,372.0929693833416,2.0257883377342134,-0.0029109899799555647,0.10075493762998164,0.029000637265984973,9.961636363636366,0.09993456618963555,99.64897103066883,0,Upper-Mid,43.475424308422575,87.32901401303134,57.235836351979884,56.80341131007096,85.28084356351326,90.79889820410048,90.66900791289271,48.934350975051885,53.32844019150939,36.10323824072263,87.59912056577636,48.32139191961362,14.441295296289054,Upper-Mid (Strongly Growing)
210359,EWE-ENERGIEVERSORGUNG WESER,11,0.13089763562477957,0.02425102583658624,2.658072026129497,0.049768038969027505,0.0002433618718375425,10.08844567750631,0.646014588903901,0.16969972165354902,4.959087380645866,105.59,0.0528152422457522,1452.9248502575306,0.7579557136619064,-0.029821998139550276,0.2199630313481707,0.201076765552558,-35.28181818181818,0.07819852952575351,398.98049456248145,0,Upper-Mid,44.83012325184729,57.20024295510127,78.91525627185946,72.18251910997827,67.09848870102425,92.19372355924165,94.27347943777336,51.72218178106283,46.65512310791063,27.002425465974916,82.11159421726494,46.68618921840275,10.800970186389968,Upper-Mid (Strongly Growing)
212782,FRESENIUS MEDICAL CARE AG,11,-0.5856538257175631,0.854743764494326,2.003194015091229,-0.9202199467205865,0.5543745161155664,3.9083190883658587,-0.6851539358300058,0.8139810324935125,2.401491281790881,267.15880909090896,0.618203871681743,1074.4931187480488,1.826673001114032,-0.001137819285671499,0.0005530160315018531,0.15300457961309594,104.41930909090907,0.2917255854864119,611.3551221486075,0,Upper-Mid,67.74116389120793,86.56208384828183,83.92257378850647,87.2167963854709,75.56700160461286,98.2656768861325,94.98431621053889,48.75582012947219,64.46561220537856,21.2474008150269,99.73416743019959,50.24255148901168,8.49896032601076,Upper-Mid (Strongly Growing)
213034,GRAMMER AG,11,-0.5374664283495462,0.3978342586011958,2.6946369011698192,-3.4429085568095323,0.5481767764358131,14.705004837831858,-0.3147518253336986,0.29817556910730064,1.822771497590911,70.62177272727274,0.6817354742023467,270.47720397655553,3.473071830262109,0.07565873681573036,0.25611230736114476,0.47276341566520097,-2.2409090909090907,0.04240609855026965,34.412013080193454,0,Upper-Mid,35.6956213513562,57.032791708569306,79.67436504308658,48.77969692684508,74.93717323871347,92.24230577161127,74.18714654364874,49.01825066891414,41.80335256074787,39.95467512953919,86.08395552667373,48.36287356511047,15.981870051815676,Upper-Mid (Strongly Growing)
213037,INDUS HOLDING AG,11,-0.21267294207758364,0.2033350313669673,1.4914411984012756,-0.49621131119024076,0.11774645826381812,4.572910836298246,-0.18783225252815888,0.1684947986518433,1.447027941400604,46.25387272727272,0.6932065988607389,175.67774852701368,3.170805248292652,0.02016997839150484,0.476789879400195,0.0923723343406531,5.332727272727272,0.14235123744372202,44.696009442299385,0,Upper-Mid,69.15926263743795,73.72176063988458,84.9130093661974,97.66738767698622,89.15455659831584,95.9370918033436,97.15494438447016,50.324677559153585,65.5479794403981,46.08494559921865,87.02124413853433,47.66434739477271,18.43397823968746,Upper-Mid (Strongly Growing)
214700,STADA ARZNEIMITTEL AG,10,0.2313476955203697,0.23057310783828008,1.383846199607189,2.3697537627162335,0.6116287680777603,8.703345888815559,0.31611864846724946,0.23187704907908258,1.8855940902193786,210.5816060606061,0.9107708324264112,633.7863055518083,6.821598959572661,0.10788337895532858,0.16796739931094237,0.7560822030369645,41.41537575757577,0.6989049939724864,142.29168047363135,0,Upper-Mid,33.1939212175558,49.96101472730598,52.169332608198815,60.324581651605854,83.91242238821998,94.0614562606257,86.42347769328336,51.04585104968715,41.889092955877096,26.981487188575297,91.6287741642242,50.978348343452325,10.792594875430119,Upper-Mid (Strongly Growing)
214759,HEIDELBERGER DRUCKMASCHINEN,12,-0.11931265478385034,0.061301601434197675,1.6635198780818377,0.6516020899782956,0.0020245210303735323,49.991793539038056,-0.10571882277779014,0.057408384385266825,1.5231478145937116,-17.231793706293693,0.12405525741447668,168.88858433025123,-0.5132466537298819,-0.17644394618293588,0.638469821957225,0.7622790264463757,0.8601013986013981,0.0026813199251706048,57.33934555946293,0,Upper-Mid,54.34583912543985,66.78165869120498,93.78273844635147,67.9061587892592,80.32990293703254,97.84158787310989,92.26628933216526,47.8009992903772,53.93476870789774,23.237945423407215,86.46649975622404,46.06497326402048,9.295178169362886,Upper-Mid (Strongly Growing)
216524,ENBW ENERGIE BADEN,11,0.5360248860854715,0.3785240173930115,2.7551054941503157,5.008379504867177,0.11672565276258512,46.35686670731816,0.9007487912192431,0.34690540748176457,4.836132077681602,2668.6018181818176,0.5051905947970615,11872.881937834305,5.18167856347973,-0.11361024967402167,0.14022682028814357,0.959404985907236,-138.39090909090908,0.037537879833245434,2258.7735438317072,0,Upper-Mid,36.48650517546937,57.98602665855671,97.58518439845673,51.58530178345205,63.79421077321311,90.27065730582167,77.0097761943836,52.79041402913573,40.91946919622626,26.470870448512514,70.85587128713892,51.48751986173071,10.588348179405006,Upper-Mid (Strongly Growing)
218000,JENOPTIK AG,11,-0.017698382597963393,0.0013249483160829262,1.537567216498217,-0.3517575874763533,0.20842888080922123,2.4364893968856007,0.4407378857090055,0.7604788523854166,1.5982209276385975,45.849636363636364,0.8202155557987849,160.0928347786717,6.575469028870784,0.028890056649850653,0.34251147176486274,0.15610285012342226,3.434872727272728,0.3293767484344913,18.926232930132187,0,Upper-Mid,48.65047885835598,71.239955796935,69.81830724308769,62.64349058090377,80.63758432222302,95.75526127342093,91.38947839371517,52.37896775315008,52.06816940915323,32.1416334904499,86.78541791363311,49.615113924828925,12.85665339617996,Upper-Mid (Strongly Growing)
220295,ELRINGKLINGER AG,11,-0.7067721228011384,0.6742063849059816,2.7219677838786738,-2.5441567390617603,0.6266399665985186,10.163301711433084,-0.8535960562738824,0.7021783634218506,3.221281499267172,37.91884545454545,0.6200430827834476,152.28045722605117,3.122618759436069,0.0046671922870923045,0.021955709863165602,0.09960518639504437,11.949009090909092,0.22084143125556457,80.40658457145337,0,Upper-Mid,34.69550641282802,54.657522020924866,93.28465988556066,93.33996790555706,82.91981760399871,43.03953065943783,98.47868457872967,52.28781272159089,46.58167640047169,25.14185322455078,87.84840163259898,49.395559449753804,10.056741289820312,Upper-Mid (Strongly Growing)
220301,MERCK KGAA,11,0.2786517320756374,0.38023810431164645,1.4290055939949222,0.04844080520098303,0.002162296192311033,3.2942288155025676,0.48009625781099513,0.36475132640648655,2.5137951319353737,1035.5563636363636,0.9237310564652931,3407.2262206731994,6.2846509783476945,-0.025990304827163264,0.30254286549125586,0.14942315950289126,105.08000000000001,0.29912152446375884,607.5698738171998,0,Upper-Mid,36.2097127920912,51.785662884110785,75.81797562155266,57.721374994524055,63.353938290268886,95.09185992311595,90.76019212075241,52.43181434758509,40.11624593665138,44.922221941028205,99.63999360879222,50.385215740541696,17.968888776411283,Upper-Mid (Strongly Growing)
220303,AURUBIS AG,11,0.2859327553053923,0.06510734362771393,3.5436344978865946,0.5238737575587227,0.11384886795548596,4.909782861151627,0.14212468402637574,0.09582139537714494,1.4519052202305553,849.1473999999998,0.719363051470998,3165.986221399531,4.242675624576964,-0.014520584317332908,0.526338239938119,0.06329240975801607,-35.57706363636363,0.2562794393160577,222.2353891968403,0,Upper-Mid,18.229915170883025,61.08798245742031,50.27756888347741,57.43437778138472,25.55083584295792,94.96450990994599,90.75045281037337,49.60944766999333,29.085625714419432,41.3176961714832,82.07693736983332,49.041231018359156,16.52707846859328,Upper-Mid (Strongly Growing)
220307,PFALZWERKE AG,11,-0.07745550362245222,0.03075959522047472,1.3965676378133292,0.3607986239466655,0.04156325233704814,5.596417559391391,-0.03382912737714257,0.007619845070686371,1.225512441767449,34.54193636363637,0.3041164696476165,198.07365226868978,1.2538322785128786,-0.02173204403788105,0.17485733980970702,0.16434581254399383,-6.531827272727273,0.41817509295592864,31.94152232770959,0,Upper-Mid,44.77970720605306,54.97141879790989,91.20398669452521,62.56113828662077,81.56049748433229,96.36991997992021,88.09363484697576,47.008122780967334,47.39635509331512,30.814718147722296,85.55741250601554,46.249676699289836,12.325887259088919,Upper-Mid (Strongly Growing)
221244,ADIDAS AG,11,-0.6670031971329508,0.2454458209630325,4.25745527728072,-0.8723561161327835,0.094552242454708,8.971351930735883,-0.4227210971496479,0.1864242996914177,3.096012197051385,649.2181818181818,0.5925597016611504,2667.0098370786673,5.003833801553181,0.08734234290673008,0.7674267402347825,0.31528722463135306,137.36363636363637,0.1560547987287546,1099.5961617831633,0,Upper-Mid,56.91386022451641,73.6657390754441,90.79036838788845,71.18221116760026,73.55501092182932,96.95822527819608,93.80004264467327,50.668120367358036,55.650164659929814,37.19784295503087,95.14505283274318,49.306681925809706,14.87913718201235,Upper-Mid (Strongly Growing)
221614,DEUTSCHE BAHN AG,11,-0.38680008908863217,0.31946989334603904,2.16407145753886,-2.25310111369618,0.09119916651063428,23.593112991801913,-0.6138444855094198,0.32978912341762556,3.3801828545669914,30.4,0.0001982273714374829,6827.972645396362,-4.076408381482732,0.13941800405606022,0.3403636220673618,0.7556962944094434,-816.5,0.8271899993295919,2838.9225956570617,-1,Mid,0.0,0.0,0.0,0.0,0.0,0.0,0.0,,0.0,0.0,0.0,,0.0,Noise
221616,DEUTSCHE TELEKOM,11,0.1997966084309837,0.3032959421310017,1.1472414027601525,0.3315887760773951,0.11792272352278449,3.053522125648733,0.9083638954089496,0.7156791433631443,3.3954761441662975,6187.3,0.9318484713631499,20268.822775243134,6.570356105505981,0.10848021780064185,0.34908139299261504,0.5806135919814464,2211.6818181818185,0.8787628174253993,7460.824279234825,0,Upper-Mid,35.91067106064318,60.041399632722104,67.02110605746948,57.654272821700104,57.815932518228486,94.1475969582316,86.39960498324614,55.512150322245,40.81036551070598,1.0495614233040775,4.900912509234119,60.578114813278034,0.41982456932163104,Upper-Mid (Strongly Growing)
222247,SOFTWARE GMBH,10,-0.8619096095947552,0.6941800037474286,2.9713420381565805,-1.3892216143052738,0.7173041687699736,4.711365837929367,-1.5867969667914168,0.5962530846146866,5.90245950924875,9.717224242424246,0.3065766910196961,50.408019316771416,1.7289352587090967,0.008397098534218064,0.06264417783092882,0.09636423249665105,-18.820393939393938,0.6256653160755737,68.34152155468884,0,Upper-Mid,18.83334044839322,48.9760518288626,27.9794438924568,52.23425899673138,63.393615511744706,88.48262694570785,90.04463381420993,52.41880975476582,32.06101477156466,19.903894579994247,84.06722128149318,49.6007667982938,7.961557831997699,Upper-Mid (Strongly Growing)
222340,DUERR AG,11,-0.5956246158064404,0.5985592575887407,2.434552037050489,-2.0730843309799867,0.6583738423704887,8.079429305380526,-0.4965662083968718,0.5263646183349368,2.1643815234368144,121.27493636363633,0.5291198748869977,527.2225993414266,5.239566119119732,0.033873974169254,0.5920533514574466,0.13921490330453046,8.575618181818182,0.185071974457314,63.03693770446836,0,Upper-Mid,55.93641207952985,68.00637207068547,90.02606112294531,67.04858232830635,91.62188798275741,95.1120639349392,91.52880569624276,49.09183808627847,56.42398067619328,30.320162363211224,87.4256876930409,50.13614672286167,12.12806494528449,Upper-Mid (Strongly Growing)
223089,HORNBACH-BAUMARKT AG,12,-0.0895250074624538,0.05966971717529756,1.2651580171623054,0.1334574340211646,0.029901166439373614,2.6642569106673317,0.0922619794689531,0.09072494351679716,1.057393924087018,281.65947552447557,0.9578091174515195,993.4872056943327,5.778005934884556,0.08345462568290385,0.5015203959092611,0.4068024027811465,29.578569930069936,0.48294920689078047,146.92775403207432,0,Upper-Mid,58.78976350098372,83.59976536682801,98.03579607696014,95.18465142449944,60.92202549544484,96.88026856155942,97.46358096881394,49.228831160327324,58.89262744052576,31.689022742294608,90.09101121191893,48.83348510348029,12.675609096917844,Upper-Mid (Strongly Growing)
225236,UNITED INTERNET AG,11,-0.9241277544835859,0.7953563685074027,3.276809033662655,-3.0075028769669503,0.7208390404054851,11.201776454537438,-0.5468603182232925,0.7909672587684747,1.9444516897148991,321.14391818181815,0.9609932286482499,1035.9517729102392,7.520747855315246,-0.07502848812717285,0.4159993702358101,0.36785770636100146,-22.533545454545454,0.08582332675574371,243.23544225035806,0,Upper-Mid,59.05199851661281,91.0644136153025,67.52775450079311,95.68654289279756,71.69067715633992,97.731599284997,96.44046494942187,48.36763041886663,62.155937992436364,18.08723052801095,83.62206757301458,51.34374677532768,7.23489221120438,Upper-Mid (Strongly Growing)
231016,MORPHOSYS AG,10,-0.9455334954508355,0.13540145366615214,7.380609520658562,-30.671941598838558,0.5206298775676342,122.09663619345456,-9.350024856455683,0.22490140849214998,56.62962060479523,25.456854545454544,0.5666396203920352,97.13555959220082,15.731175721539948,0.4196535355252443,0.5921190584879537,1.566438470993749,-42.02949090909091,0.509862984203589,169.06525428851427,-1,Mid,0.0,0.0,0.0,0.0,0.0,0.0,0.0,,0.0,0.0,0.0,,0.0,Noise
232623,EVOTEC SE,11,-0.39850016268828614,0.1097507912248428,3.8038613017311773,-2.10914761907579,0.2949572047381384,12.280823015622524,-0.8325694190209383,0.08821256077322058,8.864520322822344,79.63182727272728,0.9828204358759806,254.00928514911996,24.44105128233558,0.05000908351475212,0.3328063473411117,0.2741278091982958,-13.159590909090912,0.3008159049250082,75.87382721225227,-1,Mid,0.0,0.0,0.0,0.0,0.0,0.0,0.0,,0.0,0.0,0.0,,0.0,Noise
233025,CANCOM SE,11,-0.6418355590449585,0.7577490761358737,2.331637687773682,-0.8519607255095094,0.6811276790656257,3.2644145894349665,-0.13984582611537466,0.2524325344007958,0.8801908407867368,75.38130909090911,0.701718535486915,284.56547045630214,7.67117572703675,-0.00041281875932762564,0.00035775783938583975,0.06901839326466137,6.114218181818183,0.10169112228678519,60.63165348136481,0,Upper-Mid,56.15937874041569,71.36142585330026,90.34147620324678,91.85707253633281,66.3501414408304,83.70113012138809,96.09763204557382,50.03916984705971,55.87426513658417,24.032005390000702,87.11853787976635,49.07899236135631,9.612802156000281,Upper-Mid (Strongly Growing)
234919,CTS EVENTIM AG & CO KGAA,11,-0.6272602618112316,0.09681408994698189,6.374975077491899,-0.31823666137110984,0.005502141413249834,13.56701594768126,-1.5039697320762582,0.055340053068831774,20.217121000577198,161.26562727272727,0.4363227505731509,772.0365849512295,15.065433264830318,-0.024288041123909112,0.6557574015826418,0.09484640819851362,22.027981818181818,0.15652620427205255,176.06830463945397,0,Upper-Mid,42.03134098275918,57.61314730014273,60.737979378822935,68.1911951628422,81.10490889601107,95.68430870713178,92.41992026980319,47.74320433741401,47.3200217038181,27.603065915268143,89.12359583120852,50.08949735733319,11.041226366107258,Upper-Mid (Strongly Growing)
238136,BECHTLE AG,11,-0.17461064268961451,0.4474067836309833,0.8255044686329427,0.06005961561861763,0.02303985469746469,1.25124593757306,0.17938117558220817,0.7035909137046608,0.6762647564059999,425.1161181818182,0.9303443099284037,1393.7526898812337,9.346338804160403,0.0283339809504346,0.3739290250108514,0.1465254315031585,35.88783636363636,0.5882370509504037,147.96911903887408,0,Upper-Mid,40.63375794112666,66.61777101821563,67.34164608971352,82.17670941471805,51.224611339483076,98.65424182632387,94.26705368694913,50.83137911977027,45.47842002248806,29.825982729036266,90.90743148870887,50.76733640083428,11.930393091614507,Upper-Mid (Strongly Growing)
238442,CARL ZEISS MEDITEC AG,11,-0.1532711850686681,0.037122881056531186,2.5155889500353683,0.21833650051664172,0.10230236557178352,2.158656336660061,0.2882926311304993,0.06030468679328077,3.7124277361912834,121.75544545454548,0.9412316828709778,396.86255601354395,8.554325076170311,0.015331259911448042,0.4918009639113656,0.06913264266012527,16.639818181818182,0.4030009678357002,82.88873887007254,0,Upper-Mid,44.92955870371228,75.22618311455123,72.23553426747618,54.351693701624406,76.72066159022991,96.91506602627852,90.31897339434364,51.39605226313009,49.96032871309209,33.409675646596945,88.43959819797048,49.26938598792248,13.363870258638778,Upper-Mid (Strongly Growing)
241456,DEUTSCHE POST AG,11,0.36101905440355436,0.2925483737823698,2.11072318295321,-0.1502493011525537,0.01342423558343372,4.100791400859825,0.40330400428408303,0.5407775201877482,1.7342959864475196,3518.727272727273,0.7798401790904813,12600.35565220218,4.044548838423956,0.04621224616472467,0.33224585311311466,0.2535287957561383,657.4909090909091,0.8143823321969096,2303.96342659218,0,Upper-Mid,47.703870192480814,66.11585574713935,62.02138156365513,87.85878851071371,69.57566397835596,99.01804256198945,99.83714925104744,48.32490509287477,51.526947674244965,14.241651688755924,45.22700083279943,54.073208925257525,5.69666067550237,Upper-Mid (Strongly Growing)
241840,SCHULER AG,6,-3.182648742413301,0.722452376790569,6.3948078113945215,-8.577301653007174,0.6325881709479972,18.4176217649379,-3.157324460998459,0.6830885575182309,6.524152562843083,-4.098000000000002,0.05112106343127986,30.953902724678976,-0.7755347828418246,-0.012565888439748167,0.07239735981623764,0.0797581798684431,5.087285714285719,0.011754557449585527,80.13576497367868,-1,Mid,0.0,0.0,0.0,0.0,0.0,0.0,0.0,,0.0,0.0,0.0,,0.0,Noise
242158,WIRECARD AG,5,0.4743069988058551,0.670750265629043,0.81901924025978,2.0760726076709384,0.7380440357505806,3.4175619725188886,0.4879204244472153,0.3993138869511902,1.0919601487477524,360.6206,0.9543379624258828,522.0528001125557,34.70694381508854,0.1443349514801143,0.9654407470976678,0.20774170711368747,172.7212,0.9669785079650037,248.40036730681376,0,Upper-Mid,37.84556127262024,53.29554112761935,61.78863951324806,85.07956633085418,58.876094231003165,90.71070147883951,99.31374527821166,57.00120430206889,43.13670350230786,7.2960687278816465,90.45443933998757,56.70378038457451,2.918427491152659,Upper-Mid (Strongly Growing)
244394,MVV ENERGIE AG,11,0.15791899676886145,0.046594834743869565,2.313478610019975,0.8953705036963454,0.038354381116573445,14.457569661762577,0.4304629757397033,0.13076368167196753,3.7643693938232476,283.3309818181818,0.6165290740192781,1141.0831326306372,5.261102877855728,-0.02988526913777958,0.272079994359093,0.18117942054758868,-6.3088090909090875,0.0020638965128946776,439.1404341539003,0,Upper-Mid,61.324808618955814,72.7340851640235,83.87523424768528,73.59869541409768,90.93817737980656,96.63508210327375,94.96311387524959,46.915482310183016,60.07733662876778,36.71589496028413,85.58469978160177,47.792016443737886,14.686357984113654,Upper-Mid (Strongly Growing)
244398,TAKKT AG,11,-0.986252473466895,0.775598849725832,3.5413555124289635,-2.0674870618472774,0.8015393323277147,7.30264823210421,-0.8906813425784554,0.8360323023464974,3.0804263248018136,15.588,0.2603762351905001,96.60280245648303,0.7199931344494592,-0.022175441433017633,0.6714274914751726,0.08558008512514086,-0.7558181818181815,0.015968934664517837,18.913824851478264,0,Upper-Mid,44.33202871876555,66.76836954681205,84.11955076430847,56.36056368304213,72.56287003027239,84.7846237984522,90.59419804351788,48.17951907535203,47.60697226971371,14.026402024229393,86.26694641223442,50.060739702291116,5.610560809691758,Upper-Mid (Strongly Growing)
245628,NORDEX SE,11,-1.1913708350315675,0.385968713177046,6.064163656629951,-4.212349460583024,0.4555298328607753,19.736311057320208,-0.9120628997596782,0.33926613573938214,4.951702384210416,526.1531454545454,0.9008013469815774,1753.063540620809,15.453496090404851,-0.0056918740839585966,0.006637911834938267,0.22092229397614713,-14.624363636363636,0.03737551326291227,239.21223822461457,0,Upper-Mid,36.829755998988176,64.54987810424164,64.96695212279859,55.42195331808292,62.291427042824644,95.85091827649947,80.71035839451963,47.106822034424454,42.52778740867559,27.26508489025534,84.57311792996919,49.296435132793185,10.906033956102137,Upper-Mid (Strongly Growing)
245839,FRAPORT AG,11,-0.4597979145912121,0.19159566513254703,3.3218051780818656,-0.4331716411685516,0.029799947280559767,7.935097523425299,-1.4119148056778545,0.059681037092877774,18.276385572154954,131.65,0.2684371151796101,803.5253487698459,6.361465798711019,0.1834327946311321,0.7370705566060857,0.6756510424478923,-70.43636363636364,0.2580214521543584,438.4994160215492,1,High Performers,81.64016816243719,88.02409104747487,92.57701076843945,89.35428046451133,93.01135813231993,96.8889692122475,99.69056704129699,47.4939013216913,73.14801724076898,42.94635346969221,97.35487414321379,49.027386787069624,17.178541387876887,High Performers (Declining)
248166,MAINOVA AG,11,-0.041379652716437204,0.0020392469500787377,2.89769005823037,-0.13566963962656672,0.00287080644121686,8.007200722176337,0.01919161260292293,0.0002450780740219781,3.8766736214037643,356.9149090909091,0.515112173463409,1572.5837475254348,6.610541075495391,-0.020472950632767925,0.249921807165251,0.12950256277628164,-25.07055454545455,0.5255913475651054,109.35530012209462,0,Upper-Mid,55.59197914729913,67.35429378072911,67.41234097428274,91.00651579314012,86.72638200650657,95.70069286004448,95.6929289254786,46.27209903558766,57.81725929535547,32.193305064185296,83.31927273638165,47.97347977871411,12.877322025674118,Upper-Mid (Strongly Growing)
269104,BAUER AG,11,0.09769851549425758,0.01927040919433372,2.225576343615636,-1.1191741664373573,0.17287613240921648,8.511971443276249,0.05595002123465378,0.006403846880110084,2.2109544030455233,40.83320909090908,0.43908506127523733,194.867396003895,3.933609182123421,-0.047606853411346475,0.39773763263721096,0.23871028724469795,-3.906427272727272,0.07056371862765276,46.50386118137783,0,Upper-Mid,55.896769285052294,73.1468187890553,86.49547679993212,77.0336860922233,68.90641689023977,89.84590469970532,96.5162031506131,48.36005312265444,55.02740261459027,34.76479075076039,85.87919436422929,46.971848787077725,13.905916300304156,Upper-Mid (Strongly Growing)
269835,BRENNTAG SE,11,0.043212285047499945,0.01198644935566682,1.2481361296448836,0.10974626759587733,0.026657201370044112,2.125604607232001,0.029577388059669456,0.02884681176873489,0.5506947155619119,802.5627272727272,0.7650157118251909,2901.6418669663954,4.950364629999826,-0.02187584988361415,0.5308173548464231,0.09494943345960116,59.56636363636365,0.29193390776415995,348.62523343617823,0,Upper-Mid,52.43539261153288,73.63632482983719,94.79513825279679,94.55868326337524,57.15067850610733,94.98444650125664,96.22976407960294,48.89287534745063,53.729892112834214,34.76432729795126,94.03797522731271,48.28178470094405,13.905730919180506,Upper-Mid (Strongly Growing)
270249,DIEBOLD NIXDORF AG,5,0.26288981204928535,0.16535546144001034,0.9142805522848934,0.2294556168636877,0.0009305194716366671,10.637778872932982,0.31931894179770987,0.3779213193661512,0.7345798025749074,-20.440599999999996,0.15079785144614305,74.44080494083867,-0.7119020541527799,-0.05300662014668132,0.9020653587259502,0.07892709318942952,12.206400000000002,0.23345595818140208,35.72729321177299,0,Upper-Mid,34.38731256874826,64.53296578943518,58.65358789657217,62.13732105484291,52.55817917296232,91.90297353480003,88.21350147147027,47.37734475053893,40.75897716681498,22.499737936995956,87.88073865334192,47.99478611783055,8.999895174798382,Upper-Mid (Strongly Growing)
271763,LANXESS AG,11,-0.5666661696352858,0.5712001354570813,2.371008630691028,-1.0586689888421472,0.09502889613038598,10.86006311975729,-0.5081288468194866,0.3245282395020797,2.820639632842425,-155.38181818181818,0.26809622214134143,948.9751758067861,-2.2661280105879755,-0.02194098463110027,0.14849891310828872,0.18005055969493203,-10.9,0.033024748788335306,189.67353422862362,-1,Mid,0.0,0.0,0.0,0.0,0.0,0.0,0.0,,0.0,0.0,0.0,,0.0,Noise
273099,MTU AERO ENGINES AG,11,-0.618520755882957,0.3841377291216979,3.1558096193406655,-1.2485900100871896,0.27001691486280865,7.59843880937968,-0.522577306925928,0.13181529255894736,4.5516372973744925,188.19545454545454,0.41124027872837504,928.0284864002009,6.592514876846045,-0.008140845187085514,0.09579061604096734,0.08317791173967012,21.117272727272727,0.28051418075365675,126.08412775891847,0,Upper-Mid,58.65391469820729,73.9927643532125,91.24376334627775,72.12485724033813,76.56338791739779,93.94187876559181,94.24157007177118,49.54696748731581,56.95711266156889,47.51512872450188,89.00761595129131,47.85004355617592,19.00605148980075,Upper-Mid (Strongly Growing)
276585,WACKER CHEMIE AG,11,0.3933971874323351,0.082293026052425,4.336603684458979,0.5418511226563771,0.013737870955641277,14.619087355886197,0.455456032142309,0.08132090122133334,5.050627822832769,178.14818181818185,0.32676181753669276,985.5206820309473,1.7163894862379792,-0.017979845055792337,0.09719062332595661,0.18237855107247486,26.32181818181818,0.0652126893255881,325.9491325725433,0,Upper-Mid,41.379341042851166,67.12464369603055,52.4714775594874,73.12187050710402,73.18609813502417,94.76638677089115,92.86243646648569,49.25271715912116,48.2667669273106,31.05157120955349,89.67246025572709,47.37230826995756,12.420628483821396,Upper-Mid (Strongly Growing)
278310,KLOCKNER & CO SE,11,0.23953398480837254,0.01954631221993238,5.417946640684794,1.2600084801584597,0.06602248867543242,15.506990565291947,0.10773640244949141,0.015171502685082359,2.765974489324303,129.8494090909091,0.15956566340309372,1027.9458949297423,0.19547990490367262,-0.002111796234426858,0.007653731376685505,0.07633353997482782,6.021045454545454,0.011464995829037716,177.82178084575867,0,Upper-Mid,20.190123451376554,42.955646413829,44.158700990444174,75.63373358003604,35.13768396585802,96.93276104725518,93.22150733222344,48.747363096588714,29.501204616198724,23.14942991278959,87.1069323899518,46.1144520959177,9.259771965115837,Upper-Mid (Strongly Growing)
281772,SYMRISE AG,11,-0.0907094473532792,0.21633441987740318,0.6167223809782121,-0.5611867652408582,0.54104482685747,2.4126304001785486,-0.16395144603314366,0.311270883538305,0.9292787415987407,273.42670909090907,0.9615624264749846,881.7636533192585,8.955285892690812,-0.03433158853801905,0.4117535173827013,0.16919021409922327,30.022963636363635,0.37464552450041394,155.11124573779483,0,Upper-Mid,58.32547401021034,68.35652601655218,92.24299089895179,76.94325296998782,77.5984623782728,95.89855438732778,93.41658014905695,51.83038273277566,56.33558946113428,37.10686436024163,90.14827503851264,50.10935096142418,14.842745744096653,Upper-Mid (Strongly Growing)
284636,WACKER NEUSON SE,11,-0.05769676592304125,0.01035735338250023,1.7927803079776339,0.11777028404726456,0.013078667294186101,3.2565217004971485,-0.0979512458514454,0.029934964477456884,1.7902784773923703,119.25409090909093,0.8270514945914421,414.67419539953045,5.696461024081589,0.0114325361710308,0.12340109587129759,0.10291604207754845,11.639945454545455,0.06533619984600114,144.00381896979084,0,Upper-Mid,49.10365054569883,77.9486807035556,80.00918010642671,54.168287973257364,94.36854866075566,93.56195172298514,90.30164348035325,49.54166783116122,54.80330745542973,29.529674485988227,87.8095884876407,46.75131412616393,11.811869794395292,Upper-Mid (Strongly Growing)
284944,GERRESHEIMER GROUP,11,-0.21083019389821542,0.3680200359091014,1.098998441355147,-0.6760562702513361,0.47839091881334767,3.090945742391676,-0.14623513953854378,0.1484072624515376,1.2003949696552079,71.43557272727273,0.752106280485361,260.48032396464663,4.668547765455555,-0.04350359907457425,0.4212484680945679,0.21196102966974964,-18.55734545454546,0.540891547739806,79.79225796813179,0,Upper-Mid,57.457777583423066,91.52538806740003,65.60865616719613,96.90286007419307,71.1803056412874,93.99476423401796,96.61995809888681,47.216375457124485,61.655520500461655,39.886969571306814,84.09884676626936,49.490382255151545,15.954787828522726,Upper-Mid (Strongly Growing)
285715,SAF HOLLAND SE,11,0.027706179173058558,0.005355024902626517,1.1972804498084122,-0.17044732491907197,0.01376413068148008,4.594262397514538,0.10359047867956825,0.10551823707414434,1.0084539619556658,92.82481818181819,0.6617870293366936,360.8319470169133,6.93694991173659,0.013460141312926863,0.02760057204163135,0.2562067561064704,12.115954545454542,0.53948679378189,52.163560408069166,0,Upper-Mid,53.012025044941915,63.39455684390606,76.66707694917405,79.13286656358731,77.11335968661405,96.18113548494684,97.57197006074382,50.750445068993564,53.36401199610883,29.603239669111307,87.86937428295309,47.41999038606111,11.841295867644524,Upper-Mid (Strongly Growing)
287162,HAMBURGER HAFEN UND LOGISTIK,11,-0.43585226781631253,0.5399881126905464,1.875630172139036,-0.7731492718634156,0.2507646840486371,4.882364109997078,-0.3414374050639267,0.1945873352782075,2.4476753360491768,44.51954545454544,0.8675672001661874,151.14687042740908,2.903564198583508,0.11796347086028325,0.6585450151908451,0.4596791536347295,-11.791454545454545,0.29530449101064676,68.61709936673317,0,Upper-Mid,41.31449645151092,76.87702391099678,76.38797651071899,62.43761428416632,52.91824683185791,96.2564486253216,89.8936391604937,51.42796492990516,46.082701815999044,38.13360192080339,84.91638953755547,49.48078043392376,15.253440768321358,Upper-Mid (Strongly Growing)
289333,SMA SOLAR TECHNOLOGY AG,11,0.5545861986652604,0.05483660817971441,7.489171318133768,2.0471705270884226,0.10396243194571567,20.077785276766996,0.631703926132041,0.055840691137759385,8.453531662962261,73.17388181818183,0.5086286520725669,324.4559060705315,6.626789889001095,0.00035131811974505376,0.003995823417529162,0.01757508385703162,-8.045854545454548,0.08305813168761923,88.28381623992189,0,Upper-Mid,23.633763499016087,25.17292819547141,69.50478867186361,89.36930495756243,84.28456232060014,94.12725108017288,98.65660142916283,41.561747345491625,36.06770588254698,27.653969545005825,85.3723943481435,48.93053199629346,11.06158781800233,Upper-Mid (Strongly Growing)
295079,STROEER SE & CO KGAA,11,0.35148593194559535,0.46775079180997525,1.6251770530377652,2.074326303655007,0.6690671911582307,8.019406116831778,0.48529252216321134,0.4958153482817816,2.179433469713086,121.72341818181818,0.911103377001629,403.2647964577974,10.996514932841194,0.29221729519578743,0.8490007960483138,1.0028866906725453,23.986363636363638,0.6155608114777795,96.67828363304453,0,Upper-Mid,25.790337536650505,57.61208214840765,39.09190894050891,47.96217151432876,81.10083051771423,96.21965058711471,77.50015626530512,54.72788735383277,38.79989317343174,19.88036843200022,89.37351023423558,53.61326072402054,7.952147372800089,Upper-Mid (Strongly Growing)
295421,EVONIK INDUSTRIES AG,11,-0.4331087574281221,0.5877928288171036,1.786425147115358,-1.1903385759514047,0.5917471046481592,4.893306703751752,-0.5681103448253229,0.6121628501700321,2.2961444835108265,306.8636363636364,0.3342305161829696,1678.5039875924144,1.6120373324505888,0.013326028371808202,0.13226551677762396,0.1158717102167621,39.58181818181818,0.19642204308261318,282.4233677967989,0,Upper-Mid,70.3862163127187,82.03224296688806,85.15429020286712,81.48737631362299,89.4661707621075,98.21204425110022,94.14302884655127,47.97568460315074,66.12959836414352,31.310106665611727,91.38886310430398,49.00073757383337,12.524042666244691,Upper-Mid (Strongly Growing)
297185,KION GROUP AG,11,-0.19468305256867802,0.2383386350733533,1.2610459836753443,-0.788090191797211,0.45087869596251423,3.7114709430908843,-0.21706214395776283,0.15254195766071404,1.757476111040506,743.1109090909092,0.9571552828616157,2401.9415594558754,9.41497707835055,-0.024802590907167694,0.11050786558927708,0.2359393913316825,6.960909090909098,0.003436083507777501,375.52089464375956,0,Upper-Mid,58.366546373783294,84.21287812819041,65.90267213214315,84.90464568643013,78.37627881284443,98.23865735692306,99.36700173924578,48.166508512414566,60.43610056572108,32.821618628873814,87.22407163884343,48.74405034757477,13.128647451549526,Upper-Mid (Strongly Growing)
297222,NORMA GROUP SE,11,-0.7668518742448992,0.6495234255484015,3.008943784220557,-1.727616214310864,0.6658608264425429,6.6950764215898495,-1.180630036173918,0.7462286605808969,4.3219313605803205,42.79493636363635,0.754113023135207,155.83828654953257,5.220209381883323,-0.05842582088528607,0.8765763510349114,0.19733764818374278,-2.683854545454545,0.15268683295078145,21.719918011960385,0,Upper-Mid,55.18164084110153,68.89633248906142,73.09924304472672,72.1281517202226,95.58399348648618,95.69035411692711,92.69656814279975,50.75511679434701,57.40233702924809,18.437543067978147,86.02945157903828,51.3176017441864,7.375017227191259,Upper-Mid (Strongly Growing)
313972,TELEFONICA DEUTSCHLAND,11,0.4534819410585637,0.8151594004406132,1.5883226396456596,1.2692428672351024,0.8170860015160922,4.440285001814141,0.927919209194586,0.8723950224718997,3.1416194411796874,191.55454545454546,0.5878548827274721,790.0551293663099,4.39780277612829,0.06450120677513548,0.7177305339289933,0.24076154900472568,63.763636363636365,0.7891074857123611,226.989095744216,0,Upper-Mid,32.25225843115838,64.32476321994216,39.05251858784107,93.99027436342443,67.76951058280851,80.6547662858715,98.3555149147063,50.38990853811879,45.33031004021551,12.177158526906148,94.60404157713506,54.79692411110076,4.8708634107624595,Upper-Mid (Strongly Growing)
315541,OSRAM LICHT AG,11,-1.0006406952328004,0.4465898859543452,4.735040736485526,-1.37300640483454,0.2197343515270423,9.262401124677654,-50.84636638748465,0.11841268884961108,439.313756498958,-624.0351363636364,0.8702939556562349,2115.3199226912766,-47.062739090662085,0.02892560498377842,0.7187699007230106,0.10789156927601294,6.8424272727272735,0.020539655186329376,150.9779818528363,-1,Mid,0.0,0.0,0.0,0.0,0.0,0.0,0.0,,0.0,0.0,0.0,,0.0,Noise
315582,STABILUS SE,11,0.026571218762340643,0.001259724570862591,2.367411074241953,-0.7937278145671246,0.23058721742678295,5.2270178747544875,0.2725675188843278,0.14292261055205147,2.2799411169467994,67.82086363636364,0.8631271783292508,230.84789556465117,9.9164125894601,-0.24386971145630937,0.5399066621950803,1.0495388548370381,7.308463636363636,0.7510675924830749,26.66776250999053,0,Upper-Mid,71.21739498800838,86.59441905017748,82.02931398706711,85.45571433088026,84.07587765464129,97.86293469381324,99.86565299841523,50.778856984509325,66.96279488652308,26.442887728289282,87.26742874250503,50.1802878200652,10.577155091315714,Upper-Mid (Strongly Growing)
317079,SCOUT24 SE,11,0.8312858632112388,0.5785258954382702,3.4561214337508757,0.7009024795322588,0.26162759795483287,4.333270690942434,2.7933164819655585,0.6553504498423376,10.911472011048378,17.429545454545455,0.3674892479016539,90.92090351736076,8.398685822106833,-0.08391741777741828,0.7084302784583238,0.3152851779334086,10.256245454545454,0.3471449060732975,55.04691787650312,0,Upper-Mid,13.389028517709306,21.21263196148808,48.70307905046775,42.18061363324404,55.62619051185591,87.45349344272543,88.80550787453717,55.25477306828031,22.160127739484132,29.908317539719114,87.63602940476162,53.90589502158066,11.963327015887646,Upper-Mid (Strongly Growing)
318434,ZALANDO SE,11,-0.1491270322903741,0.06904016832295297,1.7947561677506294,-0.0590406441354568,0.003413011547954002,3.1958192481998107,-0.09231774401717892,0.05103639497690944,1.2922459749208641,954.3054545454546,0.952115189110332,3092.734645119747,16.923015563863064,0.08236639515506933,0.7249435377415645,0.3059130243835585,52.94545454545455,0.5416368479287914,227.49642699946006,0,Upper-Mid,55.68337615827546,81.91640873216329,81.77445963932371,86.22823467315668,61.23878903176253,99.11563751286043,99.70201456068799,48.71606674116933,56.46527403182289,22.989670514953247,93.15192200547384,50.41108106781468,9.195868205981299,Upper-Mid (Strongly Growing)
318452,ROCKET INTERNET SE,8,3.645697494075319,0.6210577408546093,10.5997175265025,3.6718727162360225,0.5842242560079726,11.007215717390606,-122.01437830990707,0.14775142725213203,727.3188121081633,146.16241666666667,0.598398173690245,432.9325476566579,32.93661949310789,-0.030512838647034125,0.6576914264467902,0.08620871544435028,0.0,,0.0,-1,Mid,0.0,0.0,0.0,0.0,0.0,0.0,0.0,,0.0,0.0,0.0,,0.0,Noise
318659,HELLA GMBH & CO. KGAA,12,-0.633549608953168,0.4224391734141711,3.3649291996997417,-0.7857432715739437,0.07160244825288602,10.136642509737325,-0.5474795014026841,0.31635824974518734,3.360126878751663,106.58287062937063,0.14008371334685704,983.0395389501656,3.766351841879678,-0.03150973277803297,0.49932294095012125,0.15393286619642463,19.090643356643355,0.19827354992015817,148.0013132303787,0,Upper-Mid,64.78912528564159,74.22039448658218,85.78689796176602,88.11636191912491,79.71644612273981,92.407501206224,95.24905529755084,48.74204940841183,61.528832121896535,38.46949209581205,88.75006365704195,47.66253681024907,15.387796838324821,Upper-Mid (Strongly Growing)
319665,ALLANE SE,11,-0.5019966193768127,0.9017074241762841,1.671737058049805,-8.75597329758977,0.39238732576010354,44.20251120619222,-0.8366671539152435,0.8326079153159311,2.899562350844524,5.636345454545452,0.0626283477347839,71.22166565329505,2.6457089742244255,-0.06355223808152899,0.008618809004286677,2.164747372074472,0.0,0.0,2.842170943040401e-14,-1,Mid,0.0,0.0,0.0,0.0,0.0,0.0,0.0,,0.0,0.0,0.0,,0.0,Noise
319865,SILTRONIC AG,11,0.16368925996573366,0.00408437497848146,8.099484558667934,0.9828845054566342,0.04836412553488974,14.13321022274425,1.3043987376036914,0.15517386689275128,10.47131148277711,72.60181818181817,0.6903255408075827,276.3252210142879,5.261858180318435,0.05212925314878458,0.5456639051440725,0.22316130349209995,-55.632727272727266,0.3951830313651796,279.85379890280313,1,High Performers,50.90537332670294,70.91509754765109,72.61846926683454,67.66374207555498,78.61574261362983,91.97396873023287,87.4651795942873,50.439340077741996,53.10390443981137,45.050056478484336,95.31581015124718,50.55431885892086,18.020022591393737,High Performers (Declining)
320124,SCHAEFFLER AG,11,-1.0002891525808892,0.8638052218581179,3.403436457262079,-19.430015699564734,0.3944686936709847,97.82883473778635,-0.8422117865832994,0.9163925996279358,2.782149916548342,437.2909090909091,0.670235355023658,1689.1055239606494,4.139119596877849,-1.6224118145125104,0.2954132367505356,9.439437704284508,16.42727272727273,0.09609852099026026,167.57418487946322,0,Upper-Mid,48.98456834220789,73.26107328876623,90.0622740308566,55.11510148921255,94.45009767499714,98.78492826272563,81.2273654471516,50.256347602593884,53.92506679480723,20.364643286198454,88.41272461282259,49.509113531952956,8.145857314479382,Upper-Mid (Strongly Growing)
320448,COVESTRO AG,11,-0.9886377981013741,0.17401282633911633,7.4945675810803545,-2.4972005127683614,0.3381169172941523,13.580631498099924,-0.7668193612743537,0.16872963392890875,5.903334436410591,355.2909090909091,0.30873731095755486,2022.039041239689,1.8873191453820493,0.012392870895831359,0.12747855781140754,0.10976233937470287,-88.2,0.20064270428449343,622.6685041944088,0,Upper-Mid,34.81360805304822,52.10229954957414,87.49465774812627,74.71433107138941,81.43180383603735,48.017142608522725,93.09626426042942,51.81951781194109,44.032106813678666,34.65337601482887,76.12781642463831,47.569657426445914,13.86135040593155,Upper-Mid (Strongly Growing)
321632,UNIPER SE,11,-2.762015132827845,0.05398074374777512,37.59296857959033,-5.524695808860061,0.031303949066960456,98.7435658516444,-1.1938703768392598,0.05054106172840381,16.793259375411818,6794.709090909091,0.12265223729958821,61352.62236078792,-2.331161608460286,0.007690861494536615,0.025127978858117215,0.15342502798774738,-185.57272727272732,0.012869818615984834,5172.826800448476,0,Upper-Mid,30.465667576585087,59.74702035250373,78.943006370825,71.5103839004708,37.3404425076444,93.04945173231584,94.27772111256331,47.01000527970164,36.88777586732852,0.13806714156163508,66.23337665688864,57.021461525751405,0.055226856624654035,Upper-Mid (Strongly Growing)
322597,INNOGY SE,6,-1.8923674878347554,0.6418805135675534,4.03386891663271,-3.1941014281707623,0.4464101813604421,8.164414711291847,-2.6073795855329838,0.6838746222982153,5.3846740098907935,-2156.1142857142854,0.8697816690756468,3948.2991556139996,-5.072983595302249,0.28415223774364834,0.8213388805773257,0.5354677121599888,-227.45714285714286,0.8708024178330126,416.277718463154,-1,Mid,0.0,0.0,0.0,0.0,0.0,0.0,0.0,,0.0,0.0,0.0,,0.0,Noise
324859,DELIVERY HERO SE,11,0.8593399137390071,0.25232977092086983,5.409794116232072,-6.575013832462224,0.2545108824936987,41.213879066079855,8.972026520287347,0.832158532973581,31.101942435930127,1247.9495818181817,0.8369219599328002,4313.745886197892,63.87759373234276,0.2855594186364047,0.6202221011572173,1.1466288642893645,-17.715736363636363,0.017000162631807137,429.66766397388676,0,Upper-Mid,34.04068286792543,40.90466454490518,96.37818281244152,57.968665562278076,81.44765430253119,97.60236787430205,86.5785177353893,46.33604098744015,39.8112207577587,4.144415434021872,84.20011070447842,63.79444817132061,1.657766173608749,Upper-Mid (Strongly Growing)
324977,METRO AG,11,-0.3112482730414712,0.6531190960010653,1.2178975574419497,-1.422246879880825,0.1578353886036702,11.320687385347028,-0.14996869248568365,0.6741386588581022,0.5775984095389967,-1058.7636363636364,0.4811238790243343,4826.925109894385,-2.2529324272819395,-0.14178946621592964,0.14685402612196785,1.1700408880184576,15.918181818181818,0.06840930348374154,192.45795934619716,-1,Mid,0.0,0.0,0.0,0.0,0.0,0.0,0.0,,0.0,0.0,0.0,,0.0,Noise
325735,HELLOFRESH SE,11,8.347219078789843,0.6807276020445041,31.993012204905707,22.99446475115067,0.29183444952959087,134.60308894896207,3.4122079361327287,0.6279619665767598,13.61660434044079,916.3936,0.9047704300306826,3046.581834602551,60.01266183192724,0.02110568780500882,0.0120127159033558,0.608946174679435,25.577009090909094,0.20378962437096193,179.16728943482258,-1,Mid,0.0,0.0,0.0,0.0,0.0,0.0,0.0,,0.0,0.0,0.0,,0.0,Noise
326410,1&1 AG,9,-0.8882759190176527,0.4237279881553789,3.523373499866804,3.0028294083096903,0.2263436222065826,16.296746127959764,0.17617649291895807,0.032467408723126624,2.52451826241659,187.1203833333333,0.7712310696358127,550.1526514820149,6.640095494614773,0.1666397423993723,0.31927154288223714,0.761470092332138,-37.314016666666674,0.32818055903014903,168.17829544604083,0,Upper-Mid,30.136787288303275,75.58060532209774,67.56114809165362,35.83582395564176,69.76263812454381,91.75733850291576,88.0216043601648,51.59765508315596,41.2188140939866,44.25917826793437,81.87334427672556,48.8875507967939,17.703671307173746,Upper-Mid (Strongly Growing)
326577,DERMAPHARM HOLDING,11,-1.0308591948829207,0.32716761805480155,5.699203873613509,-1.1360628395964751,0.019614401116342058,25.651621799453476,0.6342065967192626,0.18083648887113943,4.716151219706286,90.5095181818182,0.9678133638109763,290.9366579171487,11.568429234949207,-0.3074614084466046,0.5045382406825027,1.3688112567116837,16.75398181818182,0.6444811553555956,65.99528797141318,0,Upper-Mid,42.43122415999893,47.72743638311315,88.21618205158728,74.28914066910069,75.58792861934704,93.8638308395562,96.26899546157539,53.45033169178015,45.28508030043433,27.41685700155403,88.45403606438289,50.6662588279131,10.966742800621612,Upper-Mid (Strongly Growing)
326765,SIEMENS HEALTHINEE,10,-0.6954263309959278,0.751583398802196,2.3040373515877604,-4.422751911156605,0.6358074251301022,15.931503210132156,-0.4776451175456497,0.5622366133614215,1.8296699488524975,1181.878787878788,0.8431213530150107,3697.046118186788,6.270922552780589,-0.05286747723292222,0.05557859997009526,0.6441125481758476,53.86060606060607,0.16352961841793764,382.5603873900172,0,Upper-Mid,62.41055347517287,83.67414810007195,81.18179418853204,96.83135834554548,68.59839580084078,94.84446657733794,96.70059937113257,49.81267762494878,61.671946214764205,25.388475126001943,93.27389453121711,50.48963691091147,10.155390050400777,Upper-Mid (Strongly Growing)
327148,SPRINGER NATURE AG,9,0.4451246533098013,0.9211187310988426,1.6132228689557409,-121.33209341493641,0.06498702733292837,1655.5140975808793,0.8104904438494789,0.7392075753636814,3.2789532340686405,61.52061224489796,0.6729537350414165,260.8546442601679,6.773296615536628,-24.673713079843104,0.08044419209953999,302.5921738645716,22.7865306122449,0.6663658021326136,97.0939979836264,0,Upper-Mid,31.272846821232047,39.11683207587766,66.8109795733718,85.80101362095296,59.03032044257994,92.39496853237216,99.85509975342725,53.70765713316753,37.76715457215064,0.03383304831663753,89.22031326911434,51.95000323782553,0.013533219326655015,Upper-Mid (Strongly Growing)
328745,KNORR-BREMSE AKTIE,11,-1.5942353292564566,0.8812355575387688,5.370397387512169,-2.4569860742236935,0.8494624952707274,8.430058539998923,-0.6583842840662589,0.818630594329998,2.3010998804773934,261.19381818181824,0.865103227191626,888.032638439406,4.383334176161902,0.05847959633644602,0.4412967083821765,0.27838063563889004,12.610190909090907,0.0674781196799685,153.51123846914462,0,Upper-Mid,59.54631318857484,70.03730439178726,72.98362811661218,82.33435611317898,94.29843018182561,96.51739358722865,98.44212988612082,51.83539478454991,60.204186292379134,13.227092573855312,87.93149246132505,51.28076065912932,5.290837029542125,Upper-Mid (Strongly Growing)
329260,ENCAVIS AG,9,0.07629032489807079,0.040196654640045515,0.9824916761787892,-1.2840893282679282,0.1422300129932951,8.791317850916496,-1.7933585055783152,0.45993679648027314,6.827668224842451,39.35418333333334,0.8539881270782808,109.95610784207386,14.222408316544687,-0.08259383275485127,0.36926916337432847,0.3509380585779057,5.008133333333335,0.023857187797128396,83.71834389512975,-1,Mid,0.0,0.0,0.0,0.0,0.0,0.0,0.0,,0.0,0.0,0.0,,0.0,Noise
332311,TRATON SE,9,0.41013160674206717,0.3316625271817298,1.8387784576104345,1.2134221993369807,0.3486944189281816,5.305713662199139,0.33803306441861164,0.15058866623312134,2.2491447656780656,3371.4166666666665,0.808562767286259,9680.770630481853,10.144584834482684,0.08378300236652064,0.7777014104880039,0.24530355741038887,75.73333333333333,0.05001045682300919,874.4017778663322,0,Upper-Mid,54.33799684526556,82.24778464694944,63.705207858218834,72.48368721829364,87.99016570951224,91.74693325771672,94.52040387682882,47.811146004955994,58.631649245752314,21.5652120386607,96.2371222274065,52.46772355799511,8.62608481546428,Upper-Mid (Strongly Growing)
333885,TEAMVIEWER SE,9,1.8197907598372827,0.5591127255592879,6.2838547445964785,10.446607178572615,0.35333237263391803,45.377223583697344,2.123393221414488,0.14944096730055284,14.182407577683357,75.16689999999998,0.9728207126063874,196.77259169036526,28.26141948574381,1.0797271360491758,0.5744134129852624,3.678375832755143,21.517133333333334,0.9144973014020836,58.096178692038634,-1,Mid,0.0,0.0,0.0,0.0,0.0,0.0,0.0,,0.0,0.0,0.0,,0.0,Noise
340115,HENSOLDT AG,7,0.5474023516947875,0.6628522592998444,1.3447089148325406,-0.6275866192287742,0.007958858127689759,14.06948787395821,0.9894429023506705,0.7323852915410274,2.3123359234956053,191.26503571428572,0.9374761203648355,395.0803906500601,12.412138766324166,0.3452746781577392,0.035306429296505695,3.675088704671423,24.374607142857144,0.29094533337667283,90.37783269097775,0,Upper-Mid,46.5733872504557,78.45015440896512,91.96049329251153,56.06464711522682,68.18388826569375,99.2250752637568,82.62922346328335,50.61565216705172,50.15343373335205,24.077192169552692,89.42313821271523,51.320366032308605,9.630876867821078,Upper-Mid (Strongly Growing)
340153,SIEMENS ENERGY AG,8,-0.7482810710884006,0.3295723108124757,2.986544927679433,-3.216834754307935,0.14231280456422957,19.53828387239282,-1.1688684584344808,0.33355994602247063,4.637226870683699,568.547619047619,0.3824267799825198,2106.5527972258374,1.9601691725105619,0.04675740874359775,0.7691878315196028,0.12215574144151785,153.35714285714286,0.5411402639884981,477.6708463994846,0,Upper-Mid,30.669905243848667,47.143158173599616,52.80282101715934,55.77360530050333,82.13223710344188,97.59498070472277,81.20879697265725,44.92391033639201,39.593789827826,34.79626450232863,92.99392329848317,49.35970288136996,13.918505800931454,Upper-Mid (Strongly Growing)
346413,AUTO1 GROUP SE,9,2.552316322036775,0.758972768724007,7.564422386471623,7.472876245285749,0.000373705158677015,998.1081784015447,0.5171088323214388,0.6165278140185146,1.700434818424967,628.8852333333334,0.8784031052547543,1732.522313107627,19.918353139460265,0.08606562927517494,0.00011493644337117929,20.727897000381432,0.3232750000000038,2.8608019911719667e-05,156.05676185588513,-1,Mid,0.0,0.0,0.0,0.0,0.0,0.0,0.0,,0.0,0.0,0.0,,0.0,Noise
347562,SYNLAB AG,9,0.8135569851044366,0.22982175248107956,4.38174180113802,-0.6609160713495793,0.004957725909768638,24.235915333774663,0.507736975074965,0.061791265355221774,5.273872393536314,302.1730166666667,0.7399756274863971,906.9875860702726,23.317058599625963,0.44029635741544104,0.0837317044899053,3.928750931485965,61.4028,0.4223883409269595,243.94200280895546,0,Upper-Mid,41.59082374978224,50.89272456372238,71.32795843904086,72.13501597249629,74.82078812755739,94.9742942250007,92.69616018429133,49.65854793391646,45.25149422904062,25.200518418589972,94.28522875150827,51.058807257098906,10.080207367435989,Upper-Mid (Strongly Growing)
350278,VITESCO TECHNOLOGIES GROUP,6,0.908511592624763,0.6334689675230227,1.9494459575933032,1.4267862081020402,0.08747820053667968,8.238580343622925,0.7667813728400232,0.6127339875537323,1.672934617390625,20.108571428571484,0.005607441002341315,458.6086700251342,0.19631619914226572,0.03962676142766393,0.8528050487801904,0.0732836510325841,35.02571428571428,0.09132821337346628,197.93742627967612,0,Upper-Mid,57.95736299457839,69.96318863680104,86.39068329455475,93.70713028800756,68.47710195251405,98.09111147317138,97.68513680570986,47.040765543677026,56.81786124686943,18.296938044869943,90.7954378076775,50.038926200816675,7.3187752179479775,Upper-Mid (Strongly Growing)
351590,DAIMLER TRUCK HOLDING AG,7,0.44865471366063026,0.19637312212555466,2.024888939090993,-0.2410038578404329,0.0052132169303869885,6.675765790895131,0.7266982425643214,0.3204495168611029,2.5674635991655896,2334.1071428571427,0.46449158503864635,6849.547126397094,3.6148157159391348,-0.07288185377287071,0.5694562511354373,0.19316090158741184,-175.2142857142857,0.05805463205553709,1454.3906361253084,0,Upper-Mid,65.53415905846578,84.9697974681941,77.15475341032239,78.58872189646473,88.031701583045,90.64160724491373,97.14553751683198,50.08480585257153,64.27125054412836,30.140863236293335,67.22166686916094,49.89074197864712,12.056345294517335,Upper-Mid (Strongly Growing)
354519,DR ING  H C F PORSCHE AG,7,0.4610142394229677,0.18893163196042836,2.1212506939929945,0.6792254781142937,0.08252897400883644,4.728688878693293,0.11399933371381193,0.014689455986969963,1.881176100319631,2709.142857142857,0.9453378642455721,5572.7347955955,7.630408277833656,0.011715028328342373,0.4001820969538273,0.03703774275506183,699.5,0.7136617470911779,1656.0426027251883,0,Upper-Mid,55.14531098006573,56.89486351475317,95.83407609852428,87.39902013093713,89.79947835785974,95.42791064072216,95.13478677678535,50.30416618588152,55.6469208617496,18.036246188128878,42.59032958201047,52.592185294284334,7.214498475251552,Upper-Mid (Strongly Growing)
355804,IONOS GROUP SE,7,1.0697218581778403,0.7549887052103655,2.4622414522199536,-413.79490678680384,0.1570021207155362,2088.6341621481665,-0.3682413121916899,0.14808946354942037,1.9138170756370716,119.79846428571427,0.9667475939261269,243.68269918297858,10.080663906279241,-29.554761855459333,0.1561182536172921,149.59966385429036,39.94610714285713,0.7793515217474459,90.4977463805546,-1,Mid,0.0,0.0,0.0,0.0,0.0,0.0,0.0,,0.0,0.0,0.0,,0.0,Noise
358679,SCHOTT PHARMA AG & CO KGAA,5,-0.591496557288598,0.8773030349061104,0.8930841939903222,-1.3506627926575883,0.48447193938123456,2.744274943095908,0.9721526029538595,0.6358118199172683,1.724190081729318,99.5658,0.9654989324891768,143.3010215837975,13.133840565512633,0.027805812450124548,0.7412409341909099,0.045674193724030164,9.409799999999999,0.2814242001090615,25.08503264179659,0,Upper-Mid,35.096490379486184,41.87206197569892,93.23970500019016,62.92773811432115,71.82375182899852,96.08107406657126,91.48179088443413,55.4836863102877,39.479345132716155,19.55095537513083,87.53002793157609,52.63542069817384,7.820382150052332,Upper-Mid (Strongly Growing)
360887,DOUGLAS AG,5,2.64162657546941,0.7826942755456759,4.22270112687506,13.757069985987025,0.22758784376493232,40.78180219934398,2.7505162680335276,0.6899824917532128,4.682849284563041,341.0900000000001,0.9133619250728053,504.7339679474724,8.32359075821767,-0.33821184055338294,0.018479054135484944,3.518551700667748,49.03,0.6326511218043359,87.17556079544312,0,Upper-Mid,37.3006466614886,72.23690654958581,56.93430968902382,50.22285798159485,86.16035143631755,98.15229498207323,79.50124108628212,52.17225768510053,47.313978488119716,14.128765964438491,92.63186388403705,56.03339051820268,5.651506385775397,Upper-Mid (Strongly Growing)
