gvkey,roa,roe,ebit_margin,gross_margin,fcf_margin,current_ratio,debt_to_equity,financial_leverage,conm,revt,at,sale,gsector,gsubind,ggroup,gind,margin_trend,leverage_trend,revenue_growth,fcf_growth,margin_volatility,growth_quality,cluster,cluster_name,proximity_score,profitability_score,liquidity_score,leverage_score,cashflow_score,structure_score,growth_score,trends_score,volatility_score,quality_score,relative_score,overall_score
17436,3.561524591183237,3.646169836231355,4.388599448360404,31.512411890897944,1.1461844927980387,1.832971418510476,0.574594791988539,2.2589117671844714,BASF SE,65260.0,80415.0,65260.0,15.0,15101020.0,1510.0,151010.0,-0.5584299133540365,0.0055697257137825,-5.285768192505302,-72.45949926362297,2.549269232760668,0.3474910408465332,0,Tier 1,58.230453525622735,78.84334899457116,89.93396258441439,97.02003289386512,94.51007606574892,90.71716797069082,82.02243862864765,94.1504935298919,94.61056309112628,66.61010073891815,49.20330836365417,61.06622029284699
17828,4.749254745103959,11.019703103913631,8.64458700221163,38.52974710496312,9.406981056911686,1.3600486461925,0.7933819163292848,2.86110661268556,MERCEDES BENZ GROUP AG,145594.0,265010.0,145594.0,25.0,25102010.0,2510.0,251020.0,0.3217632319941527,-0.0830119467670089,-4.975916667754444,27.70163170163171,3.079812716571244,-0.4650282774815283,0,Tier 1,53.13015896075953,91.95996382668584,93.48165261087617,99.56514382907294,97.07974220228289,95.00627697373793,83.73906009341319,93.08555428058378,95.01096824656875,55.54933149816279,48.74953609400029,62.161429746560245
19349,6.534652125673153,16.026841448189764,12.720927169761625,43.226656130646646,12.612932964572632,1.3971489080682258,0.80604322721598,2.883348938826467,SIEMENS AG,75930.0,147812.0,75930.0,20.0,20105010.0,2010.0,201050.0,0.4274657300079713,0.0305137151956357,-2.3646954442001267,-4.430695539367324,1.833229520947242,-0.397258245788941,0,Tier 1,55.65775375137208,77.91741337013086,94.76271519310738,99.3659204201126,98.09572581392318,95.16852282933054,90.98467695631652,91.61957653713392,94.07283676631883,60.35211920780309,49.75112772783,61.43087776003374
100004,6.475870996902852,5.368676591220314,9.114981579998725,39.72850615904001,8.187796283685062,3.276000352751695,0.1399445258826524,1.4842684121989815,ALTANA AG,3168.838,4460.234,3168.838,15.0,15101050.0,1510.0,151010.0,-0.6327483285192008,-0.0059883295837248,15.58711150586447,-1.9262608011974656,2.4440278110633824,-0.763409682844701,0,Tier 1,27.97533669031794,85.43048168809591,52.967400978500756,90.5732160598916,96.69614353816854,85.48331333329867,61.03442528341385,94.37255313144689,94.53133738820239,38.55812504951397,49.67410852748267,46.4887164122476
100010,-4.250672662268254,437.7415687760516,-2.177823309743788,10.35044401535288,1.606575487331045,0.9146029254737492,-7.774535809018568,,BAYWA AG,21181.7,10852.4,21181.7,20.0,20105010.0,2010.0,201050.0,-0.0393191042204327,-0.8098200228053252,-11.710911872220342,-492.95612009237857,1.031984378037889,0.1816939575119068,0,Tier 1,1.7023673115384819,2.2534582045349087,79.38790818753755,25.897268041557542,94.65148212344478,94.45636479737179,59.51697676154466,92.60792426059972,93.47474602349854,81.59177020068776,49.01355221882721,12.648911883909827
100022,4.23520535460834,7.896874830742566,7.9638994240764145,44.69658659924146,-3.258182328978789,1.0991914607305364,0.7232844066511401,2.900200400801604,BAYERISCHE MOTOREN WERKE AKT,142380.0,267732.0,142380.0,25.0,25102010.0,2510.0,251020.0,-0.3216470686221347,-0.1079604426758696,-8.436121364905013,-169.64419756793274,2.300976531313524,0.5827736771714417,0,Tier 1,44.38270420143974,82.26138049269352,84.9502185161351,99.32916606733885,93.16793592333022,95.29162967313276,72.85847603843236,95.35259238725064,94.42375480389425,49.94689465918546,49.8912883886783,55.067045791613346
100042,-2.283029297954671,-7.278854254422915,-3.8106661745709545,23.186934858830043,1.919173279202805,0.6407944780955064,0.1144060657118786,3.0480202190395955,MAN SE,10838.0,18090.0,10838.0,20.0,20106010.0,2010.0,201060.0,-0.6133146416011801,0.0257370724738015,-14.412066650872625,170.12987012987014,2.5504076581144326,-0.3905236664983529,0,Tier 1,29.915079195065843,40.121734248057855,71.80074948887753,90.208036263904,94.74761505047265,96.37836223415646,61.02347766730721,93.90153351903852,94.61142046021548,60.85150850469846,45.29564958911848,38.16470380412439
100054,2.2840015248876586,72.36664710454106,1.690983557083559,26.35408799724454,4.971786361300936,1.120285964924529,6.67153636082885,23.00331592024251,HOCHTIEF AG,33301.27,24654.931,33301.27,20.0,20103010.0,2010.0,201030.0,-0.0672083220746791,0.6244574442477412,19.978436409854616,47.23920051579626,1.764917999082016,0.1284283150664063,0,Tier 1,13.452923858723844,51.536795351315675,85.61018740034407,39.28823238977991,95.69152990381173,22.448471049889726,52.89978613195142,85.27787955010547,94.02169664008875,87.08678593479779,58.38480842004647,27.552319772523376
100080,2.85701398285972,-7.997994233421085,6.795262412564906,63.991760717504185,9.84851735828005,1.1896932854379665,1.1125109690359785,3.474050394885295,BAYER AG,46606.0,110850.0,46606.0,35.0,35202010.0,3520.0,352020.0,-0.245515221629714,0.0626117834328853,-2.164284064907529,93.99830938292476,3.2777902945769237,0.3274444893955998,0,Tier 1,49.61670481688558,57.42321358520236,87.8180894760524,94.66344629248506,97.219040180355,99.58025376683514,90.8574931115427,92.94264678191983,95.16081718570904,68.26420437612714,50.34691749516326,54.426293239774616
100083,10.42195065713627,10.761061946902654,13.766497461928934,61.6751269035533,8.060913705583756,1.7426948051948052,0.0,1.535221238938053,BEIERSDORF AG,9850.0,13011.0,9850.0,30.0,30302010.0,3030.0,303020.0,-0.1521733838461118,0.0014112453995748,4.265904519953434,87.26415094339623,0.969901098575644,0.0118690843335776,0,Tier 1,47.09911181341779,49.433121344948894,92.96240079851098,88.59010735165528,96.65630897435365,85.81810082455883,87.8180869824231,93.56188926876894,93.42856289991876,99.56506246601396,51.22096216868347,50.75799277688589
100102,6.805254800057744,13.682834960412022,4.678908188585608,13.326054590570724,3.53151364764268,1.3571381600578682,0.2439080636482435,2.6623875778307324,BILFINGER SE,5037.5,3463.5,5037.5,20.0,20201070.0,2020.0,202010.0,0.4126368727273162,0.0091061602096166,12.303816657749223,106.3805104408352,1.9064345649928285,-0.7245276623620271,0,Tier 1,34.1310851035589,67.46982902641165,93.38188991974252,92.07513414950026,95.24500942605579,93.56894780890926,67.73278701222148,91.88473909996327,94.12767121193451,40.43693320782245,48.36826843772594,46.51383131348914
100103,2.68638952648134,12.016981459019236,4.020484112090079,2.770444352555743,-0.0190845764814402,0.8332567284612634,0.9888234274822388,4.076589845780627,DEUTSCHE LUFTHANSA AG,31439.0,47052.0,31439.0,20.0,20302010.0,2030.0,203020.0,-1.207206223448933,0.1734831766012957,5.055804317316048,-100.67039106145252,20.96164871387957,0.0519767052265873,0,Tier 1,50.47529875208831,55.54940892823434,77.0537222859601,96.53392710428463,94.15311465586707,95.88539785370621,84.29767175341955,91.5845512275075,91.28676347421403,95.62675741969842,48.783167609310375,53.59804475992359
100301,2.0851898057387275,4.953414317726147,1.9352704416386397,26.69680763080995,2.067596625682307,1.2986244123280517,0.1553249203915556,1.985257695482958,DEUTZ AG,1813.7,1683.3,1813.7,20.0,20106010.0,2010.0,201060.0,0.1662702930658463,0.0238718231750555,-12.092865451725466,-49.18699186991871,2.922952849647946,-0.0394732867052111,0,Tier 1,53.404050740378075,65.76743805023018,91.39864865102619,90.79385640983998,94.7932937322397,88.8326019203685,66.19481429094975,92.4792013406753,94.89240880490028,93.50247562942765,47.29754343055679,53.52371569082373
100312,9.899609592861127,19.85185185185185,14.562608963183262,51.881858270946566,10.132294123679625,1.2136537894426422,0.4619753086419753,3.541728395061728,RHEINMETALL AG,9751.0,14344.0,9751.0,20.0,20101010.0,2010.0,201010.0,1.0327341372410506,-0.0067134414545788,35.883500557413605,186.3768115942029,3.627016880404304,0.2234434608279311,0,Tier 1,26.201010182218265,55.25222760708949,88.59344021127718,95.30685961421085,97.308672921307,99.90149806147865,31.34748885718398,89.79995968792029,95.42572264930087,77.52829671913301,53.5718873209947,35.76365888430389
100368,9.322556660834046,16.42752611759716,10.371424213625312,39.356570085293065,8.723750393987308,1.0595436337925497,0.0514240542234365,2.488774621464517,GEA GROUP AG,5422.129,6032.165,5422.129,20.0,20106020.0,2010.0,201060.0,0.2639485037882495,-0.0001746025753819,0.9051471380523424,54.98155344259288,2.46568109363861,-0.3047544360852852,0,Tier 1,53.250898136820155,65.26669203976404,83.72352154906133,89.31372383716906,96.86458660525548,92.33101928206446,97.73180704722928,92.45474620935593,94.54763254868033,67.58494967520065,49.63918361377304,57.94484110348217
100373,7.680347008313294,9.287812041116007,13.512468222187636,63.83767492536047,9.002023403562887,1.2676099025996392,0.3571686990572262,1.9845974589797613,HEIDELBERG MATERIALS AG,21201.9,37301.7,21201.9,15.0,15102010.0,1510.0,151020.0,0.1930399733021766,-0.0174849315739678,-0.0212200090538683,-1.272501551831151,1.3860037580955615,-0.144910674519003,0,Tier 1,53.586417727987865,57.25207223544696,90.36459189513273,93.73972324699949,96.95215970993047,88.82810276016745,97.61317494871912,92.85969247581686,93.73853404708548,82.18500839134835,50.32701010326233,56.90093010529236
100431,7.509868489548474,11.54993270003583,13.209640117623668,26.59665756234368,11.503364413608343,1.539486177045518,0.2462839767984584,1.6276472126194694,HAPAG-LLOYD AG,19111.8,33617.1,19111.8,20.0,20303010.0,2030.0,203030.0,3.2416051113864066,-0.0763418719109386,6.59416046180874,-32.5902986447538,17.218849594851257,0.3241769334194058,0,Tier 1,55.01922730812928,73.17465146615464,99.8425865061482,92.10974751028948,97.74289994922391,86.42873910034797,81.57552974356999,81.2846466938009,94.04741496779221,68.53768726496897,50.95534770451814,58.08992542904709
100449,2.191040744353568,-4.1265822784810124,2.3470153252598864,26.586110813417648,5.755010181116707,1.2181768781415567,0.0879324894514767,3.373924050632912,KUKA AG,3732.4,3998.1,3732.4,20.0,20106020.0,2010.0,201060.0,-0.360944867861146,0.0298609281874391,-7.926092212053182,-8.244340025630093,2.9295929636206246,0.3070419392493664,0,Tier 1,52.557363523336356,65.7166641282323,88.74057153029578,89.83103918412573,95.93522691059833,98.81830585272743,75.98362695913285,93.57273521759645,94.89742460419471,69.98986512439738,48.24646158722503,54.54692619726351
100590,7.913003654780399,25.396558488873943,10.783821819739336,27.494340084439823,-1.5884476534296028,0.8691330019681756,1.9113278403676923,6.241858640210751,E.ON SE,81715.0,111361.0,81715.0,55.0,55103010.0,5510.0,551030.0,0.0930690797332772,0.5796916694177284,-14.00231530204168,264.60674157303373,3.5904213033591343,-0.5871554937245439,0,Tier 1,35.643320303561154,72.12407637564178,78.07459175092089,83.4260091583486,93.67449523670417,81.21084838500889,60.89914305653223,85.67670488362144,95.39792855865174,47.83867975436055,50.119701187783996,46.15961577086752
100609,6.065032732781475,8.138805658142289,5.644653692187617,27.50069236385609,2.507616002416979,1.257971827037634,0.2865305553619957,2.575848372935684,CONTINENTAL AG,39719.0,36966.0,39719.0,25.0,25101020.0,2510.0,251010.0,-0.7538652456830097,0.0128076625420784,-4.107869291775812,-17.220744680851052,2.9135851766363854,0.0796956645299811,0,Tier 1,74.16396365295775,84.36675254590075,90.045637113916,92.69805861258143,94.92884329724613,92.94982841566187,85.91234063203756,94.14164353606795,94.88533311698762,92.43773412036234,48.93287582448086,68.69559292642703
100676,5.011856436638398,53.02174822250105,3.7678106641688935,11.748024154735342,5.172376582510694,0.5253407515978185,3.7651610204935175,18.21068590547888,TUI AG,23167.3,17416.7,23167.3,25.0,25301020.0,2530.0,253010.0,-1.203153195840356,-1.0373654036831224,12.103997406355392,23.396148697353517,15.887563374646732,0.2253039761118564,0,Tier 1,23.11560831268082,58.556572648984826,68.82305617973451,62.221174043998474,95.7538837290252,32.42341561103122,68.40294583443404,90.06709340562881,95.04935830672314,77.3519997588424,54.95267104346852,37.440117134434246
100736,-0.4661356711391458,-1.075286125911498,-1.1935068845637953,22.68758041115764,2.343215351345432,3.0222597914905607,0.1100075656359158,1.5056420327414968,K&S AG,3653.1,9353.5,3653.1,15.0,15101030.0,1510.0,151010.0,-0.3133395064661238,-0.0362860554009648,-5.668026648763103,-75.61253561253562,10.652563837611792,-0.7609845683457818,0,Tier 1,26.29969483743234,49.24816528233197,58.1348647220362,90.14528998488684,94.87817641447583,85.6235902058247,81.00619015992437,94.39051273891015,99.09388551308315,38.67271282128863,46.34839083559019,41.534968513916674
100737,5.277727305045781,6.22675458325562,10.288736385589669,41.58185895224484,-0.0157089349958109,1.1298937057395215,0.7518678618056546,3.471891559788035,VOLKSWAGEN AG,324656.0,632905.0,324656.0,25.0,25102010.0,2510.0,251020.0,0.422981124868318,-0.0290853464624734,0.735996822678131,-101.08441420369977,1.798038321810791,-0.0549605069231229,0,Tier 1,76.70150250752552,87.10755753074372,85.9124750633591,99.77932201565248,94.15414677962677,99.56376351539015,92.05222656301753,92.22403890810506,94.04648806915844,91.74724720848204,49.74159481340607,71.88787869517684
100746,2.2989639861864823,14.728682170542635,1.038231886641119,20.53738525978077,2.87407539434988,0.9127545248868778,4.060077519379845,19.64147286821705,CECONOMY AG,22442.0,10135.0,22442.0,25.0,25504020.0,2550.0,255040.0,-0.1293155919597767,0.5199528004209663,0.8991997122560935,-22.10144927536232,0.5056311095623184,0.1292610913086887,0,Tier 1,23.380230950354168,63.21598076537541,79.33409220249344,59.38498540747804,95.04188036292317,29.052963962958312,96.59239660914692,86.69536324174338,93.08391971773078,86.99808975200006,54.11648626536229,42.42264656533659
100764,3.3382476832350463,-2.3845918679302964,3.2700639570868577,29.492469568805447,3.424798844646173,1.8102268635217864,0.457352491592785,2.9030877407520634,SUEDZUCKER AG,9694.0,9496.0,9694.0,30.0,30202030.0,3020.0,302020.0,0.0675651049853174,0.0468747747797639,-5.782874914957725,-37.00189753320683,2.829981862401547,-0.3620852851218758,0,Tier 1,54.28634703133971,73.96045716931813,90.68753056514413,95.23718712851384,95.21200820306105,95.31273885071433,81.22785116920831,92.47400227858328,94.82220835613937,63.00627369854649,47.894823389640024,58.214526634632136
100953,6.898618447785452,16.276268661447272,28.03418097754293,34.29656538969617,-11.381274768824309,1.2700634632819583,0.4682240324574471,3.120225680687185,RWE AKTIENGESELLSCHAFT,24224.0,98440.0,24224.0,55.0,55105010.0,5510.0,551050.0,1.6612269284570662,-0.2718361737168547,-15.199887978715951,202.63446761800225,11.741637627714423,0.0674177881836301,0,Tier 1,39.80867917158723,48.21395442771085,90.4459683283724,95.40111786772295,90.74238328749682,96.91369458735967,59.257351510925005,88.36821237846883,98.23853386070431,93.83694933648506,50.886228247341165,43.99497706758811
101059,3.292709625629424,4.681331077270164,7.249124385463192,41.18762250570354,6.950290800424151,0.8742941650981446,0.9883906749388984,3.220295168264712,AXEL SPRINGER SE,3112.1,6851.5,3112.1,50.0,50201040.0,5020.0,502010.0,0.0511118990090369,0.0767202631671677,-2.1567579463640074,-36.457109283196246,1.858738497540956,0.1705020432594468,0,Tier 1,65.8346552284419,78.95515910070402,78.22256275214882,96.54053592085589,96.30833057951632,97.6605308526248,90.96019156248299,92.15139304630328,94.09194071033559,82.7168244553488,49.4661333489119,65.4229762379756
101120,8.55174479556687,18.499364638434944,8.99019537679811,16.158305303084518,11.28462033922565,1.5675553732567675,0.0,2.1704837613404653,AUDI AG,69865.0,73447.0,69865.0,25.0,25102010.0,2510.0,251020.0,0.0229368033397053,-0.0097981556039968,13.136203909121823,5.99623554719011,2.0839654010299893,-0.1208979298136653,0,Tier 1,51.788633148411144,63.97547057983901,99.13156555242597,88.59010735165528,97.67349256724546,90.10386135690048,66.12361259452449,93.26607786285163,94.26078397018107,84.63562816201187,49.92758392866753,52.28809999967646
101148,1.1171562959243373,21.85386781166759,1.6510357270514544,9.619921363040634,-3.4373457473064315,0.1820945154038072,0.0,3.138184407313838,LECHWERKE AG,1175.02,1736.552,1175.02,55.0,55101010.0,5510.0,551010.0,-0.6126584818850448,-0.00188254562099,-19.977662229758952,-168.9328839015233,2.6375583772359263,-0.0876015555259898,0,Tier 1,34.17697004310679,53.14847113313992,60.67994544880866,88.59010735165528,93.11374483562341,97.04730195967299,50.729762158380396,94.30011556750773,94.67707834028506,88.1550620737494,46.00783783820104,40.76895730279329
101161,1.3448575051725289,11.19709563389701,1.3521674942960675,12.23325728090189,1.1407864716145484,1.002422983731395,0.3052450558899398,2.862902455335817,GELSENWASSER AG,2980.4,2996.6,2980.4,55.0,55103010.0,5510.0,551030.0,-0.450266599825841,0.0426313765401112,-26.77329795336724,-17.07317073170732,1.763618955958961,0.0483776114748627,0,Tier 1,33.481941161147226,55.51546980804629,81.98729580006933,92.97289936914339,94.5084193527529,95.01936641286093,41.10541154408736,93.51357413085262,94.02072440548591,96.04881803910638,46.5025112272284,39.958972094595595
101286,-3.615183900121541,160.04571948660825,-1.889184022422906,14.456656633348144,-3.143522266133398,0.6402877004374935,-1.154607534719558,,LEONI AG,5093.363,2661.635,5093.363,25.0,25101010.0,2510.0,251010.0,-1.0817639148309188,0.2062567569801784,-0.4993237835380526,1202.9866536458323,4.807328580449961,-0.2042292803037124,0,Tier 1,15.322880050114012,19.601876397673372,71.78740155192315,73.80072379875554,93.20263340020844,94.45636479737179,46.97409926848782,91.24725866644195,96.32651695932402,76.43109652401738,49.18315572209849,24.475714569729007
101390,8.480072526936084,10.810068649885585,8.195726898968795,54.18548224034508,4.5022578688414105,1.9715157680569684,0.034324942791762,2.6250800915331807,KSB SE & CO KGAA,2967.4,2867.9,2967.4,20.0,20106020.0,2010.0,201060.0,0.4410495948978004,-0.0254726661718426,5.1916253655244216,-23.149048279194417,1.8354355116224008,-0.3195692048150439,0,Tier 1,51.060272153275974,63.68584419953945,85.47708843789736,89.07245917031838,95.54573485229166,93.30153823502464,85.42044087728125,92.12726010990127,94.07448870298653,66.37083404070995,50.18397970466831,54.881589749842306
101768,1.3523843123419768,-2.178448206691808,0.745373821175098,8.558835920536682,-0.2970692765552926,1.8219334445517603,0.0642702399101339,2.046898820508706,MCKESSON EUROPE AG,9257.1,5102.1,9257.1,35.0,35102010.0,3510.0,351020.0,-0.1918323671877828,-0.0202858681057181,-44.7274616225124,-110.4881769641495,0.6099293688920165,0.7031971053714129,0,Tier 1,16.02795749178753,52.5488253803178,90.29888521859982,89.49541047158888,94.06815789181464,89.25365874148466,22.8331842691014,93.92797700635782,93.1612329242036,43.103670203134115,46.47362795679282,29.29546676030267
101937,9.317683459113244,12.006314886266532,10.603255679772433,51.98970384003828,6.0304099007731065,1.7026958942168635,0.0276751792704911,1.7923590157963738,DMG MORI AG,2235.785,2544.259,2235.785,20.0,20106020.0,2010.0,201060.0,0.1674330152457275,0.0003455489000788,-10.989016676433872,12.482376006340456,1.8554738142197376,0.3422155868631784,0,Tier 1,46.167761840910906,60.534660997028865,94.33661347534411,88.97880859167337,96.02106384660443,87.52774521937759,68.8146857249309,92.74089779206753,94.08949553778893,67.04146880644356,50.520176027811175,49.79412065367711
101942,8.55757507017892,9.235229155162894,13.98128416566293,53.63198369313445,11.553784860557768,1.2136648696226209,0.1215718755751886,1.6228142830848518,HENKEL AG & CO KGAA,21586.0,35267.0,21586.0,30.0,30301010.0,3030.0,303010.0,-0.4888991048820371,0.000863179950309,0.3346657990145996,-5.780128447298827,2.383246050438567,-0.4927676257901252,0,Tier 1,43.698050512417694,60.995092847864726,88.59380033965442,90.31035282076975,97.75890532425835,86.39670159614737,97.86671036596881,94.14719440792342,94.48561112763869,53.695496633522396,49.429747526428,53.38928061151232
102175,8.364843290479792,9.95862361636666,6.774259402077757,51.5832690650093,4.897246291339654,1.4995994287505658,0.4832195777487004,2.5252325211302478,PUMA SE,8817.2,7140.6,8817.2,25.0,25203020.0,2520.0,252030.0,0.391754667762913,0.0851279479341244,2.505318716067761,22.253680634201565,1.9389715021338012,-0.0529610104776677,0,Tier 1,63.29400935021637,65.78472009960188,98.39221629658951,95.62769713840994,95.66836934038645,92.58961258667168,93.54981582360016,91.1500104337257,94.15205335593771,91.97199252893495,50.34184399396003,62.069789847387945
102187,-0.0723605891552484,-57.01549504386465,,,,16.126666666666665,0.2121168964338612,1.2202631878774068,PORSCHE AUTOMOBIL HOLDING SE,0.0,42841.0,0.0,25.0,25102010.0,2510.0,251020.0,,0.0168118866735938,,-25.673008926017303,,,0,Tier 1,0.44569753114148697,45.254786249034936,0.4748280297758739,91.61323575594949,95.7002977088139,83.76945858558604,95.95570929547333,93.09855435204616,94.76923146688979,95.47795412415822,59.75067962467418,32.78391623217953
102218,5.306107935030152,8.103963782040841,4.869381289158914,48.85469076324284,3.1864972944750325,1.926212234869931,0.1869055141191414,2.0150701885809204,DRAEGERWERK AG,3370.88,3093.435,3370.88,35.0,35101010.0,3510.0,351010.0,-0.0983457186356176,-0.0039105547091338,-0.0777826260173308,-13.79996629456942,3.781958291545897,0.5193124570410924,0,Tier 1,49.29475331785419,76.96195361799873,86.90961913204978,91.24858396279197,95.13835545603843,89.03599582459819,96.88149766046479,93.50462399089274,95.54348934228408,53.979944445617825,50.40863282697356,58.76737509609033
102250,9.53941932957754,14.959508665902344,8.37686939228746,70.28088506410788,12.929692950350663,1.5385203104977778,0.7059486801422873,2.650662381602442,HUGO BOSS AG,4307.349,3782.421,4307.349,25.0,25203010.0,2520.0,252030.0,-1.0818589936119924,0.1120279077727786,2.6180124689723083,285.02226093689507,6.533374248348302,0.2973842866180331,0,Tier 1,44.010684806009905,48.93557090459604,99.80721414213048,99.05713863868533,98.19668414814275,93.48482241677667,83.53908710373878,92.56785877980346,97.65913822050365,70.82186056428405,52.121711988909254,49.82796503275252
102259,0.6067671256437943,-7.929932003422345,0.6342579182356642,31.60202563001289,-5.59645215098335,1.54984851487952,0.1047867789435763,2.3563065700004504,SALZGITTER AG,10011.7,10465.3,10011.7,15.0,15104050.0,1510.0,151040.0,0.2299054776241523,0.0123509298166865,-7.2174598026041314,-499.6433666191155,3.2800788438299886,-0.3859980721716331,0,Tier 1,41.32836489080787,56.37565004984491,99.77762565584764,90.07087011775673,92.46315902997459,91.39749735246619,65.64281235374081,92.42299912049307,95.16255076635436,61.1894142630012,46.265189106028146,46.659984831128924
102365,-2.656919940957334,-21.21670702179177,-2.966101694915254,26.81261770244821,2.3775894538606406,1.4674361088211048,0.8056900726392252,4.305992736077482,KOENIG & BAUER AG,1274.4,1422.7,1274.4,20.0,20106020.0,2010.0,201060.0,-0.4195442744605716,0.0878649621611637,-3.949351823937286,-136.07142857142858,3.9213757803727134,0.2009867182997537,0,Tier 1,36.81107661021528,38.70751292488318,97.23804584057287,99.37147183466323,94.88876798408441,94.21274392890791,83.68779874819742,92.84491155848218,95.64958094995688,79.68819416626538,47.459268051217755,44.95625022475868
102529,5.177639955249784,9.44252269602777,4.477698078984252,56.94385357407866,2.4759666914007754,2.3513525703669496,0.2296941619382368,1.8265367868501912,PAUL HARTMANN AG,2425.8,2097.867,2425.8,35.0,35101020.0,3510.0,351010.0,-0.4151692876159462,0.0172691781600313,2.4629459892122174,-48.96245814992947,2.2819621022878303,0.2254932237081222,0,Tier 1,55.73126137050366,68.156737491488,74.35857228860536,91.86833120280879,94.91908714610663,87.75753434794647,92.17335984856282,93.82428057835511,94.4094641087092,77.33408969108295,50.30667425973618,58.93668914406437
102926,9.463867146995709,8.740386542627023,15.106153541513084,69.20539320588705,7.063045589122931,2.972824669346672,0.2664937487941226,1.6710391494139043,KWS SAAT SE & CO KGAA,1676.628,2676.221,1676.628,30.0,30202010.0,3020.0,302020.0,0.3430504854413146,0.0244276877275663,-0.0887899420660476,-6141.887755102017,2.4249338116019827,0.0545221028846037,0,Tier 1,1.7116625966253425,47.854222959259104,59.19882278992302,92.40469903975365,96.34360149661183,86.71691707175276,1.904837208160319,91.9483872017981,94.51697054435435,95.32938237908947,46.315462443882105,19.78170511570137
103176,-0.4738690212388777,-15.715329228842744,-0.3966781769926657,13.849490596729549,-0.4908535715304928,1.764934188322646,0.0678284462068245,3.060941250130439,THYSSENKRUPP AG,35041.0,29333.0,35041.0,15.0,15104050.0,1510.0,151040.0,-0.4866538935409118,-0.3269394328331497,-6.64695225916454,-146.9945355191257,5.490050618634013,-0.5552316299129579,0,Tier 1,33.8198310156254,46.201164879796956,92.20701698721842,89.54580035486477,94.00897952687848,96.4739412405763,77.29660357526397,98.34885150342488,96.85143570687664,49.744360624421965,45.749053792685515,43.31723595398563
103200,16.704980842911876,15.919873484449129,12.368794326241137,36.9645390070922,8.709219858156029,2.2155172413793105,0.0274117026884554,1.3758566157090142,FUCHS SE,3525.0,2610.0,3525.0,15.0,15101010.0,1510.0,151010.0,-0.500585552284974,0.0055430427954161,-0.4518497599548143,-33.26086956521739,1.8049902090443213,-0.2212029198779831,0,Tier 1,28.649681401720972,31.072648551622123,78.1579983007053,88.97510000199013,96.86001598856734,84.77532883520402,95.22185844069747,94.0939469703159,94.05169256882864,74.86005203630761,51.08890720281936,40.855191037316445
103255,5.101514369821857,5.793674253621046,8.852959764061513,27.048662313039816,9.353275753107225,1.342844928930213,0.4309784215193615,2.435042861365652,BERTELSMANN SE & CO KGAA,18988.0,32951.0,18988.0,50.0,50201020.0,5020.0,502010.0,-0.1208089383874509,0.0006866197300966,-5.855520848827411,20.48846675712348,1.3599723118676057,-0.6956676548323845,0,Tier 1,39.97434348903559,88.03058112997122,92.89350415504265,94.84066513990267,97.062812617383,91.95121970445732,81.36664367191403,93.49986190567463,93.71911208390654,41.890419908354346,47.71506759247277,55.284916686385856
103269,7.90256763440292,14.410060644031915,7.011932035466742,50.19762801544557,6.192033116540652,1.336646709239354,0.0492010744619624,2.47148575276343,KRONES AG,5352.733,4749.469,5352.733,20.0,20106020.0,2010.0,201060.0,-0.1225563235537076,0.0099874834998033,12.32308441606813,1528.9526711554522,1.9361907124627615,0.8244201419566822,0,Tier 1,22.454393817556255,69.09168282545676,92.68251180484428,89.28232116717805,96.07147453426418,92.2086431339509,35.38338657904754,93.38625973791692,94.1499692739584,37.1616586838511,53.31511111843969,37.03583419568879
103487,10.984592968349478,6.875000000000001,23.82373595505618,76.9311797752809,12.941830524344567,1.1217044918496777,0.1478873239436619,1.631205985915493,SAP SE,34176.0,74122.0,34176.0,45.0,45103010.0,4510.0,451030.0,-0.4645395458999519,-0.0181451128191902,9.513891114173113,-20.263205336217773,2.746373490621218,-0.4500436442306867,0,Tier 1,28.520308219782294,35.03360101143513,85.65475139587994,90.68709290154105,98.20055472469112,86.45233781367979,74.31827193085753,94.38567803730749,94.75912177566951,56.5772486818157,51.394872743652165,38.63129356998268
103533,7.851335805146843,11.458533968350013,12.85087197651675,77.84760375116312,24.734619101827708,3.2842451500975245,1.2955293898785056,3.077364236058587,SIXT SE,4002.172,6550.656,4002.172,20.0,20304040.0,2030.0,203040.0,0.591288928605766,-0.0768301705115125,10.54169455178815,-754.143566090226,5.450365938236021,0.3151074620148641,0,Tier 1,29.552044595338668,47.07845948050842,52.80743041283482,91.96201089218664,98.00636020679492,96.59556160114977,54.89396623636987,92.02746828027135,96.82084552752656,69.3025245460998,53.127980986409966,38.666805758911295
104357,20.669590702413878,-101.7000007610524,32.62127879492617,80.51053755595584,32.29489196440107,0.1303265067689044,-4.926463313469866,,KABEL DEUTSCHLAND HOLDING AG,2631.54,4153.164,2631.54,50.0,50201030.0,5020.0,502010.0,1.0855360562517546,-0.5214025199937786,3.383981481917986,35.373472404521245,3.706332917775791,0.3530826581344067,0,Tier 1,8.771549484772724,11.5837982596496,59.538389507303144,40.63723055666672,95.62946648974699,94.45636479737179,90.89976063360574,90.81513283704963,95.48599043574654,66.15591002637579,50.51875080268326,23.524066596546543
104364,-3.619673127323022,-304.8581565296055,-17.10281505620204,41.78591481069656,8.068873647242745,0.6217871931228006,23.839936675760104,30.33219783171017,TELE COLUMBUS AG,454.165,2145.912,454.165,50.0,50201030.0,5020.0,502010.0,-3.429749501525803,1.586904963150663,-5.23797700247669,1550.7207207207225,13.429030033806509,-0.5226286991132053,1,Tier 2,15.017633085611894,35.62838438877227,67.49932936895033,42.45696266736229,86.89343966925487,36.181437156180884,53.23758787598475,95.83059898777357,91.23230512370783,65.40727648755615,49.379278897422964,25.36406456013315
132740,10.346031635182792,10.337417968523145,19.81277164827817,54.79772651287195,2.3269809428284853,1.9030314807617568,0.2668563795806957,1.663220860677159,INFINEON TECHNOLOGIES AG,14955.0,28639.0,14955.0,45.0,45301020.0,4530.0,453010.0,1.045090374696417,0.0194415793048537,-8.302164449077198,-71.49877149877149,4.675615587678315,0.0346232615737799,0,Tier 1,43.694365836020815,48.00195615255803,87.65187128957767,92.41000007162235,94.87317457511922,86.66492275872673,74.60894284921974,89.55523115742132,96.2255757524698,97.6790049957709,51.1154277027327,47.51047899946513
200759,6.052998605299861,4.97456189937818,11.952630129440925,36.394932525475085,4.43404020930873,5.056214865708932,1.1982287544752213,2.7020915771622382,BIOTEST AG,726.2,1434.0,726.2,35.0,35201010.0,3520.0,352010.0,0.7673929856368608,0.074711806012431,6.076541045866213,-189.196675900277,9.923660820056671,-0.0322987177102329,0,Tier 1,26.487968165571214,85.00208698719753,27.565790933927133,93.38847240449036,95.52457082053674,93.85437681259049,79.46649278618487,90.07178085218256,99.6705176068717,94.32694064968463,52.26541813444075,48.85442582204476
202305,4.09873708381171,5.332105209292806,8.17569733889067,29.835570008702422,6.980259240599093,1.2705072705072704,0.552911677412752,2.228533415208269,FRESENIUS SE & CO KGAA,21833.0,43550.0,21833.0,35.0,35102015.0,3510.0,351020.0,-0.8000602505664848,-0.0542900172590034,-2.089779810753845,-54.12402167369055,2.9975055969396336,-0.1090796441156889,0,Tier 1,75.06155296050633,86.30638230523945,90.46069576007321,96.68781143526118,96.3177037715574,90.50600474496187,90.63736594290953,95.12654125469541,94.94873957172796,85.86844132737565,48.60139822798419,70.55028368021297
202807,5.914235532436634,11.86195307478301,7.81893675754152,35.10312907325157,8.151733234617065,1.4295946527914067,0.885107429210336,2.9258934237216896,JUNGHEINRICH AG,5391.884,7128.36,5391.884,20.0,20106010.0,2010.0,201060.0,0.0445259769359367,-0.0073325371480288,-2.776886727046546,30.135692481694964,0.4426520657875997,-0.5606546666031959,0,Tier 1,48.33622814926445,93.27462815183966,95.89744025379188,98.13084507767653,96.68481993725895,95.47963431230914,89.96576601644351,93.17825760788362,93.03726629231153,49.415363684694185,48.803003810608935,61.29736630030789
203162,5.816661765123392,7.194612900685201,4.328910906132253,38.39518102370826,2.4596495251846413,1.5033992575605923,0.665582625612554,2.359793038339152,HORNBACH HOLDING AG & CO,6199.989,4614.193,6199.989,25.0,25504030.0,2550.0,255040.0,0.0479635320535832,0.040024681760198,0.634697671730966,-49.65185036003529,0.8851541973356237,-0.0939201318442059,0,Tier 1,76.54901862615462,84.29284201359765,98.52947364336737,98.42660912323944,94.91405764193784,91.42194565153741,95.15820559047779,92.60596507762054,93.36555736772408,87.47611755143025,49.2221911026974,71.594567604077
203586,3.759851845471381,3.344021988089785,14.331445456784042,51.826315357465326,19.61749979479602,0.7558077673346338,4.339746526187204,7.090853565429837,VTG AG,1218.3,4643.8,1218.3,20.0,20304010.0,2030.0,203040.0,0.9468156020376334,0.2723770499931148,-0.1966085033177744,602.9411764705881,2.605489586340343,-0.6886423528018596,0,Tier 1,29.059477259501058,67.94305801162113,74.89517279276478,56.81495276050482,99.64858127041508,76.09021344376181,69.05282178646121,87.56249229735498,94.65291295798363,42.25207393411368,52.05496679121346,41.251821050144315
204820,10.599350681969668,16.917223407934994,11.090111990728388,79.87793028272404,14.591876034620135,0.6443911403378236,0.5195994799422998,2.634707289594064,FIELMANN GROUP AG,2264.116,2368.947,2264.116,25.0,25504040.0,2550.0,255040.0,-1.0244609249876622,0.1010008597283486,14.983444044934702,66.18895752429626,3.809868907110948,0.3828216170146338,0,Tier 1,30.993375671996777,40.38493125665519,71.89555274846677,96.17962809229498,98.72816389009496,93.37047003700765,62.22910857119509,92.77161471631764,95.56471887453782,63.79183001844091,52.64550932895959,39.426665615038516
205865,8.095577746077034,3.8694992412746574,11.58754466564574,42.700357325165896,25.370086778968865,0.8961424332344213,1.507587253414264,4.254931714719271,PROSIEBENSAT.1 MEDIA SE,3918.0,5608.0,3918.0,50.0,50201020.0,5020.0,502010.0,-1.8838439217292733,-0.1508001627890378,1.7133956386292892,-2.6444662095984284,6.828304803040811,0.8081290542589302,0,Tier 1,34.42148508261482,71.13624112090608,78.85206722730888,88.92820378501658,97.80431987197868,94.58250445592117,95.5965344919972,93.66011238283849,97.8886813073171,37.909873978734666,52.259475011623984,51.228142809528386
205934,11.354129263913824,19.983883964544724,15.16424889102026,30.61067817607801,13.067977460736122,0.7117007394519357,0.284716626376578,2.244157937147462,FREENET AG,2502.3,3342.0,2502.3,50.0,50102010.0,5010.0,501020.0,0.2341635920855141,-0.0324510887955778,-5.6376800663700095,-4.497663551401865,2.497609395369671,0.7530993208542217,0,Tier 1,30.34638513742312,51.13983777298326,73.69301716186101,92.67146251980098,98.24079102074295,90.6145510322411,81.8658320613979,92.88907756986352,94.5716652912887,40.55045239076165,51.47094577458103,43.91354267075569
206703,5.4005535193357765,-14.47107586952604,7.034294621979735,28.11769290724865,2.240841777084957,2.769831483764899,0.4375563164534151,2.409262930257704,SGL CARBON SE,1026.4,1336.9,1026.4,20.0,20104010.0,2010.0,201040.0,0.8376659291904817,-0.1461291896418059,-5.757047103112645,-70.01303780964798,3.0241561724586945,0.384105227784315,0,Tier 1,48.17910610641755,78.44477562416473,63.77575229158434,94.93940596044071,94.84663941324489,91.76955087652287,80.870543325733,91.5073474585381,94.9688843981865,63.69171413358343,49.856282621891296,56.58511966230399
207096,2.53969741677938,3.345165248122969,2.954903394858046,-3.916661809617467,3.5848156734157715,2.233180932338404,0.0887378176290386,1.4325472826464392,RHOEN-KLINIKUM AG,1595.619,1856.481,1595.619,35.0,35102020.0,3510.0,351020.0,-0.1400670073171272,0.004227725429199,8.99193226132342,23.809523809523768,1.8697237568722591,0.1124389032950867,0,Tier 1,43.51660177815616,49.69779529846254,77.6531550379565,89.84248419506986,95.26149719602985,85.14481339089303,75.71244251900073,93.49890613411958,94.10016888298821,88.80740899378041,48.30674954200944,47.687314568312075
208821,4.3026823715728,3.038194444444444,12.85828378738131,54.9738219895288,16.750968734285802,1.4631731967326596,1.5070529513888886,3.654152199074074,SARTORIUS AG,3380.7,10103.0,3380.7,35.0,35203010.0,3520.0,352030.0,0.2536720501323209,0.1124063659575907,-0.4417351356126864,92.68458659407966,4.696320998152635,0.022778873856991,0,Tier 1,65.9519962948954,68.25378833899588,97.0860921954436,88.93572060109813,99.42282686297747,99.04361241975805,94.98928401896917,91.22157140995438,96.2414367983237,99.10497487396381,50.975158969620686,63.17352084871253
209440,6.439495572846794,9.530367717945188,7.936507936507938,31.70469576719576,6.671626984126985,1.29873417721519,0.2348161410274067,2.0531607216636827,VOSSLOH AG,1209.6,1490.8,1209.6,20.0,20106010.0,2010.0,201060.0,0.7992154785469279,-0.0334285483156408,-0.3870542699497714,15.450643776824036,4.215846617939716,0.5125365818492017,0,Tier 1,52.00505567259096,87.99913000185839,91.40232926299817,91.9427990530269,96.22121690487657,89.29654390714916,97.16513210043448,90.89193764671155,95.87404982534848,54.429356848509,50.20818941715854,62.17089798977592
210326,2.4404136246129373,15.108517694471264,2.815025264937772,21.04018796327245,10.656495153457463,1.3779065559841213,26.279333361319843,59.10918937072331,BLG-BREMER LAGERHAUS-GESELLS,1220.664,1408.04,1220.664,20.0,20305030.0,2030.0,203050.0,0.3192112203150031,3.1751302952972766,0.8784043436760092,179.41745070241012,1.7478538852135697,-0.1730625141610122,1,Tier 2,4.0344632467772765,7.020058151278802,89.07801350217682,28.86395809037918,86.16632534761143,30.39313676844948,71.03955078006105,72.82245636582067,83.13161326273412,99.68065651622251,54.08276778316464,16.560125355013746
210332,7.212355069788052,11.182831758256487,7.19166082866243,24.42342829620122,5.643944373774746,2.161501799220204,0.3172295164430767,2.2046008672250257,CLAAS KG,4997.427,4983.088,4997.427,20.0,20106015.0,2010.0,201060.0,0.2326694004994965,-0.0240255916521465,-18.6687387521983,85.19379386872052,1.5606331645909397,-0.0796096933714614,0,Tier 1,47.68366085105893,77.35785219494866,79.72226081798159,93.1493307533711,95.90063149472996,90.33999321048807,53.51079906290269,92.80562873010219,93.86892849182017,89.0213575434623,48.80183626639605,51.88658771418582
210334,4.981314221235958,5.3402149050645615,8.257998787225555,33.8554673103311,8.777602636730197,1.1912488792418996,1.2755381115394944,3.033837824155675,COMPUGROUP MEDICAL SE & CO,1185.711,1965.666,1185.711,35.0,35103010.0,3510.0,351030.0,-0.4172160398540727,-0.0844263943308435,-3.4281586118934397,-35.1767307153312,3.61632529300646,0.2265018034635937,0,Tier 1,70.94443447928649,94.540401626836,87.86822114929512,92.25330061510542,96.88152784497775,96.27356171690987,87.53523320186301,95.23504613225475,95.41760162453751,77.23870935216814,49.890171603789724,69.64146915887179
210340,6.1144775894864365,9.119466047446236,8.777417407335033,30.157628916952024,-2.1602116932266826,2.426546687744045,0.0396290305434368,1.7111672291205915,DILLINGER HUTTENWERKE,2287.461,3283.682,2287.461,15.0,15104050.0,1510.0,151040.0,0.7012634716984315,-0.0026104661303392,-12.515756993504455,-116.48490590586248,6.604694185805702,0.0679584657823664,0,Tier 1,55.0725643459496,89.45267858588024,72.33533653369898,89.14722886165545,93.50072577326465,86.98427395879125,64.83212716417567,90.99964923473487,97.7145968065665,93.77488898971964,49.13426574245213,58.559103416347796
210359,10.186036301773932,22.955031030623665,16.764324019192774,40.317245272368055,-1.3355913068021446,1.2224958949096882,0.669371248346729,3.7078543086784,EWE-ENERGIEVERSORGUNG WESER,8857.5,14577.8,8857.5,55.0,55101010.0,5510.0,551010.0,0.646014588903901,-0.0351814325492376,-13.854308500291769,-83.30981941309255,5.201134723670325,0.2579857031355256,0,Tier 1,43.3733136601677,54.93263068313629,88.88129265828096,98.48561744519702,93.75144582194307,98.63642524302783,62.34637809207274,91.47973311393348,96.62895115412643,74.3197332146211,51.16136156906972,47.53637005902495
212782,4.5860318383949705,3.6902594939561535,7.961218683848791,32.26893548164713,8.723592979259468,1.3997632533930735,0.6696120340576855,2.3027773419563995,FRESENIUS MEDICAL CARE AG,19335.909,33566.579,19335.909,35.0,35102015.0,3510.0,351020.0,-0.6851539358300058,0.0024667027153571,-0.6050699980368668,-13.240321879637184,2.518705305145754,0.1963698941668408,0,Tier 1,75.32614642283028,90.51978696358802,94.85364720800844,98.48936891127298,96.86453708890029,91.02295197948244,95.74710980721933,94.2756235195371,94.58754773879618,80.13964473255275,49.48004803332276,72.44541932405991
213034,2.3398745258243365,-19.005068071151744,2.069648810679144,13.756376425995995,-1.8992291829172403,1.1566742521783393,2.34069363013018,6.756601411110007,GRAMMER AG,1921.727,1699.792,1921.727,25.0,25101010.0,2510.0,251010.0,-0.3147518253336986,0.1471508494461366,-16.62384462932689,-164.26835710512412,1.9117388748657056,-0.2069643148356287,0,Tier 1,39.336197037203554,57.209431568975944,86.76071543554515,77.94762689610191,93.58000306840154,78.0665160973743,56.50445123050344,91.89852155291119,94.13164566193075,76.17573704218049,48.11639908272058,43.446795502862315
213037,6.840769104325867,7.69974037442853,7.161953876463089,55.52335148916444,5.9882952833468535,1.6556608541009448,0.7756941149147795,2.5902761550184,INDUS HOLDING AG,1725.8,1806.829,1725.8,20.0,20105010.0,2010.0,201050.0,-0.1878322525281588,0.0252921411258021,-4.536216828575634,-27.18779723112693,1.517655708490393,0.1198669162883911,0,Tier 1,63.87437807263876,68.8387577669256,95.97857233248706,99.84412709215282,96.00793253630651,93.05276246751842,84.6360569354908,93.32913335192968,93.83682073628104,88.00389160033738,50.2989457019491,61.99732403197953
214700,11.412562801021007,31.478027629657078,16.00324297433654,52.5675644197092,11.938199276381898,0.8612749327902864,1.1019469817233194,4.814072023892145,STADA ARZNEIMITTEL AG,3734.843,5237.176,3734.843,35.0,35202010.0,3520.0,352020.0,0.3161186484672494,0.0514032999055952,-1.6423650330361197,-32.92691915993365,1.9875906892154205,0.165620721648048,0,Tier 1,43.24233431891459,46.811905540424675,77.84983756199959,94.82177597796972,97.88101933311428,90.61130918078983,92.42246666864918,91.73970839961963,94.18849879601946,83.21235965298321,52.46081475220611,50.00486243374512
214759,3.265869365225391,0.9157509157509158,3.068280034572169,54.451166810717375,1.08038029386344,1.3329425556858148,0.0787545787545787,3.9816849816849818,HEIDELBERGER DRUCKMASCHINEN,2314.0,2174.0,2314.0,20.0,20106020.0,2010.0,201060.0,-0.1057188227777901,-0.1697386803511185,-4.577319587628869,0.0,1.590876007431103,0.4140666067404296,0,Tier 1,50.054444098466135,65.020438293056,92.5566483053198,89.70070922910607,94.48988200281119,96.58603535431108,84.75695444217055,95.44217873630484,93.89152901106183,61.39897967346406,49.64813130568716,54.70947938723384
216524,9.439976850447357,12.153934857176363,17.36798266579271,25.74255725354713,-8.19567961484628,1.538516073129337,1.8104740591621145,6.281474459830546,ENBW ENERGIE BADEN,34936.7,64277.7,34936.7,55.0,55101010.0,5510.0,551010.0,0.9007487912192432,-0.1281866030899729,-21.991568756168256,-18.287149339345344,5.072178113991962,-0.4793687169800782,0,Tier 1,32.02719739988178,57.668978204674694,99.80705898708463,84.76769844224332,91.68598228057499,80.96441844147843,48.03887546370643,91.13959090759772,96.52981098532933,54.58309789700409,50.28806927299673,40.02727576466794
218000,8.452944783618936,9.475840251911569,13.181906582528743,39.989800920785065,7.518011950309512,2.257210994682095,0.4830585513210467,1.8118733319657576,JENOPTIK AG,1115.787,1740.009,1115.787,45.0,45203010.0,4520.0,452030.0,0.4407378857090055,0.0350220547211026,4.665737377679058,-5.059136438232148,1.6762282502380683,0.322831167885967,0,Tier 1,52.98346957830628,68.61126250467649,76.9715870914882,95.6252612098148,96.48605115762078,87.65887300589576,87.0546137953126,91.53115518727607,93.95534221621008,68.65064138247467,51.460922870763106,57.536358522536176
220295,0.6613982923919302,-21.64513652158484,0.6453201533328601,28.128549371761192,3.3111756406616037,1.4134184476268248,0.5035133365470221,2.7624686155020184,ELRINGKLINGER AG,1803.136,1759.303,1803.136,25.0,25101010.0,2510.0,251010.0,-0.8535960562738824,-0.0118516520726113,-2.3812204946078164,2.079023406110569,3.378508538878221,-0.5065758480843952,0,Tier 1,40.56128370575702,53.903737940961925,95.33002145912641,95.9351883623169,95.1768831471522,94.2900923334857,91.00989095100965,94.49251975712228,95.237141354387,52.795879996893866,46.617674990857516,50.25026354937833
220301,7.923672115888068,9.2838994383525,19.313669880884856,67.73492153526186,13.632066553223671,1.190897821852311,0.2339194971917625,1.7239569403583843,MERCK KGAA,21156.0,51567.0,21156.0,35.0,35202010.0,3520.0,352020.0,0.4800962578109951,-0.0469521536989682,0.7764492926213507,45.877592311583214,2.636490576860873,0.2689354965133424,0,Tier 1,44.49612584289241,49.08557866947489,87.85690522411046,91.92975849677332,98.42091676135813,87.06965964877368,98.43610481328938,92.1876478529915,94.67627360186093,73.33061205476533,51.517848658156055,51.57395764272268
220303,6.086322708785568,9.135129201519243,2.779140699777534,9.742126363558114,-1.7994081565774973,2.147183915569788,0.0516819249599332,1.7225914948736527,AURUBIS AG,17183.261,7846.232,17183.261,15.0,15104025.0,1510.0,151040.0,0.1421246840263757,-0.0178235605765529,0.4361597415107221,491.4023947056357,1.5227710416822389,0.3665091022160684,0,Tier 1,47.022032889628115,63.84372277548118,80.14212384772715,89.31736733357437,93.61034294896704,87.06053977121316,74.2256145053965,93.01783373891914,93.84064174229903,65.07792517285522,49.69722334457599,51.6431366201144
220307,1.609573263036106,9.483700384731083,1.5599287599520366,15.704983837819777,-4.729640884580714,1.665228664922948,0.6773694737786503,4.570526115799306,PFALZWERKE AG,1787.197,1732.074,1787.197,55.0,55103010.0,5510.0,551030.0,-0.0338291273771425,-0.024185162627496,-9.603162680691558,5505.305039787761,1.2853282924683085,-0.4018040529017558,0,Tier 1,2.699169872133526,58.55918442304735,95.64226761614921,98.6103071109243,92.72380022250721,92.3201322803665,2.9233161757203048,93.5893360428669,93.66344277472129,60.01735282616403,52.593317913390685,23.09103297091336
221244,6.405228758169934,13.805697589481372,5.586285521259975,55.715069881349486,10.518093146983068,1.2409048264359428,0.8053323593864135,3.7719138056975896,ADIDAS AG,23683.0,20655.0,23683.0,25.0,25203010.0,2520.0,252030.0,-0.4227210971496479,0.1074996125257679,10.528772109954732,9.880899867666514,3.247124986310203,0.5394375436823811,0,Tier 1,43.883219108566976,69.01989787395681,89.48359476222073,99.37709522551722,97.43066261576277,98.15289380248711,71.99711188749444,92.57440090510308,95.13759119968364,52.66690001767954,51.79759511957705,52.09454352389404
221614,-0.5625879043600562,-10.44052348679598,-1.8013204594893717,3.350761363202687,-50.78426134412091,0.901539934572728,1.9473007712082264,4.901729376022435,DEUTSCHE BAHN AG,26203.0,83898.0,26203.0,20.0,20304010.0,2030.0,203040.0,-0.6138444855094198,0.1664278556428696,-42.01721581730875,1.117021276595742,3.545165686302901,-0.3226672179243812,0,Tier 1,17.62400650648409,41.82938347050956,79.00836182978625,82.95260574072257,79.84334390204366,90.00403906578683,25.007575235517315,91.88930966162069,95.36356842220749,66.11971293057314,45.13557079446068,27.4618761560954
221616,8.001403582414556,17.708859959555106,20.607785670245025,42.77895554786016,24.22020828230445,1.0562503552953215,2.1227407735085944,4.817587209302325,DEUTSCHE TELEKOM,118397.0,304934.0,118397.0,50.0,50101020.0,5010.0,501010.0,0.9083638954089496,0.0960900661978899,3.2312910341700807,14.740717029449414,3.561205423752282,-0.3789588016963779,0,Tier 1,45.040590920991335,58.24822181265789,83.62242840665765,80.68203400489105,98.1702174108008,90.58687810290984,91.33492116636133,89.39878168294814,95.3757451091762,61.718737860496894,51.853405950175684,51.43432230637142
222247,4.13440320453886,-0.3588146417242324,9.77463079182668,81.85508422975441,-1.098701135094548,3.4007087974938144,0.2921336050814798,1.6232439397257303,SOFTWARE GMBH,1000.181,2364.646,1000.181,45.0,45103020.0,4510.0,451030.0,-1.5867969667914168,-0.0046997039002349,4.384176970129605,-322.7199027158492,6.221738615381914,-0.3652052625999272,0,Tier 1,30.97174664174784,46.41066832180828,50.598670198637464,92.78025956145478,93.8235948463997,86.39954931027167,77.22152477229598,93.20013416028107,97.41717848236318,62.76619583460283,50.19316397762294,42.53208699305067
222340,3.0422778517086395,5.068676090351879,3.5296727800181595,24.405421101596477,6.265136557618198,1.3023979142368434,0.9942512895223844,4.083795166095733,DUERR AG,4290.936,4978.375,4290.936,20.0,20106020.0,2010.0,201060.0,-0.4965662083968718,0.0570575702224736,-7.269801574729639,28.68364367430949,2.270022492596523,-0.5931023291626563,0,Tier 1,42.1124487859132,71.85615014573781,91.52526595909939,96.45107346996751,96.09428437307523,95.83241244527736,77.7010555759514,93.35949964294572,94.40049174868011,47.49183785641442,47.71464543265124,52.51647522690231
223089,5.009903103655216,6.905259376777323,3.764985442126982,40.50557139651597,3.279557681467171,1.5049629393530888,0.9277199389349536,2.630632502170204,HORNBACH-BAUMARKT AG,5847.008,4394.077,5847.008,25.0,25504030.0,2550.0,255040.0,0.0922619794689531,0.1074227638393112,1.1598855149173026,-40.31331803991024,1.1044119343611911,0.032137880620271,0,Tier 1,78.03656589824328,82.1617976034528,98.58601252288676,97.47156658601385,95.16711119333964,93.3412878949951,95.22660612737054,91.67809870442582,93.52865300231143,97.97651414963234,49.567786850302305,71.67813345769484
225236,5.368135231849235,-0.9952006244396074,10.123339715407322,41.77832662841635,2.836431098722648,1.0572405568121908,0.7105895177555144,2.496359004251401,UNITED INTERNET AG,6329.186,11935.709,6329.186,50.0,50101020.0,5010.0,501010.0,-0.5468603182232925,-0.0728668106173555,1.866505204390112,486.5422942464148,2.039358137012388,0.4524402035389427,0,Tier 1,51.152345430108426,84.67676053038795,83.65281159380812,99.12988827209169,95.03026250560605,92.38475521112287,74.19539542837437,95.26415492680916,94.22731971224857,58.58265259619845,50.73665637691443,58.43858841958628
231016,-11.906958013848811,-386.8254194784808,-101.2565154987032,79.93142463844754,-124.30270524345512,3.0798002345730398,5.154396623784379,41.31197374054517,MORPHOSYS AG,238.278,2026.311,238.278,35.0,35201010.0,3520.0,352010.0,-9.350024856455684,0.4286895903698116,-14.370730269848742,-19.653751522500464,59.69286138078496,0.1686616481941946,1,Tier 2,2.642095955360354,6.073624590420019,60.12706172915239,12.254759910755368,74.87288393114063,84.00201638551448,62.98478636751642,71.90810118957654,75.84288706611837,65.61681952497119,46.53795331941239,12.944757246431145
232623,-4.126479344858201,-20.58507650717829,-9.90241754050042,27.100369275013897,-12.453213244714023,1.97908788832944,0.4123177869347261,2.0078234167082227,EVOTEC SE,796.967,1912.502,796.967,35.0,35203010.0,3520.0,352030.0,-0.8325694190209383,0.0386309779443166,1.9887999631442943,-43.89027713390848,9.297187349360202,-0.1214903418117103,0,Tier 1,29.211201487337778,30.305316003392896,85.23996623651296,94.56110878502352,90.42705513092078,88.98651236681144,93.4729579343976,93.76205340267525,99.83148576929437,84.57429924943683,46.0791459885283,41.22259836427568
233025,3.0806115022005893,5.828069087348736,2.492305887548649,39.18476910762097,9.81028089835951,1.2429958172204243,0.2477360548294593,2.451046867759121,CANCOM SE,1738.992,1406.896,1738.992,45.0,45102010.0,4510.0,451020.0,-0.1398458261153746,0.0079525472019844,13.951338164437963,147.80663529138343,0.9231519418954548,0.0228674538735926,0,Tier 1,55.959194193719995,72.71179840756663,89.55226526210865,92.1309084357704,97.20696925869518,92.06417936395096,63.96847852856451,93.45096646798967,93.39380173578087,99.09423366238623,49.37455645920299,55.73439998186305
234919,10.285252060344996,31.04969341462203,14.894720782288836,29.148085206077525,12.965382138084774,0.963440304797599,0.0941840797618595,3.960516360470789,CTS EVENTIM AG & CO KGAA,2808.579,4067.28,2808.579,50.0,50202010.0,5020.0,502020.0,-1.5039697320762582,-0.0345877774323092,19.08064778728644,-25.79035857304437,21.20389538993195,-0.0379195654339278,0,Tier 1,40.993460842684634,55.33883558216801,80.82310407933852,89.91992263969644,98.20806558366154,96.74301022298309,54.42743682277569,93.77758746271503,91.1109028374711,93.68040789657324,51.735218546940466,44.62125924089345
238136,8.330651905813248,12.843574968897892,5.57152331470804,20.278072657991213,7.445333331641758,1.64043992916163,0.297555358613322,2.2063301814437866,BECHTLE AG,6305.762,4217.281,6305.762,45.0,45102010.0,4510.0,451020.0,0.1793811755822081,0.0365579850663909,-1.8213557665315403,31.194931997216724,0.7092724602242448,-0.335848058177192,0,Tier 1,54.10749763338028,67.26359701095072,96.51602043622376,92.85987015123176,96.46328140376875,90.35197863204996,92.81186463362043,92.29772435757351,93.23493272151919,65.06186768016424,48.8082683166339,58.303485165708494
238442,5.523105033596605,8.753796474207485,9.07059440198981,55.91824703902519,7.7683995223914115,2.131519684970158,0.2579995954345821,1.6619508183633516,CARL ZEISS MEDITEC AG,2066.127,3393.2,2066.127,35.0,35101010.0,3510.0,351010.0,0.2882926311304993,0.0164001969641289,-1.1091274589575597,-13.338912585713503,3.893627057909703,0.0466665850607139,0,Tier 1,63.56342500525075,71.0010481354491,80.60400098923469,92.280616226552,96.56453717048447,86.65647948383098,94.40968492377078,92.20251882576109,95.62845580154023,96.25012047995072,50.14665730630388,63.01509399041093
241456,7.616457960644007,14.004118858487791,6.321716199843204,15.742522509680946,6.872876725346257,0.951631949364697,0.7886353129071576,2.936788130962888,DEUTSCHE POST AG,84186.0,69875.0,84186.0,20.0,20301010.0,2030.0,203010.0,0.403304004284083,0.0645280279571203,2.969739964284845,-1.5484090522375316,1.81894497593214,0.1862053710526598,0,Tier 1,59.81166567972336,67.81731189533299,80.47372840677913,99.63993366235869,96.28412209606995,95.5594665586533,91.96107863581128,91.33835798018973,94.06214061277058,81.14260465605429,49.83292133307403,61.246283812563505
241840,-11.29224991464664,-33.54995938261576,-11.643052010912612,51.50928451993312,7.515620874768988,1.5329082682023858,0.1714053614947197,3.172488491741132,SCHULER AG,1136.3,1171.6,1136.3,20.0,20106020.0,2010.0,201060.0,-3.157324460998459,-0.0257328787692315,-6.253609438165164,3184.6153846153834,7.146851054548595,-0.7216541018234701,0,Tier 1,5.371251079539023,15.191814453034713,99.60193541414226,91.02511408297477,96.48530196320493,97.30302590998092,13.01584829377018,87.71270009993327,98.13721048120624,40.57936531496705,46.587126947482055,16.241751974785554
242158,8.310987378093564,18.0683413949134,23.606461941493237,46.51433561344783,35.22534323000048,1.6778509146862712,0.7156082592188069,3.0451448483902843,WIRECARD AG,2061.3,5854.9,2061.3,45.0,45102020.0,4510.0,451020.0,0.4879204244472153,0.174330692863635,34.26399063610766,32.386939620907704,1.220848560660378,-0.3687558468439327,0,Tier 1,25.230174202493732,51.6280242617489,95.20040265677156,99.20862204835872,94.72373430107707,96.35710552546848,33.197557319645234,89.89480732193718,93.6153805846348,62.49409607609084,52.89271470507626,35.31817033612993
244394,4.731161033700287,8.400305695997723,5.857605422183909,19.73142168527728,1.3499340241851587,1.2004183041835663,0.6717545619160621,3.61511496877632,MVV ENERGIE AG,6361.422,7876.016,6361.422,55.0,55103010.0,5510.0,551030.0,0.4304629757397033,-0.0453900198140223,-4.278055232457534,-109.19012400112582,3.948103928022732,0.1652528123788666,0,Tier 1,67.1227494164123,77.31740403791446,88.16430361773975,98.52275600853568,94.57263031341088,99.34066029958724,83.71525651459204,92.35071897300796,95.66993354549028,83.24982863726756,49.10756443131478,64.7221446521902
244398,2.3869309973741046,-7.609128373745788,2.0902236373212872,39.27750862424849,7.783129214256228,1.341711204453602,0.1407131219451058,1.7006646122542262,TAKKT AG,1053.715,922.733,1053.715,20.0,20201060.0,2020.0,202010.0,-0.8906813425784554,-0.0354272850895951,-15.088379514164496,-9.418040844277051,3.230778385588403,0.1347765399045956,0,Tier 1,49.73656178041853,66.45305174223299,92.85487540681059,90.58422926115742,96.56915629958294,86.91421980931196,60.17495227365818,94.82248944600533,95.12521255724877,86.41293397969604,47.51391487227177,51.269900827778486
245628,3.171732239418236,0.8919378348804626,2.447037708124253,19.99916424904008,3.638434953571294,0.998215707867124,0.4249413517562171,5.68428671218551,NORDEX SE,7298.825,5631.15,7298.825,20.0,20104020.0,2010.0,201040.0,-0.9120628997596782,0.0026417477131352,12.47878740059434,837.8218031571139,5.193389274065121,-0.1808729623549338,0,Tier 1,43.05536066873288,67.84001849143382,81.86084531318329,94.75013302830482,95.27808598115047,84.75985387040429,52.123030112462146,94.25688272515741,96.62299367982733,78.6469484532036,49.77688608474237,48.08361578547972
245839,3.511613209037763,9.33189744439382,15.842113469805982,31.973804379301896,-1.5815383244603836,1.605830574174271,2.3005633102762704,4.194342045313341,FRAPORT AG,4489.3,20252.8,4489.3,20.0,20305010.0,2030.0,203050.0,-1.4119148056778543,0.2063918382652417,10.819550728215257,-10.915934755332424,19.16843490064541,0.6484236809527287,0,Tier 1,38.683256851486625,72.21273844069981,97.7492985691113,78.44404088043666,93.67659708077097,95.02315025229639,71.26774182381007,90.8685999086155,92.59915934990698,46.09156016117962,52.698850757178874,48.450415790349794
248166,3.571736141172149,13.842840833217496,4.827384728518385,18.681391528759185,-1.1052125672643396,1.0428113496444396,0.4089301299595058,2.397348853425822,MAINOVA AG,3891.921,5260.131,3891.921,55.0,55103010.0,5510.0,551030.0,0.0191916126029229,-0.017819915000269,-16.006285412637222,-80.56848058835755,4.065889595596093,-0.7711345820673754,0,Tier 1,30.835980646893667,71.86408185307145,83.21115765358283,94.51044649131276,93.82161093448148,91.68571477151447,58.17295743949571,93.37064669532657,95.75967501958146,38.19537841185311,46.286288065193666,44.8841968944274
269104,3.4268730614848595,1.8419912455812864,2.8213285711351723,43.23621487398007,0.6193172204906234,1.1904406521258022,0.4359291548058195,3.408704208356785,BAUER AG,2044.994,1683.634,2044.994,20.0,20103010.0,2010.0,201030.0,0.0559500212346537,-0.0729523422107589,19.572181757266005,27.235282298573548,2.318868540814901,0.259944472374841,0,Tier 1,45.83796930720241,72.87644123032592,87.84217107618068,94.91497106164041,94.34851145221828,99.08231501027241,53.612559786725,93.88676808178693,94.43720389640964,74.14181817556795,50.285659965925056,50.44385704311893
269835,7.572848817278026,11.344066685002224,5.441757916907879,24.797689285230398,3.4759259487356355,1.4630843539761946,0.5427888378784352,2.468529841115366,BRENNTAG SE,16237.4,11668.0,16237.4,20.0,20107010.0,2010.0,201070.0,0.0295773880596694,-0.0175868099295963,-3.4356025239219434,-57.96842418826333,0.577573490321878,0.2023983510955493,0,Tier 1,65.30363495829195,74.18877011422153,97.08292787798037,96.5331024187866,95.22781767491689,92.18773648715876,87.07004701482487,93.33930626826252,93.13724160301497,79.5506676965295,49.572771479636806,63.673025300263475
270249,9.291172013327335,10.397369949505476,6.343323696603866,24.430525958749023,1.9637926766967548,0.949274655097486,0.0129974071881747,4.553224896551532,DIEBOLD NIXDORF AG,2399.846,1638.437,2399.846,45.0,45202030.0,4520.0,452020.0,0.3193189417977098,0.1219090801466359,1.613772598341967,-64.00051942893373,0.8212851867279339,-0.7095106278307913,0,Tier 1,35.492298302238844,64.17986139182057,80.40416381752578,88.77244558259156,94.76134477556084,92.44274397797221,93.28421341977821,90.93953485702407,93.31810169267118,41.186834664016,48.55452102586772,49.90276817048554
271763,0.2368448151580681,-3.8595726122982983,0.3612943763744894,29.186302230600063,2.9531888155827835,1.945290468133108,0.5294374182293938,2.117531617967728,LANXESS AG,6366.0,9711.0,6366.0,15.0,15101020.0,1510.0,151010.0,-0.5081288468194866,-0.0223329345061284,-5.183199285075957,-63.28125,2.958311804424543,0.2648902700877009,0,Tier 1,47.96597982741757,54.6099841995782,86.30344818344803,96.3294289868303,95.06630113350391,89.73858992652762,82.43494190145124,94.49832480852524,94.9191212521483,73.69448437520776,48.139950142885844,52.10657295478338
273099,6.664530599166933,18.822479928635147,11.226555120766427,21.56254216704898,3.440831196869518,1.2430153744420565,0.6280107047279215,3.712161760333036,MTU AERO ENGINES AG,7411.0,12484.0,7411.0,20.0,20101010.0,2010.0,201010.0,-0.522577306925928,-0.0117293296326452,38.18758157747531,-42.69662921348315,4.773797471147643,-0.0081169667901299,0,Tier 1,28.065743894087575,75.76882951560974,89.55290779205212,97.84333172782677,95.21696542844398,98.60383733177639,29.185213314995924,94.36329492401376,96.30080959883071,97.15970301788404,51.66797479170717,40.54217863078904
276585,2.60895439909032,5.161483765955624,4.29060785067636,25.50595966304311,-5.963158446642666,2.663054898870502,0.3695493874753705,2.0153131157371718,WACKER CHEMIE AG,5721.8,9409.9,5721.8,15.0,15101050.0,1510.0,151010.0,0.455456032142309,-0.0274252851666431,-10.627596763612502,-214.9983147960904,5.297143149401356,0.1366247830647122,0,Tier 1,49.51212290139832,71.05269920056921,66.32360149169585,93.92349681731501,92.35311489077137,89.0376550915915,67.44683416430478,92.09565714704038,96.70282730255396,86.21772829642444,48.54571126235711,53.524763807050384
278310,-1.1883667087728502,-8.568437624544638,-0.6339230477762031,16.777406809482173,0.0671421956508202,2.294225502648623,0.415876826338605,2.064417476832874,KLOCKNER & CO SE,6632.193,3537.881,6632.193,20.0,20107010.0,2010.0,201070.0,0.1077364024494914,-0.0012993261904905,-4.66339409427613,-98.09181404078625,2.9009785182162453,0.0410117836765077,0,Tier 1,41.396008284313844,44.953854220586656,75.93342512686185,94.61436335044957,94.1794825844818,89.37368857988642,83.06101097620638,92.93201773312047,94.87581175779965,96.91841455006114,47.25884014753468,47.46976213931878
281772,8.517548002884906,12.012117010534563,14.185438749484096,45.20224314711195,13.353791417567583,1.6134851163824715,0.4141274697451509,2.091015226641348,SYMRISE AG,4998.513,8324.708,4998.513,15.0,15101050.0,1510.0,151010.0,-0.1639514460331436,-0.0382411793988295,5.672629855859812,41.82653796221734,0.9746357666051833,-0.530394311251048,0,Tier 1,43.81716366599651,65.32445940990368,97.47518451495357,94.5881836570756,98.33201630680965,89.556232873864,84.35028654636872,94.0915468436642,93.43208416770797,51.279367315013026,49.98339090316554,52.70311869604221
284636,4.448284175841839,4.681248332888771,4.953241755783257,26.74392590272496,10.89086760034006,1.8045112781954888,0.1980528140837557,1.6595092024539877,WACKER NEUSON SE,2234.9,2488.6,2234.9,20.0,20106010.0,2010.0,201060.0,-0.0979512458514454,0.0213298242406081,-15.81980488907303,-1640.5063291139245,1.8776599077777043,0.7518975709515904,0,Tier 1,21.7480747123422,81.90392203500873,90.87788884655129,91.40963667077992,97.54867921115445,86.64024986738761,30.263124426456816,93.18694875223841,94.10611366186987,40.61012496090454,47.794572790548266,38.76044662298514
284944,5.698021928171116,7.2587164800385295,10.66096960415108,39.408557283917744,-6.361501505720067,1.0068980003105013,0.6060532085352768,2.520018365108412,GERRESHEIMER GROUP,2035.903,3809.164,2035.903,35.0,35203010.0,3520.0,352030.0,-0.1462351395385437,-0.0388402918978466,2.2817040662431065,193.0114703287255,1.258984865473323,-0.825851216049157,0,Tier 1,34.213914714013036,88.19738196285616,82.12200766170349,97.5040587838279,92.23372533894468,92.55258461054517,88.52506482092247,94.05602156734145,93.64380381310743,35.72184143461846,48.38134052970254,54.35420787969761
285715,9.712542256446024,14.776402534658612,8.859265526999643,26.67567871428594,8.106953148186728,1.6751441630336863,1.0543457703791863,3.270276982327309,SAF HOLLAND SE,1876.747,1711.869,1876.747,25.0,25101010.0,2510.0,251010.0,0.1035904786795682,0.0395115443921096,-10.892900383159954,2.918157650862785,1.0576754382713478,-0.085521161814018,0,Tier 1,53.6110897076839,62.60871509067864,95.29498518632255,95.53849925656289,96.67076107967812,98.0357063810105,69.01645200608002,92.46882122936901,93.49386402084623,88.37975596770946,50.03271567705239,53.87249662777758
287162,4.093116364700484,4.2714264137066005,8.361242084572226,24.988554509150173,-3.0336149089959075,1.2600929603390996,1.8437754880907824,4.313162197836837,HAMBURGER HAFEN UND LOGISTIK,1607.62,3283.977,1607.62,20.0,20305030.0,2030.0,203050.0,-0.3414374050639267,0.1189688294771233,9.598996468551002,43.240226745381285,2.5671435498962256,0.5593401818185055,0,Tier 1,45.22661262233187,81.8978551401966,90.11573544961526,84.32230989654826,93.23590478231232,94.16094183413186,74.21507721148517,92.31935646755096,94.62402546509051,51.399783661697505,51.37969067121907,54.034708648349664
289333,-6.361948215252014,-21.276811080829034,-6.408631639628523,19.05641768393313,-10.434385904827389,1.5191172917086673,0.0742035292671818,2.78543544737546,SMA SOLAR TECHNOLOGY AG,1529.999,1541.226,1529.999,45.0,45301010.0,4530.0,453010.0,0.631703926132041,0.0101288988112108,-19.64539964360348,-265.6697521896144,8.866138806401356,0.867733769754151,0,Tier 1,15.850965886639031,26.077623149017292,99.09927730396542,89.63615267524376,91.02184059206955,94.45636479737179,50.53795380008379,91.13322854989966,99.48952954134735,35.24339890747884,46.170810809489495,28.10021932199602
295079,9.636367415804298,28.098174006444683,13.589086792769931,57.973188928695485,17.53712183799328,0.4966513857321131,3.085258861439313,6.200708915145005,STROEER SE & CO KGAA,2046.841,2886.43,2046.841,50.0,50201010.0,5020.0,502010.0,0.4852925221632113,0.3778397427159388,6.922056280787525,32.91454681448241,2.2858091070332587,0.3475205929358724,0,Tier 1,37.80359230672582,53.48867569502631,68.1024807045809,69.2866058654885,99.67697452387387,81.46761418762306,80.99970800619295,87.53787972182162,94.41235523172844,66.60769213147823,54.055500127408116,44.89778884917338
295421,4.222784810126582,2.46119733924612,5.502408128257571,32.62518968133536,5.7597149831760905,1.3569844789356984,0.3263858093126386,2.1895787139689578,EVONIK INDUSTRIES AG,15157.0,19750.0,15157.0,15.0,15101050.0,1510.0,151010.0,-0.5681103448253229,0.0176966060053351,-0.7205082858452894,8.98876404494382,2.408216650983237,-0.054724814041009,0,Tier 1,77.3848563008677,84.62156519640921,93.37662515439004,93.28435234170057,95.93669266487369,90.23594549083288,96.04438873971833,93.98466472508835,94.5043938913105,91.77371073575922,48.61719849384996,71.61334910475674
297185,4.099886202899167,5.821242769896921,6.702482787398288,36.54809096599208,6.152201126643019,1.0106711190156437,0.8779364720328303,3.0383235854848616,KION GROUP AG,11503.2,18805.4,11503.2,20.0,20106010.0,2010.0,201060.0,-0.2170621439577628,-0.0168660203573492,0.6078522263134323,0.9269823160296564,1.8432564957069504,0.4892741503059048,0,Tier 1,52.866360580974494,86.63751067057129,82.23576219779238,98.24222790877745,96.05904837945349,96.30669683089182,98.26667372456077,93.93882595304292,94.08034561169815,56.000911589359745,50.10504670660779,63.03827021606592
297222,3.899478501045504,2.0382971286862306,4.822370856252529,57.06840895591767,7.064363126135201,2.0651249898844326,0.5566301522620161,1.9925658188556352,NORMA GROUP SE,1161.69,1436.628,1161.69,20.0,20106020.0,2010.0,201060.0,-1.180630036173918,-0.0539139002397135,-5.229435336500798,40.99475990035222,4.532879852160701,-0.3590678900897964,0,Tier 1,50.319767437155946,66.23876838835463,82.59145948241479,96.74470374272899,96.34401371277691,88.88241811377972,83.03173249108276,94.7539101779723,96.11630644164802,63.23933144594922,48.76734124985665,55.504890900468624
313972,3.434206052363141,6.275681733283527,5.9467734338200655,61.269430051813465,15.99152143193594,0.5456945572705117,0.5369816959282779,2.746544639521853,TELEFONICA DEUTSCHLAND,8492.0,14705.0,8492.0,50.0,50101020.0,5010.0,501010.0,0.927919209194586,0.0826689326352544,-1.416299048061298,8.640000000000004,3.2949582674926226,0.0025306783683457,0,Tier 1,53.88253289008353,62.27593340468833,69.33889038110519,96.44446267999274,99.17792803242575,94.17497972911097,93.94337170923657,89.45202749883437,95.1738227297885,98.43384418443668,49.287345128084816,57.744151861355846
315541,-0.0326834646655272,0.0,-12.805221109485764,4.928547316304721,1900.9845842241475,0.803135409345109,0.2486430012204819,1.6490396933687148,OSRAM LICHT AG,8.887,3481.883,8.887,20.0,20104010.0,2010.0,201040.0,,0.0300819944700086,,0.0,,,0,Tier 1,0.20063068683879048,35.042824832357354,76.20692722919765,92.14412770217625,0.22136590565048875,86.57069265562805,97.11363761613266,92.934664503434,94.76923146688979,95.47795412415822,56.35001111323162,30.870275653844512
315582,6.620639200204304,10.79879175649246,9.68760863938692,32.34884671872678,10.982858140507195,1.9672676484652087,1.2168544737477862,2.9404203000912488,STABILUS SE,1305.926,1910.888,1305.926,20.0,20106020.0,2010.0,201060.0,0.2725675188843278,-0.2469237724317347,7.461156268566071,9.91746304229537,2.391222416760741,0.3863335324822929,0,Tier 1,56.86734401381742,86.1809698078687,85.61040773079971,93.11371089558942,97.57782446359562,95.58609653781654,79.5688149454291,94.50020608401405,94.49161050558638,63.51828934656189,51.467534831187734,61.22982489847402
317079,12.293744779837615,11.31745623931815,43.27239562634384,75.7247816738508,43.500996946321145,0.4542740768734515,0.0291789077423174,1.4469321444130427,SCOUT24 SE,588.798,2072.493,588.798,50.0,50203010.0,5020.0,502030.0,2.7933164819655585,-0.0747971151867522,10.702118538907568,27.904700553799437,11.444048391748495,0.5786809364117763,0,Tier 1,16.05805865960253,20.45435241489697,67.05189179632751,88.99997742359005,92.21198175685723,85.23882339631227,71.6044902765697,83.07604616775139,98.47152277116787,50.19765349150166,54.81253619205914,30.154765230664864
318434,4.908628615087864,9.421078302630097,3.706786474343816,43.35682194372192,5.046110191534642,1.3662473058994538,0.4437023974787077,2.9954976925674406,ZALANDO SE,10572.5,7983.9,10572.5,25.0,25504010.0,2550.0,255040.0,-0.0923177440171789,0.097662229912951,4.233419763188762,-29.71014492753623,1.3553190125092662,-0.1979348437922435,0,Tier 1,67.40968195625291,80.02108295894817,93.69447933523072,95.03175771776318,95.7146288613727,95.99081819542754,87.9603085217233,92.19822669488049,93.71564069890988,77.02204018616013,49.19116505593557,65.66531142432561
318452,18.61719889628992,21.637677609015192,93.2072151341839,-115.9700835899692,14.864980202375714,1.4528447281432737,0.0282949534541891,1.161583374162992,ROCKET INTERNET SE,1136.5,5689.9,3809.562,25.0,25503030.0,2550.0,255030.0,-122.01437830990707,-0.0214888810275491,118.81016557566424,0.0,777.5365159611879,,0,Tier 1,0.003336158246831405,1.6421510423720012,96.71891264466333,88.98753289160932,98.81576313749807,83.39321608723604,2.1048167499992005,0.22746349788459658,0.22125278734878773,95.47795412415822,59.74088253906567,9.544240473433945
318659,3.84553759551872,11.03301743828173,3.5860119489701416,27.969871368628624,4.964490045349462,1.4840927773507606,0.3252028633652353,2.3381917429845367,HELLA GMBH & CO. KGAA,8024.792,7483.219,8024.792,25.0,25101010.0,2510.0,251010.0,-0.5474795014026841,-0.0352426203764466,0.8882291626462369,10.262350163709378,3.509538064600949,0.4246387129994087,0,Tier 1,56.151510519331296,78.0838581116983,97.8340647786726,93.2668972435333,95.68926259658004,91.27057523388717,98.25639699269055,94.72546886821596,95.33652700731692,60.60982481737327,49.465755359611265,62.1425251033291
319665,-0.1017995789553028,-20.156592997013117,-0.3317322967088418,-227.66073330859248,22.552523167863217,1.4528447281432737,8.513302179243974,12.549396710827333,ALLANE SE,749.098,2441.071,3809.562,20.0,20304040.0,2030.0,203040.0,-0.8366671539152435,-0.589690735495042,20.63158233759541,0.0,3.041086649386782,,0,Tier 1,1.1229609073660947,1.4833150317350918,96.71891264466333,29.358122786741376,98.70331746006383,50.057728908952534,51.779313817733694,96.73795461945176,94.98168414741733,95.47795412415822,48.68457638175994,11.448556720627648
319865,2.3935960978679884,3.134484302701627,8.61409966024915,36.37457531143828,-25.15571913929785,2.1009994739610733,0.716851584655953,2.529678093437484,SILTRONIC AG,1412.8,5084.4,1412.8,45.0,45301010.0,4530.0,453010.0,1.3043987376036914,0.0285768717778737,-6.6719513806315245,-50.00703333802223,10.982404135082342,0.1554490730765204,0,Tier 1,60.112572541740285,74.06490339455858,81.51158292690909,99.2281369414511,86.77279407829181,92.62119421679567,78.81957355591905,88.50872916977212,98.83404777581912,84.25450967192016,49.421078204888886,60.6037594231408
320124,3.603182030884417,-16.570529627687467,4.2335605893996044,26.98482515944579,2.7215746646140317,1.2773361136452497,1.4452018877818562,5.6030414263240695,SCHAEFFLER AG,18188.0,21370.0,18188.0,25.0,25101010.0,2510.0,251010.0,-0.8422117865832994,-1.5961540276393669,11.49390057009747,1.642710472279263,2.91794344941175,0.0658763524934664,0,Tier 1,55.80415837954563,70.81126641883104,90.6876087026494,89.81017874861678,94.99482406074897,85.28977715694596,69.75258638958243,82.77082020011574,94.88862498713739,94.01410478609071,49.67330766652773,55.927822468883505
320448,0.4988628860685203,-3.9951937518774407,0.4795824811340715,22.103110233443825,0.6276888356019465,1.6124161073825505,0.3660258335836587,2.0473115049564434,COVESTRO AG,14179.0,13631.0,14179.0,15.0,15101050.0,1510.0,151010.0,-0.7668193612743537,-0.1055812634592256,-1.377199693955622,-61.63793103448276,6.191469390614984,0.381439870009742,0,Tier 1,46.09849410960412,54.48018166473688,97.51342018208393,93.87115806472801,94.35107645947213,89.2564844121683,92.05260014041788,95.88625521030919,97.39370885509499,63.899775974227765,48.12327082686276,52.53043980432451
321632,5.908181558367326,2.860720477749952,3.260168312999097,7.70024802511792,1.4107324626170237,1.4368503571221185,0.102485070314005,3.7072818339433633,UNIPER SE,69751.0,38489.0,69751.0,55.0,55105010.0,5510.0,551050.0,-1.1938703768392598,0.0523256133927567,-35.418730614323415,-83.56164383561644,17.61291902254827,0.292820293884823,0,Tier 1,26.755341675265797,62.373207659698416,96.1530472985131,90.03807985708553,94.59130439083499,98.64075709618318,30.95054520276163,93.27311646943195,93.7528641098073,71.21847736855607,47.497043573578246,36.823167968168804
322597,-6.171591284252228,-1.185025585779693,-8.919039809154615,18.68197405695542,-0.8409124794990308,1.1603321990887594,2.057231349313224,6.526259089684891,INNOGY SE,33535.0,48464.0,33535.0,55.0,55103010.0,5510.0,551030.0,-2.607379585532984,0.3078057027016783,-4.357870119499186,129.2682926829268,5.898614840057967,0.5242867155408714,0,Tier 1,21.51446045452316,26.092087522049113,86.87722458782656,81.52250383605967,93.90217195714278,79.45823584204614,84.33142594248181,86.91698468912446,97.16693215038966,53.65238859377596,48.32398554480235,34.62616596119733
324859,-2.129561044732859,-34.03927014620221,-2.151333501427444,30.29760791235248,4.060286139556068,1.39210223162858,2.0829379315665624,4.79126644292713,DELIVERY HERO SE,12294.7,12420.4,12294.7,25.0,25301040.0,2530.0,253010.0,8.972026520287347,0.3008027572527716,23.665496534867604,-398.56459330143537,32.619992422082234,0.6939970776631674,0,Tier 1,20.345899800710054,39.65179496075849,94.58742845437389,81.19165598108124,95.4086995201379,90.76997158787826,44.719326583949,60.610051683184395,83.19635570055505,43.59164317557918,51.04764461708218,30.895783498136197
324977,1.2951601908657124,-7.194244604316546,0.4898643204743949,18.714750717071126,2.2591768990299395,0.6992920898738073,1.7182254196642686,7.035971223021583,METRO AG,31029.0,11736.0,31029.0,30.0,30101020.0,3010.0,301010.0,-0.1499686924856836,-0.3275359091005574,1.56459690353834,111.14457831325302,0.6057903226135065,-0.2815186485960557,0,Tier 1,44.24572975804458,56.36344079740787,73.35830554165805,86.01379675448634,94.85228692401955,76.41124412261168,93.72683871163906,96.79570555175387,93.15816354870002,69.53408269997232,48.56401117908592,51.631385544893895
325735,0.0987579291221939,-15.296624425255132,0.0339367992377272,66.04884288567216,1.6589873781212066,0.9091281630980432,0.7545138499495345,2.95245037568689,HELLOFRESH SE,7661.3,2632.7,7661.3,30.0,30101030.0,3010.0,301010.0,3.4122079361327287,0.0412579131174063,0.8516968117315615,-4.722638680659664,14.281215114286391,0.2684672011111413,0,Tier 1,39.33887364828754,44.24691075403088,79.22861703879475,99.82109625668568,94.66759349800546,95.6743504644056,97.6222344347008,80.23400050277021,96.27253764867594,73.37264358796806,49.24726140127545,49.21037640099489
326410,7.265469818044684,3.491385746894061,14.53373731070942,36.96912151651939,0.503462628073934,2.5241624187605054,0.0644474784089846,1.3341176605726643,1&1 AG,4064.254,8130.073,4064.254,50.0,50102010.0,5010.0,501020.0,0.176176492918958,0.1694473200119703,-0.7920275363029972,-129.17100292251763,2.677655973876076,-0.0149246511837316,0,Tier 1,58.1046859944376,73.38535030957519,69.79070362139551,89.49791978059345,94.31302153386336,84.50431810171601,89.72604971278096,90.72644756537838,94.70730249538641,96.35372424225157,50.07896285282806,60.32764389466657
326577,10.676537089324666,18.82575419160785,18.58815592442331,61.8698978075796,13.65531465037034,1.8154504993652785,1.4719467524345573,3.4413356893031684,DERMAPHARM HOLDING,1194.707,2080.019,1194.707,35.0,35202010.0,3520.0,352020.0,0.6342065967192626,-0.4287600068167555,3.8589362758265855,-8.286438686537634,4.946341128536405,0.3398187220747304,0,Tier 1,40.241042606398295,45.24020532601188,90.51390547664526,89.43100627937433,98.42834745917108,99.33065528726924,89.30832587733603,93.10018234799222,96.43316719941024,67.23837966467187,53.39842339637699,47.48380761729954
326765,6.099229182499186,10.670915984394746,12.560926530429729,42.94146581406788,9.52466127084917,1.247991013566059,0.7393263366119017,2.5306335512940272,SIEMENS HEALTHINEE,22363.0,46055.0,22363.0,35.0,35101010.0,3510.0,351010.0,-0.4776451175456497,-0.2652137876545959,3.1503690036900345,66.27634660421546,1.9286414682458912,0.2552128996632308,0,Tier 1,66.61505253591153,80.33414269275603,89.71652654797967,99.58155703729973,97.11684899677103,92.62798325682117,91.28598705836256,97.72535256676356,94.14431167347648,74.57231718271078,50.6797324690639,66.36390331540018
327148,7.504732212448502,3.772021869995029,21.89377943803801,87.13659249634563,28.16306642845542,1.040883573346351,1.034517037609764,2.975976141823604,SPRINGER NATURE AG,1847.1,5388.6,1847.1,50.0,50201040.0,5020.0,502010.0,0.8104904438494789,-26.07405839138555,-0.3184025903939624,8.533277696640962,3.477855100505245,-0.1239094339382342,0,Tier 1,1.631885854487024,36.97379337705518,83.15232848438158,95.83865311156741,96.92124776894408,95.84717356467075,97.2211679067422,1.860216981458653,95.31248603457828,84.32432584581365,46.1946920432537,32.21455351437392
328745,8.414811732889536,14.614121510673234,10.117558779389697,50.96298149074537,10.18009004502251,1.6347721098702084,0.7257799671592775,3.1573070607553366,KNORR-BREMSE AKTIE,7996.0,9614.0,7996.0,20.0,20106010.0,2010.0,201060.0,-0.6583842840662589,0.0825288748737396,-0.5338035793898466,23.25135250946717,2.4134139151679683,0.2351002705458458,0,Tier 1,60.09970343502806,65.81920170001845,96.71691819035117,99.36838717473277,97.32377770395935,97.1897710812775,96.78845479221584,93.10634160351289,94.50830371744607,76.43032298334198,51.28323351027093,61.65882865032057
329260,1.853972286238764,-22.59697008846485,17.708688328253867,88.8340911967751,-2.062053923525568,0.581898867320949,2.0679870493401347,5.120624878473378,ENCAVIS AG,410.804,3923.899,410.804,55.0,55105020.0,5510.0,551050.0,-1.7933585055783152,0.0002615165379069,-12.994010454171931,-105.83635336429153,7.241835752217022,0.3029086122153937,0,Tier 1,28.52817434659042,35.772539975460674,70.26600326747705,81.38391252588364,93.53053476398695,88.50529283771948,63.93707071675499,92.54950108470696,98.2114394137476,70.34474324809985,50.91673708966865,36.29472959382991
332311,6.895815216562161,15.719251037111784,9.521201525077412,29.191329808522735,1.2154277168074483,0.9803955288048152,0.8975782038345106,3.674571140262361,TRATON SE,47473.0,65547.0,47473.0,20.0,20106010.0,2010.0,201060.0,0.3380330644186116,0.0994738362115387,1.2822153951186133,-45.61734213006597,2.3855782735217828,-0.7725188022961524,0,Tier 1,36.27452052742463,82.37980475361609,81.32741521750764,97.93744355831944,94.531330160424,98.88859156217464,94.76071561922137,91.143591869504,94.48736525638041,38.13073952625969,48.734599421941326,54.993620860408214
333885,19.280864696391152,122.48693834900732,30.73640720738969,94.83707712883998,36.63523089800454,0.2451355405745738,3.275543613474648,10.651749017266258,TEAMVIEWER SE,671.422,1070.341,671.422,45.0,45103010.0,4510.0,451030.0,2.123393221414488,1.4774174578854269,7.13799029502673,8.585693600791068,15.042714857597067,0.2325696354778396,0,Tier 1,9.807023448807575,12.039939995590228,62.09968379197514,67.23202912296787,94.29103331733143,57.90198647078388,80.40746925889037,72.45076472037462,95.69073158821072,76.66735847975117,60.454964500375986,25.115120679771422
340115,3.918228279386713,12.385321100917432,8.214285714285714,27.767857142857142,5.0,1.2782793414763676,1.5229357798165135,5.385321100917431,HENSOLDT AG,2240.0,4696.0,2240.0,20.0,20101010.0,2010.0,201010.0,0.9894429023506705,0.2963547821895007,21.277747698971304,-49.54954954954955,2.497608254631416,-0.2378112868606452,0,Tier 1,44.44300684357659,84.04902564679703,90.71899555618475,88.71254443116699,95.7002977088139,86.72625305956558,50.62055530455846,87.19420642304215,94.57166443253483,73.35407899788206,50.90594375821805,51.05134560559051
340153,-0.1690450917954161,13.046831955922864,-0.2495285071811983,17.037574350790656,3.989554620629624,0.8986585402288548,0.3622038567493112,5.60595041322314,SIEMENS ENERGY AG,34465.0,50874.0,34465.0,20.0,20104020.0,2010.0,201040.0,-1.1688684584344808,0.0495080491592968,10.752273530640457,248.9847715736041,4.957404049954364,0.2844420654943981,0,Tier 1,40.614286215638096,50.13096734244742,78.92488723617434,93.81441952267197,95.38678714409546,85.27074619115636,69.44649565650387,93.34611569399877,96.44165972860198,71.95234631917766,49.29808551260835,46.070324255487506
346413,1.9040184524518369,3.4091780542524983,0.6704495647339384,11.55507468138499,-3.756510575484888,2.6234055504204523,1.509932694268815,3.603486844788905,AUTO1 GROUP SE,6271.911,2208.487,6271.911,25.0,25504050.0,2550.0,255040.0,0.5171088323214388,0.0827387103258135,14.810551664108472,220.6339053632912,1.8035834866110143,-0.5298648641179716,0,Tier 1,33.46907689079143,56.33755912979692,67.2953965650241,88.89521451779224,93.01728596726105,99.42931483403642,61.6160692780237,90.80014017649752,94.05063940904952,51.31259893689681,49.175737401465994,42.78707442575873
347562,3.0564201141431777,3.942662743687184,5.408735626600707,76.63256504436347,8.98976647744371,1.1556630782906423,0.5999364210702623,1.9925098209791663,SYNLAB AG,2635.163,4663.266,2635.163,35.0,35102015.0,3510.0,351020.0,0.507736975074965,0.4475833608695324,-18.93105751354937,-49.74159548874096,5.593786398873084,-0.91115572778417,0,Tier 1,22.256960805453012,48.892816105560094,86.72853614247511,97.40975584838831,96.94830076304153,88.8820362952267,53.011740605087574,86.65835099873041,96.93144411517711,32.18119364857778,47.290698456419086,36.37408421889519
350278,4.2911210454827176,-3.3809139690667416,3.5242386171641464,20.393796300307592,1.3992981848113328,1.2135632037661428,0.2358222565145722,2.65952372601971,VITESCO TECHNOLOGIES GROUP,9233.2,7583.1,9233.2,25.0,25101010.0,2510.0,251010.0,0.7667813728400232,-0.0110815577569357,1.7993384785005562,-11.202749140893475,1.8326080543522392,0.0864254281707015,0,Tier 1,67.28060603450803,72.34778104652567,88.59049604752038,91.95743393911407,94.58779210154694,93.54839339380744,95.11822711130897,90.83273006773015,94.07237139177553,91.6796667714897,48.51695929117918,64.8452760837161
351590,6.159449725133372,13.060121594235532,8.412079072433752,28.35216450616713,0.2551916711356029,1.6292420455026904,0.8274262553478946,3.326007655933348,DAIMLER TRUCK HOLDING AG,54077.0,73854.0,54077.0,20.0,20106010.0,2010.0,201060.0,0.7266982425643214,-0.23033827316018,-3.243871891214889,-121.5625,2.773177639798861,-0.806866012852634,0,Tier 1,35.578454104979315,87.4846033562293,96.91333621451649,99.03036707856387,94.23701325399179,98.45573396481359,85.71824231292366,92.40426767400203,94.779342236696,36.56139597215438,48.3263495710844,54.48907536803252
354519,10.6712500233527,15.588248057978562,14.250430357009206,33.60277424344485,10.425866327370706,1.414487903506937,0.3107234301089268,2.322918022826889,DR ING  H C F PORSCHE AG,40083.0,53527.0,40083.0,25.0,25102010.0,2510.0,251020.0,0.1139993337138119,0.0227372212801663,-1.1028867505551432,-16.536848412222895,2.031902419035604,0.6251670892980747,0,Tier 1,38.07661590299312,55.52174562124258,95.3674312985171,93.05350873450244,97.40148658264977,91.16369638892812,94.33625026663267,92.63744524134356,94.22172761017903,47.422036390420395,51.66118584717627,49.79078389889091
355804,19.58729266372432,106.96651031421796,20.632813796825104,55.78744101298403,19.863539150458788,0.748764273337184,6.751305038583749,10.36204418217582,IONOS GROUP SE,1560.301,1643.586,1560.301,45.0,45102030.0,4510.0,451020.0,-0.3682413121916899,-29.924378341048133,9.592171009472272,33.133588491260646,2.0671587018981805,-0.6071737893549983,0,Tier 1,0.6107636969512762,17.286745596175972,74.70189183735634,38.79557292131249,99.56899455130751,59.203218098777555,74.24304340831374,1.024868140966217,94.24817423140102,46.68111905907428,51.93275863638072,18.717668401394015
358679,13.093188579938971,18.937735796540007,19.73051674292204,40.49646271880103,8.384887121496284,1.351614310645724,0.1023195674121907,1.8247191949453827,SCHOTT PHARMA AG & CO KGAA,957.091,1442.269,957.091,35.0,35203010.0,3520.0,352030.0,0.9721526029538596,0.0207943802382899,6.508888250860778,1197.5101050929725,1.9277031144388368,-0.5066219254178034,0,Tier 1,25.467967165930055,40.6607017842214,93.19284169994042,90.03572255423364,96.75805242103992,87.7452988666922,45.98507322854178,89.8155616906082,94.14360847041912,52.792903395218396,51.926624606980724,34.22066046292094
360887,8.620266440541807,11.014948859166012,8.67894855088744,45.09773084700068,11.959110312289372,0.8741224375175511,2.764358772619984,5.876344086021505,DOUGLAS AG,4451.0,4481.3,4451.0,25.0,25504040.0,2550.0,255040.0,2.750516268033528,-0.386332071580355,8.722733823493488,12.015993265993252,5.235584664334608,0.9939962230801268,0,Tier 1,25.41910763500438,68.44167242319575,78.2176347998935,72.89470390810685,97.88766635586822,83.52021168299366,76.36753964750692,83.75493539583762,96.6554530510319,30.198170092970027,54.136013411367216,42.60057887657763
