gvkey,company_name,years_available,roa_trend,roa_trend_r2,roa_volatility,roe_trend,roe_trend_r2,roe_volatility,ebit_margin_trend,ebit_margin_trend_r2,ebit_margin_volatility,revt_trend,revt_trend_r2,revt_volatility,revt_cagr,debt_to_equity_trend,debt_to_equity_trend_r2,debt_to_equity_volatility,cluster,cluster_name
17436,BASF SE,11,-0.5203910451744728,0.4618113988120526,2.421572580770398,-1.7381982240373897,0.5355901335056996,7.510745009251506,-0.5584299133540365,0.5278355347349147,2.430632843352111,568.4818181818182,0.042123343710344194,8759.012785423172,-1.292391284636929,0.009783718602490584,0.23775978726264552,0.06345045655132885,1,Growing
17828,MERCEDES BENZ GROUP AG,11,0.0712214336077651,0.017552498218325815,1.6999699420134697,-0.24603295279874668,0.03395305185716316,4.2223465039431725,0.3217632319941527,0.12006513144456506,2.9364862071335196,90.5,0.0005314302406127889,12414.391787540197,1.14927981301447,-0.048266734018703114,0.29235502880583786,0.28228813787041723,3,Growing
19349,SIEMENS AG,11,0.053867822909594944,0.03957489262524719,0.8562873951571512,-0.2601259080517099,0.08604901865672822,2.8042107404142556,0.4274657300079713,0.5980832047422889,1.7479157657238142,-562.6545454545455,0.0435183113190721,8529.1512187554,0.5440493330430618,0.024189964481627198,0.30192877867166107,0.1392140203350838,3,Growing
100004,ALTANA AG,11,-0.4294549207168277,0.7007472582499219,1.6223213352994572,-0.5452305191279143,0.5225549415582613,2.385141658824102,-0.6327483285192008,0.7372969057825468,2.33028908492473,112.35146363636363,0.8245511120904775,391.2640478104163,4.962984628067524,-0.004314428789918088,0.04802237947000939,0.06225890350962744,1,Growing
100010,BAYWA AG,11,-0.11533689911326939,0.03532613484965294,1.9405293236001875,19.327966136148117,0.240182522094857,124.71407087885252,-0.03931910422043276,0.015968115640003326,0.9839584971450079,993.285990909091,0.6815896952618818,3804.6332794286823,3.369252419736979,-0.15649838428529866,0.024611136032805365,3.154598029706818,3,Growing
100022,BAYERISCHE MOTOREN WERKE AKT,11,-0.10730136513996358,0.06792746527834241,1.3019147361570051,-0.3146579923066314,0.05804011733372972,4.130233704730176,-0.32164706862213477,0.21494507685424238,2.193895041339535,6683.054545454545,0.810457656858978,23475.229185724984,5.881175402100247,-0.0543750060409246,0.6511705363045724,0.2130845429629302,0,Growing
100042,MAN SE,7,-0.4479385377431797,0.347393494414941,1.5199789832710475,-0.16028040694243867,0.003480138817942163,5.433906335897462,-0.6133146416011801,0.26986976990822675,2.3612186724961832,-495.7857142857143,0.7008141040379622,1184.4659693942504,-4.499330360890596,-0.01768489174889099,0.255924466004098,0.06991598790538837,3,Growing
100054,HOCHTIEF AG,11,-0.14084986850625408,0.030115899190355712,2.5666020009856867,6.083255581648264,0.5480483281186025,25.985234156541445,-0.06720832207467914,0.015951066538431043,1.6827832852108888,892.2464909090907,0.5967033578690626,3652.6293771794976,4.185843296378322,0.5610995548342448,0.6963027607723041,2.1263799353333384,3,Growing
100080,BAYER AG,11,-0.4288697186165794,0.476740795898359,1.9641932955671328,-2.7608516899841353,0.22424349667620563,18.436698304190028,-0.24551522162971406,0.06171449807406264,3.125250421271386,535.8454545454546,0.1672992559745073,4142.786442013664,0.9887089806627225,0.05305825952896785,0.4464733623542867,0.2511049206481051,3,Growing
100083,BEIERSDORF AG,11,-0.5141279617984581,0.7410026651051637,1.8886928639604164,-0.6823819037512364,0.7678657660515293,2.4625488150890216,-0.15217338384611181,0.2707791238919422,0.924764412760078,326.76363636363635,0.8449818090711269,1124.1131821489294,4.595522763056659,0.0,0.0,0.005544862366089686,1,Growing
100102,BILFINGER SE,11,0.5695337436079179,0.5407423370573197,2.449200127145734,2.2161037252089764,0.564608423035581,9.326450882408352,0.4126368727273162,0.5153294296066727,1.8177140365653566,-203.60272727272726,0.2851087648468285,1205.8084050760576,-4.150858180766304,-0.00039443784884686355,0.00011585635504330369,0.11588271217694304,1,Growing
100103,DEUTSCHE LUFTHANSA AG,11,-0.5617290508643753,0.08446491297315478,6.112075571426645,-6.387833899167408,0.018611724777764963,148.06769098685936,-1.207206223448933,0.03648419256982127,19.98614785759215,46.86363636363636,0.0004661649346416676,6863.824700606882,2.5721015688386695,0.14158429666347322,0.035236317412633236,2.385172706027584,3,Growing
100301,DEUTZ AG,11,0.21197415125334534,0.036479633601421764,3.509600402398492,0.20929750663291274,0.004556116621216391,9.80542988594786,0.16627029306584631,0.03559413064403613,2.7869261922681132,59.57727272727273,0.4760333806359714,273.06240742201663,1.7142322953800138,0.00116008590090516,0.009036280568642592,0.03859182308139651,3,Growing
100312,RHEINMETALL AG,11,0.5783965084088859,0.7175370644572374,2.1592528069765526,1.1620389357177765,0.32815794115655794,6.414742398592563,1.0327341372410506,0.8918064260790117,3.4582249060277586,317.83636363636367,0.6255426776159074,1270.7938691429226,7.598484724871546,-0.009712289647486825,0.043351069805412853,0.14751008597108753,1,Growing
100368,GEA GROUP AG,11,0.3449355390204477,0.2593886434230235,2.1417188718681035,0.8172597569698119,0.1320900259650116,7.110908680532153,0.2639485037882495,0.1260541894012099,2.350934679794573,87.73794545454541,0.7485932492329053,320.67455977361215,1.846141977168525,0.0018460692198529823,0.005350550787981418,0.07980842419687104,3,Growing
100373,HEIDELBERG MATERIALS AG,11,0.29976659766120317,0.6970450987441217,1.1354102219757254,0.4437188060540137,0.03856572739990489,7.145079612124688,0.19303997330217662,0.2133822877909015,1.3215027318979156,855.3354545454547,0.9045646146825234,2843.9154262628026,5.321263252377473,-0.00956857183135427,0.07139085233289547,0.11324677363892495,3,Growing
100431,HAPAG-LLOYD AG,11,2.515379552410443,0.3051790405628194,14.398795860909525,4.526882045332824,0.39938513651476437,22.651826648539384,3.2416051113864066,0.3898563721220257,16.417528918537297,1855.9572727272728,0.5687827111004542,7782.063680738829,10.874428478067655,-0.06938069097005194,0.6334430626153152,0.2756670308819258,3,Growing
100449,KUKA AG,11,-0.4631867169898604,0.258991599243745,2.878148896773809,-1.2210333941050815,0.29397707669412526,7.121489005938096,-0.36094486786114605,0.16697823251810087,2.7932572925293893,130.22363636363636,0.5638096764752917,548.4329706589358,5.941448534420446,-0.013629318274044441,0.15818439525793723,0.10836581812182922,3,Growing
100590,E.ON SE,11,0.03402854240760464,0.0022315220865026454,2.2779424713954035,16.28362400704672,0.10827437131745137,156.4905909234999,0.09306907973327724,0.007391161642140398,3.4233323923833345,974.1454545454546,0.009276371911631612,31984.144017190716,-3.0948670455667293,0.4619599543941336,0.15185723191699302,3.7487509618182164,0,Growing
100609,CONTINENTAL AG,11,-0.938632263498655,0.7222590861166054,3.4926009763149723,-1.9999289570596204,0.3588278342991959,10.557753224576512,-0.7538652456830097,0.7364185025449634,2.7779944665033045,38.436363636363765,0.0012213128285132322,3477.994044662922,1.4169969075610744,0.004158316593092613,0.013238943149874364,0.11428543682602121,1,Growing
100676,TUI AG,11,-0.6537878863754827,0.0770570550665644,7.447845619031899,17.26145511043128,0.07547133086007227,198.694753131569,-1.203153195840356,0.06308410577053884,15.148197311994114,-147.5081818181817,0.007755851818688177,5296.6510066220535,2.1572645288610914,-0.8554466557067671,0.07900796887971322,9.62404143682412,3,Growing
100736,K&S AG,11,-0.0731814294916662,0.0016178148930955634,5.753557715786718,-0.3968782796131675,0.0017869634139065674,29.689268749862986,-0.31333950646612385,0.009517320711997845,10.156821098713303,19.732727272727296,0.006932182733449592,749.4663050993947,-0.45017593280665125,-0.04146740723369156,0.19829467122244812,0.2944769863945724,3,Growing
100737,VOLKSWAGEN AG,11,0.1759738510613116,0.40197492609232893,0.8777051696596321,0.1936288876674181,0.02709842207470783,3.719616359472993,0.42298112486831807,0.6087469152289839,1.7143622738765163,11444.763636363637,0.8164301856440268,40054.12982308188,4.835615451471287,-0.0014811092179576406,0.003270337588635249,0.08190129934863843,0,Growing
100746,CECONOMY AG,11,-0.3118494264262327,0.6535841014263725,1.2198156751662448,0.5906903639120662,0.008673802168773228,20.056499168889847,-0.1293155919597767,0.7194935357172964,0.4821003469264099,-4209.045454545454,0.5994903095030376,17190.659260720102,-9.812161164028998,0.4261993072051868,0.7054665713415734,1.6046285672638447,1,Growing
100764,SUEDZUCKER AG,12,0.16065444511932503,0.04656169261071453,2.5701339738968767,0.2952630618997704,0.009693729123219823,10.352400734362153,0.06756510498531743,0.007410046954755941,2.709501349522008,278.12972027972023,0.5158186354006954,1336.830300327981,2.0732520626496553,0.03513257208794161,0.7795310772053456,0.13736327128119744,3,Growing
100953,RWE AKTIENGESELLSCHAFT,11,0.24802652368191275,0.08041591029768799,2.7658405214599946,5.284303510812511,0.1270851613799514,46.87489755067454,1.6612269284570662,0.22018780595825974,11.19521221450407,-2108.8818181818183,0.2676152840860625,12891.302098125074,-6.241995317139281,-0.25492870272791274,0.4153687044273384,1.2508402566732175,3,Growing
101059,AXEL SPRINGER SE,6,-0.08820577785865774,0.027366493116438104,0.9106067374242528,-0.7843262341505066,0.06884000374334924,5.105281551929277,0.05111189900903693,0.002646521889421396,1.6967883393440708,8.597142857142808,0.0076021389213806086,168.39517428424784,0.48379155526803164,0.06581861481809068,0.43503504324194564,0.1704237103777891,3,Growing
101120,AUDI AG,10,-0.17659246329481892,0.05911142312035663,2.086235980605714,0.3360099725213977,0.03895066348074544,4.890144715201467,0.022936803339705384,0.0011104428507367288,1.9770231696722917,622.7575757575758,0.1165194377230684,5240.187218983689,2.948556180753359,-0.001606969621326186,0.2753350218604021,0.008796378595312598,3,Growing
101148,LECHWERKE AG,11,-0.5832397455941732,0.7030878006977734,2.1995930084700666,-0.43642453454299757,0.0366753096649419,7.206464683998575,-0.6126584818850448,0.5935064248640239,2.514813239645769,-6.372154545454549,0.0032850618714805324,351.5721974912265,-5.704406556061259,-0.0011097331706411463,0.5734104517223269,0.004634317296851969,1,Growing
101161,GELSENWASSER AG,11,-0.22518690042393547,0.5627124993858175,0.9492920461609282,-0.16560992262302696,0.09021678878685692,1.7435831846248302,-0.45026659982584105,0.7170057433575504,1.6815446961912393,634.6327272727274,0.31955646934434084,3550.165974562619,12.617147819605234,0.025536537839014918,0.8287809000643339,0.08870378462007979,1,Growing
101286,LEONI AG,9,-1.609428521142559,0.4392066925078742,6.270347201124659,2.825916086743666,0.010245574288206554,72.08509561390623,-1.0817639148309188,0.3797682293272281,4.532392851504088,85.58336666666666,0.3256418439590064,387.23413571171005,2.738246026454627,0.28609229806830583,0.12307600525387834,2.1055901529007994,3,Growing
101390,KSB SE & CO KGAA,11,0.49095135967911474,0.6693411049499705,1.897643901016072,0.9089021466721219,0.3375409282403176,4.9471366766516445,0.4410495948978004,0.635168979838396,1.7500190953048023,66.11860909090912,0.6611164574392494,257.14893188835595,3.1047074705184308,-0.016148784720528896,0.6537568565391048,0.06315848684764931,1,Growing
101768,MCKESSON EUROPE AG,8,-0.6210729632826416,0.7340577515866491,1.660952302316648,0.1484828140766207,0.00042731390085411485,16.45819982702202,-0.19183236718778285,0.593520782858094,0.5705366821312955,-1491.709523809524,0.7100768386679761,4056.124161607359,-11.817815281051235,-0.013002417770400131,0.038117339513185126,0.1525957638036961,1,Growing
101937,DMG MORI AG,11,0.00159940605292435,7.268328986588069e-06,1.8760372052470016,0.09001494588263412,0.008502481121148263,3.0870366572228707,0.16743301524572757,0.08957054621112989,1.7691248671833462,-3.5553454545454564,0.002219358197169932,238.65366294484514,-0.04180399465473217,-0.000630535842515135,0.03436320745582994,0.010756300629053535,3,Growing
101942,HENKEL AG & CO KGAA,11,-0.5473890250484145,0.7328551278800158,2.022027325018474,-0.8900168753756615,0.7182492289534603,3.3209371542503607,-0.48889910488203714,0.4629066347167239,2.2723359500604876,454.2181818181818,0.7859325624624647,1620.2121073264675,2.768199524629389,0.0002776439271286149,0.0002703952541836833,0.05339353146889914,1,Growing
102175,PUMA SE,11,0.4544062830161389,0.3369182892151099,2.4756088939468284,0.9549101070945898,0.4782553307889233,4.3664911104027375,0.391754667762913,0.44903293123096777,1.8487367888979098,641.1227272727273,0.9443535478418251,2086.286099292035,11.48801643807753,0.06960959742550267,0.8188454574312806,0.24325857036152929,1,Growing
102187,PORSCHE AUTOMOBIL HOLDING SE,11,0.015974187631499267,0.5615987276418497,0.06337525582315078,-2.5967060005961065,0.1840660401081278,19.139736166389206,943.7404556838312,0.5175385742396469,1855.2233760041122,-0.6090909090909093,0.001632957439068754,47.66446083243029,,0.014792882609628261,0.5067588575558716,0.06571312742756447,1,Growing
102218,DRAEGERWERK AG,11,-0.11521955217883877,0.009666230777484151,3.705933339365996,-0.117216317887084,0.002854383784733833,6.937961603359535,-0.09834571863561763,0.007438239047710455,3.6059557450761877,105.70195454545456,0.7865650653614819,376.8909343290901,3.307194713782824,0.001464221535601337,0.024980732571879546,0.029295721952316743,3,Growing
102250,HUGO BOSS AG,11,-2.0756674726259097,0.5312332720385037,9.0056516880906,-2.35840137876336,0.20058344252166438,16.652144841586715,-1.0818589936119924,0.30161916401188277,6.229327927340647,148.7824272727273,0.47256702212423907,684.4156536318029,5.293216867008144,0.08041346341102293,0.49521971772900647,0.36135145141688957,1,Growing
102259,SALZGITTER AG,11,0.24256310963249345,0.06247491873413418,3.0688234326870543,0.4396216932471752,0.0198004414604333,9.879652699773864,0.2299054776241523,0.05404092280611452,3.12743246736783,248.74272727272722,0.31282445209969933,1406.3714629270378,1.0259583404228723,-0.0008074071351662808,0.0016087280574587437,0.06365774714916231,3,Growing
102365,KOENIG & BAUER AG,11,-0.43667841443837235,0.16550441298464322,3.3943524551366657,-2.6122885609215176,0.28413518169323426,15.497392872288643,-0.4195442744605716,0.1259132280354158,3.7388851049591225,15.75545454545456,0.2958830221485857,91.59482012854313,1.4816126053164735,0.07231416540318983,0.7636331928667426,0.26168629561872564,3,Growing
102529,PAUL HARTMANN AG,11,-0.7493667234037724,0.49777036739214153,3.358767051074761,-0.5853710514848982,0.38751757542323073,2.9736204803347777,-0.4151692876159462,0.36410468546596986,2.1757654946076697,57.14657272727273,0.8851123522633045,192.08391048340062,2.658418145785313,0.014693717699693399,0.364868213665138,0.07692432190008747,1,Growing
102926,KWS SAAT SE & CO KGAA,12,-0.05421685983395518,0.009523920562164822,1.9178024705822898,-0.1752032661968561,0.21527829967771092,1.3035253054290594,0.34305048544131467,0.2601714579267073,2.321697365742639,71.37131818181818,0.7811680406986012,278.75898861565133,3.2607676748961367,0.020606586659252375,0.22809564923315392,0.14894466596003836,3,Growing
103176,THYSSENKRUPP AG,11,-0.5167523754261212,0.12985215980716344,4.5347974411111105,-2.5063520221716793,0.17213652527848078,19.103174922436263,-0.4866538935409118,0.08643316027323589,5.234557877932152,-612.6727272727273,0.21605157194023542,4168.2123226800895,-1.6309588910294104,-0.2776121662434845,0.5372776795967791,1.1976753069035546,3,Growing
103200,FUCHS SE,11,-0.8044010982653264,0.7060891564649158,3.0272123316818718,-0.967140459100639,0.7334047185175948,3.5712290192972875,-0.500585552284974,0.8460569672791028,1.7209906382783415,165.3190909090909,0.8894279618296317,554.3290249787434,6.568063890012454,0.0023160555473562094,0.7798908507793662,0.008293389420420282,1,Growing
103255,BERTELSMANN SE & CO KGAA,11,-0.24899129881294219,0.6123139128183631,1.0062296421159105,0.12754413986492835,0.014294889046661492,3.3734176660099298,-0.12080893838745095,0.0868021911186794,1.2966827217756014,326.03636363636366,0.7409880899708078,1197.7341348777031,1.2952964931802757,0.001965894725280636,0.0030580597272114787,0.11241836785850907,3,Growing
103269,KRONES AG,11,-0.23560343091336272,0.1161914861272069,2.18571965270438,-0.29883637611074504,0.021366875267375258,6.464917004407088,-0.12255632355370764,0.044072518531728284,1.846085409978013,180.38554545454548,0.7335807769984016,666.0054188774163,5.998638804630629,0.007353998565416302,0.7656866843959332,0.026576512708869782,3,Growing
103487,SAP SE,11,-0.34827578780375784,0.4290588683780327,1.681375991415174,-0.846378100394438,0.5137349003268631,3.734176852727252,-0.4645395458999519,0.31471603455531205,2.6185643794031623,1477.7727272727275,0.9724345946140972,4738.898937569345,6.885716278324261,-0.019698545520434443,0.31817300321781034,0.110433922149667,1,Growing
103533,SIXT SE,11,0.27199129950962936,0.09985534715819479,2.7218823476183367,-0.2381992465502712,0.006428182015628147,9.39498953578782,0.591288928605766,0.12946156599137126,5.196720019806499,151.9771818181818,0.436843922834247,727.135315111964,8.341544994393256,-0.039317129220512434,0.145132127600938,0.3263623253891561,3,Growing
104357,KABEL DEUTSCHLAND HOLDING AG,8,0.48104554114919346,0.2590012466878821,2.1657828876247094,-14.10844208902471,0.9060577399511475,33.96102380630971,1.0855360562517546,0.5146961303863442,3.4669569849098005,104.99522619047619,0.9618456152186774,245.29941949250383,4.761510509880074,-0.4984373454168558,0.7976576398854591,1.2787391491593278,3,Growing
104364,TELE COLUMBUS AG,11,-0.8304749008107997,0.7187521359781405,3.097682749679196,-18.20612123177637,0.40793839934205056,90.1405360801887,-3.429749501525803,0.7175103964694044,12.804077747089977,16.125654545454548,0.28985127236835123,94.71739522773666,7.530053359801503,1.4792986190844468,0.4195337285263485,7.222248226951827,1,Growing
132740,INFINEON TECHNOLOGIES AG,11,0.2870969951901389,0.12255804615684959,2.593329693631996,-0.08819421800622716,0.004720830705690277,4.059110747218444,1.045090374696417,0.5495697063287116,4.458024544544818,1158.4363636363637,0.9049568169853967,3850.864644777416,13.221855279125116,0.015434620869160027,0.09341334312242103,0.15969506979403705,3,Growing
200759,BIOTEST AG,11,0.37201881382980895,0.057678592365631075,4.898437567891242,0.946401299659958,0.06210373462182141,12.00926613767979,0.7673929856368608,0.06577858263679129,9.461839340286271,12.262727272727274,0.13356300613510172,106.10698561684906,2.2382309038040837,0.05754168951143498,0.41143423308325283,0.2836824031380585,3,Growing
202305,FRESENIUS SE & CO KGAA,11,-0.6014501900591713,0.8343323599606017,2.082236822640107,-0.9208599646824854,0.6849594788227638,3.5185291385387285,-0.8000602505664848,0.7836426553184878,2.858009447736218,154.43636363636364,0.006010686667819464,6299.230824093256,-0.6187280154999142,-0.05328287744908674,0.4034613332050313,0.2652691284320109,1,Growing
202807,JUNGHEINRICH AG,11,-0.028349497693075276,0.0414597768357183,0.4402829708504577,-0.1395266150838681,0.10321758855304575,1.3733467500239507,0.044525976935936726,0.11129985755028808,0.42205218478075507,293.59217272727267,0.9498013587460152,952.6383915262056,7.998774371287021,-0.007560643428052483,0.03693819558410059,0.12440015408181919,3,Growing
203162,HORNBACH HOLDING AG & CO,12,0.009996170332922731,0.0010304542306551145,1.0749708563585976,0.11754853553780156,0.04550854592700076,1.9021647923815408,0.04796353205358323,0.0381704957554533,0.8474706230734292,300.62554195804194,0.9537209001713012,1062.6558132060334,5.700666311818847,0.023610915095712722,0.2367144168117237,0.1675243188341291,3,Growing
203586,VTG AG,7,-0.056498343292906164,0.10241788690640474,0.3530838091486561,0.16714835387497548,0.013506473935709864,2.8764783335066513,0.9468156020376334,0.6162528051180126,2.41221462878196,59.71764285714284,0.8505228401791497,129.5059322275333,6.857933676874439,0.173805411212427,0.19775834739388995,0.7816743786980388,3,Growing
204820,FIELMANN GROUP AG,11,-2.24750460233874,0.8072379246432582,7.910424888222839,-1.2587550865180135,0.7382161692609649,4.632863043734173,-1.0244609249876622,0.7953593973621308,3.632567472860279,88.3304,0.8497379344422685,303.0174881301312,6.322115167616538,0.06622835213453186,0.8183868314165408,0.2315072696227746,1,Growing
205865,PROSIEBENSAT.1 MEDIA SE,11,-1.1919391867484306,0.766312665456209,4.30577266473192,-5.218874886824196,0.8045603525250226,18.39914202737504,-1.8838439217292735,0.8372530217792904,6.510533177665406,86.72,0.41222448837739845,427.122426756096,3.141536230661135,-0.16483070309245945,0.3925831917575184,0.8319021761290799,1,Growing
205934,FREENET AG,11,-0.21041472686603363,0.06671429264635152,2.5761235621638434,-0.6994767420708168,0.2461055157784995,4.458744687650865,0.23416359208551413,0.09669018461985812,2.381377121033285,-84.33715454545451,0.6427063409780962,332.66924449445634,-1.9724543225140723,-0.04080540758760023,0.0695104632349897,0.4894323018709062,3,Growing
206703,SGL CARBON SE,11,0.6382247124150813,0.8481775939166228,2.191443199140694,3.8087258676189144,0.18076641014855444,28.32832190361377,0.8376659291904817,0.8439679569270401,2.883419774475507,-11.06545454545454,0.04488008428142285,165.17428161122763,-2.598863738336077,-0.13135378086276403,0.3216184148532689,0.7324401187896499,1,Growing
207096,RHOEN-KLINIKUM AG,11,-0.06951198967793153,0.029558440366151,1.2785536671514979,-4.694095891820661,0.28654340670587036,27.73043914745606,-0.1400670073171272,0.06173187836728122,1.7827116544014205,28.7908,0.38841364973721837,146.08529128192757,0.5495892142410641,0.008026575199839648,0.230887739844668,0.052823824655506925,3,Growing
208821,SARTORIUS AG,11,-0.4363405997698414,0.13153351940768196,3.8045859868338976,-0.013280480212993176,2.9066692539388865e-05,7.78961459495541,0.2536720501323209,0.03209389115285712,4.477766378827056,318.66903636363634,0.8501790332243552,1092.910684936089,14.262758642857554,0.09825268843331127,0.4263671726770279,0.4758308139564675,3,Growing
209440,VOSSLOH AG,11,0.6731608866907794,0.4399015798368597,3.2095275871686733,3.800381788775559,0.32825727493087176,20.97587316955589,0.7992154785469279,0.3953218819008001,4.0196520322030755,-1.0900000000000174,0.0004726299359424624,158.54986805783543,-0.8988578956176108,-0.012455630341486725,0.031648222720312105,0.2214068471758131,3,Growing
210326,BLG-BREMER LAGERHAUS-GESELLS,11,0.39019727367443435,0.5057277912962818,1.735105236913207,0.0061815069955004475,4.169273647262105e-05,3.027360671714621,0.31921122031500315,0.36689241515717624,1.6665132910186984,25.858309090909096,0.6732903366553641,99.65496287973815,3.294060292787404,2.9388598697592587,0.645589324056979,11.566466614368233,3,Growing
210332,CLAAS KG,11,0.1934319176060208,0.1205894406094031,1.7614628857705363,0.49938004411982995,0.1610737943777335,3.9347644477142314,0.23266940049949655,0.24449476424472993,1.48800533797342,192.7722818181818,0.671875058853844,743.7043611889213,2.715186522068702,-0.011886970836305504,0.14022392988354546,0.10038299060319104,3,Growing
210334,COMPUGROUP MEDICAL SE & CO,11,-0.44867869769793467,0.1786045359189555,3.3572927185241266,-1.4124767186466198,0.3026729379334409,8.118849708591778,-0.41721603985407274,0.146413020556825,3.4480308774242645,80.72827272727271,0.9423419614925508,262.9791971915662,8.502414372921185,-0.07299000410492404,0.4742028087777693,0.33518249318920196,3,Growing
210340,DILLINGER HUTTENWERKE,11,0.6106776189746222,0.183512455349322,4.507951455225867,0.9708180844730856,0.1446451927189379,8.072087400559989,0.7012634716984315,0.124007997077796,6.297328819573614,68.99414545454543,0.3438124122843323,372.0929693833416,2.0257883377342134,-0.0029109899799555647,0.10075493762998164,0.029000637265984973,3,Growing
210359,EWE-ENERGIEVERSORGUNG WESER,11,0.13089763562477957,0.02425102583658624,2.658072026129497,0.049768038969027505,0.0002433618718375425,10.08844567750631,0.646014588903901,0.16969972165354902,4.959087380645866,105.59,0.0528152422457522,1452.9248502575306,0.7579557136619064,-0.029821998139550276,0.2199630313481707,0.201076765552558,3,Growing
212782,FRESENIUS MEDICAL CARE AG,11,-0.5856538257175631,0.854743764494326,2.003194015091229,-0.9202199467205865,0.5543745161155664,3.9083190883658587,-0.6851539358300058,0.8139810324935125,2.401491281790881,267.15880909090896,0.618203871681743,1074.4931187480488,1.826673001114032,-0.001137819285671499,0.0005530160315018531,0.15300457961309594,1,Growing
213034,GRAMMER AG,11,-0.5374664283495462,0.3978342586011958,2.6946369011698192,-3.4429085568095323,0.5481767764358131,14.705004837831858,-0.3147518253336986,0.29817556910730064,1.822771497590911,70.62177272727274,0.6817354742023467,270.47720397655553,3.473071830262109,0.07565873681573036,0.25611230736114476,0.47276341566520097,1,Growing
213037,INDUS HOLDING AG,11,-0.21267294207758364,0.2033350313669673,1.4914411984012756,-0.49621131119024076,0.11774645826381812,4.572910836298246,-0.18783225252815888,0.1684947986518433,1.447027941400604,46.25387272727272,0.6932065988607389,175.67774852701368,3.170805248292652,0.02016997839150484,0.476789879400195,0.0923723343406531,3,Growing
214700,STADA ARZNEIMITTEL AG,10,0.2313476955203697,0.23057310783828008,1.383846199607189,2.3697537627162335,0.6116287680777603,8.703345888815559,0.31611864846724946,0.23187704907908258,1.8855940902193786,210.5816060606061,0.9107708324264112,633.7863055518083,6.821598959572661,0.10788337895532858,0.16796739931094237,0.7560822030369645,3,Growing
214759,HEIDELBERGER DRUCKMASCHINEN,12,-0.11931265478385034,0.061301601434197675,1.6635198780818377,0.6516020899782956,0.0020245210303735323,49.991793539038056,-0.10571882277779014,0.057408384385266825,1.5231478145937116,-17.231793706293693,0.12405525741447668,168.88858433025123,-0.5132466537298819,-0.17644394618293588,0.638469821957225,0.7622790264463757,3,Growing
216524,ENBW ENERGIE BADEN,11,0.5360248860854715,0.3785240173930115,2.7551054941503157,5.008379504867177,0.11672565276258512,46.35686670731816,0.9007487912192431,0.34690540748176457,4.836132077681602,2668.6018181818176,0.5051905947970615,11872.881937834305,5.18167856347973,-0.11361024967402167,0.14022682028814357,0.959404985907236,0,Growing
218000,JENOPTIK AG,11,-0.017698382597963393,0.0013249483160829262,1.537567216498217,-0.3517575874763533,0.20842888080922123,2.4364893968856007,0.4407378857090055,0.7604788523854166,1.5982209276385975,45.849636363636364,0.8202155557987849,160.0928347786717,6.575469028870784,0.028890056649850653,0.34251147176486274,0.15610285012342226,3,Growing
220295,ELRINGKLINGER AG,11,-0.7067721228011384,0.6742063849059816,2.7219677838786738,-2.5441567390617603,0.6266399665985186,10.163301711433084,-0.8535960562738824,0.7021783634218506,3.221281499267172,37.91884545454545,0.6200430827834476,152.28045722605117,3.122618759436069,0.0046671922870923045,0.021955709863165602,0.09960518639504437,1,Growing
220301,MERCK KGAA,11,0.2786517320756374,0.38023810431164645,1.4290055939949222,0.04844080520098303,0.002162296192311033,3.2942288155025676,0.48009625781099513,0.36475132640648655,2.5137951319353737,1035.5563636363636,0.9237310564652931,3407.2262206731994,6.2846509783476945,-0.025990304827163264,0.30254286549125586,0.14942315950289126,3,Growing
220303,AURUBIS AG,11,0.2859327553053923,0.06510734362771393,3.5436344978865946,0.5238737575587227,0.11384886795548596,4.909782861151627,0.14212468402637574,0.09582139537714494,1.4519052202305553,849.1473999999998,0.719363051470998,3165.986221399531,4.242675624576964,-0.014520584317332908,0.526338239938119,0.06329240975801607,3,Growing
220307,PFALZWERKE AG,11,-0.07745550362245222,0.03075959522047472,1.3965676378133292,0.3607986239466655,0.04156325233704814,5.596417559391391,-0.03382912737714257,0.007619845070686371,1.225512441767449,34.54193636363637,0.3041164696476165,198.07365226868978,1.2538322785128786,-0.02173204403788105,0.17485733980970702,0.16434581254399383,3,Growing
221244,ADIDAS AG,11,-0.6670031971329508,0.2454458209630325,4.25745527728072,-0.8723561161327835,0.094552242454708,8.971351930735883,-0.4227210971496479,0.1864242996914177,3.096012197051385,649.2181818181818,0.5925597016611504,2667.0098370786673,5.003833801553181,0.08734234290673008,0.7674267402347825,0.31528722463135306,3,Growing
221614,DEUTSCHE BAHN AG,11,-0.38680008908863217,0.31946989334603904,2.16407145753886,-2.25310111369618,0.09119916651063428,23.593112991801913,-0.6138444855094198,0.32978912341762556,3.3801828545669914,30.4,0.0001982273714374829,6827.972645396362,-4.076408381482732,0.13941800405606022,0.3403636220673618,0.7556962944094434,3,Growing
221616,DEUTSCHE TELEKOM,11,0.1997966084309837,0.3032959421310017,1.1472414027601525,0.3315887760773951,0.11792272352278449,3.053522125648733,0.9083638954089496,0.7156791433631443,3.3954761441662975,6187.3,0.9318484713631499,20268.822775243134,6.570356105505981,0.10848021780064185,0.34908139299261504,0.5806135919814464,0,Growing
222247,SOFTWARE GMBH,10,-0.8619096095947552,0.6941800037474286,2.9713420381565805,-1.3892216143052738,0.7173041687699736,4.711365837929367,-1.5867969667914168,0.5962530846146866,5.90245950924875,9.717224242424246,0.3065766910196961,50.408019316771416,1.7289352587090967,0.008397098534218064,0.06264417783092882,0.09636423249665105,1,Growing
222340,DUERR AG,11,-0.5956246158064404,0.5985592575887407,2.434552037050489,-2.0730843309799867,0.6583738423704887,8.079429305380526,-0.4965662083968718,0.5263646183349368,2.1643815234368144,121.27493636363633,0.5291198748869977,527.2225993414266,5.239566119119732,0.033873974169254,0.5920533514574466,0.13921490330453046,1,Growing
223089,HORNBACH-BAUMARKT AG,12,-0.0895250074624538,0.05966971717529756,1.2651580171623054,0.1334574340211646,0.029901166439373614,2.6642569106673317,0.0922619794689531,0.09072494351679716,1.057393924087018,281.65947552447557,0.9578091174515195,993.4872056943327,5.778005934884556,0.08345462568290385,0.5015203959092611,0.4068024027811465,3,Growing
225236,UNITED INTERNET AG,11,-0.9241277544835859,0.7953563685074027,3.276809033662655,-3.0075028769669503,0.7208390404054851,11.201776454537438,-0.5468603182232925,0.7909672587684747,1.9444516897148991,321.14391818181815,0.9609932286482499,1035.9517729102392,7.520747855315246,-0.07502848812717285,0.4159993702358101,0.36785770636100146,1,Growing
231016,MORPHOSYS AG,10,-0.9455334954508355,0.13540145366615214,7.380609520658562,-30.671941598838558,0.5206298775676342,122.09663619345456,-9.350024856455683,0.22490140849214998,56.62962060479523,25.456854545454544,0.5666396203920352,97.13555959220082,15.731175721539948,0.4196535355252443,0.5921190584879537,1.566438470993749,3,Growing
232623,EVOTEC SE,11,-0.39850016268828614,0.1097507912248428,3.8038613017311773,-2.10914761907579,0.2949572047381384,12.280823015622524,-0.8325694190209383,0.08821256077322058,8.864520322822344,79.63182727272728,0.9828204358759806,254.00928514911996,24.44105128233558,0.05000908351475212,0.3328063473411117,0.2741278091982958,3,Growing
233025,CANCOM SE,11,-0.6418355590449585,0.7577490761358737,2.331637687773682,-0.8519607255095094,0.6811276790656257,3.2644145894349665,-0.13984582611537466,0.2524325344007958,0.8801908407867368,75.38130909090911,0.701718535486915,284.56547045630214,7.67117572703675,-0.00041281875932762564,0.00035775783938583975,0.06901839326466137,1,Growing
234919,CTS EVENTIM AG & CO KGAA,11,-0.6272602618112316,0.09681408994698189,6.374975077491899,-0.31823666137110984,0.005502141413249834,13.56701594768126,-1.5039697320762582,0.055340053068831774,20.217121000577198,161.26562727272727,0.4363227505731509,772.0365849512295,15.065433264830318,-0.024288041123909112,0.6557574015826418,0.09484640819851362,3,Growing
238136,BECHTLE AG,11,-0.17461064268961451,0.4474067836309833,0.8255044686329427,0.06005961561861763,0.02303985469746469,1.25124593757306,0.17938117558220817,0.7035909137046608,0.6762647564059999,425.1161181818182,0.9303443099284037,1393.7526898812337,9.346338804160403,0.0283339809504346,0.3739290250108514,0.1465254315031585,1,Growing
238442,CARL ZEISS MEDITEC AG,11,-0.1532711850686681,0.037122881056531186,2.5155889500353683,0.21833650051664172,0.10230236557178352,2.158656336660061,0.2882926311304993,0.06030468679328077,3.7124277361912834,121.75544545454548,0.9412316828709778,396.86255601354395,8.554325076170311,0.015331259911448042,0.4918009639113656,0.06913264266012527,3,Growing
241456,DEUTSCHE POST AG,11,0.36101905440355436,0.2925483737823698,2.11072318295321,-0.1502493011525537,0.01342423558343372,4.100791400859825,0.40330400428408303,0.5407775201877482,1.7342959864475196,3518.727272727273,0.7798401790904813,12600.35565220218,4.044548838423956,0.04621224616472467,0.33224585311311466,0.2535287957561383,0,Growing
241840,SCHULER AG,6,-3.182648742413301,0.722452376790569,6.3948078113945215,-8.577301653007174,0.6325881709479972,18.4176217649379,-3.157324460998459,0.6830885575182309,6.524152562843083,-4.098000000000002,0.05112106343127986,30.953902724678976,-0.7755347828418246,-0.012565888439748167,0.07239735981623764,0.0797581798684431,1,Growing
242158,WIRECARD AG,5,0.4743069988058551,0.670750265629043,0.81901924025978,2.0760726076709384,0.7380440357505806,3.4175619725188886,0.4879204244472153,0.3993138869511902,1.0919601487477524,360.6206,0.9543379624258828,522.0528001125557,34.70694381508854,0.1443349514801143,0.9654407470976678,0.20774170711368747,1,Growing
244394,MVV ENERGIE AG,11,0.15791899676886145,0.046594834743869565,2.313478610019975,0.8953705036963454,0.038354381116573445,14.457569661762577,0.4304629757397033,0.13076368167196753,3.7643693938232476,283.3309818181818,0.6165290740192781,1141.0831326306372,5.261102877855728,-0.02988526913777958,0.272079994359093,0.18117942054758868,3,Growing
244398,TAKKT AG,11,-0.986252473466895,0.775598849725832,3.5413555124289635,-2.0674870618472774,0.8015393323277147,7.30264823210421,-0.8906813425784554,0.8360323023464974,3.0804263248018136,15.588,0.2603762351905001,96.60280245648303,0.7199931344494592,-0.022175441433017633,0.6714274914751726,0.08558008512514086,1,Growing
245628,NORDEX SE,11,-1.1913708350315675,0.385968713177046,6.064163656629951,-4.212349460583024,0.4555298328607753,19.736311057320208,-0.9120628997596782,0.33926613573938214,4.951702384210416,526.1531454545454,0.9008013469815774,1753.063540620809,15.453496090404851,-0.0056918740839585966,0.006637911834938267,0.22092229397614713,1,Growing
245839,FRAPORT AG,11,-0.4597979145912121,0.19159566513254703,3.3218051780818656,-0.4331716411685516,0.029799947280559767,7.935097523425299,-1.4119148056778545,0.059681037092877774,18.276385572154954,131.65,0.2684371151796101,803.5253487698459,6.361465798711019,0.1834327946311321,0.7370705566060857,0.6756510424478923,3,Growing
248166,MAINOVA AG,11,-0.041379652716437204,0.0020392469500787377,2.89769005823037,-0.13566963962656672,0.00287080644121686,8.007200722176337,0.01919161260292293,0.0002450780740219781,3.8766736214037643,356.9149090909091,0.515112173463409,1572.5837475254348,6.610541075495391,-0.020472950632767925,0.249921807165251,0.12950256277628164,3,Growing
269104,BAUER AG,11,0.09769851549425758,0.01927040919433372,2.225576343615636,-1.1191741664373573,0.17287613240921648,8.511971443276249,0.05595002123465378,0.006403846880110084,2.2109544030455233,40.83320909090908,0.43908506127523733,194.867396003895,3.933609182123421,-0.047606853411346475,0.39773763263721096,0.23871028724469795,3,Growing
269835,BRENNTAG SE,11,0.043212285047499945,0.01198644935566682,1.2481361296448836,0.10974626759587733,0.026657201370044112,2.125604607232001,0.029577388059669456,0.02884681176873489,0.5506947155619119,802.5627272727272,0.7650157118251909,2901.6418669663954,4.950364629999826,-0.02187584988361415,0.5308173548464231,0.09494943345960116,3,Growing
270249,DIEBOLD NIXDORF AG,5,0.26288981204928535,0.16535546144001034,0.9142805522848934,0.2294556168636877,0.0009305194716366671,10.637778872932982,0.31931894179770987,0.3779213193661512,0.7345798025749074,-20.440599999999996,0.15079785144614305,74.44080494083867,-0.7119020541527799,-0.05300662014668132,0.9020653587259502,0.07892709318942952,3,Growing
271763,LANXESS AG,11,-0.5666661696352858,0.5712001354570813,2.371008630691028,-1.0586689888421472,0.09502889613038598,10.86006311975729,-0.5081288468194866,0.3245282395020797,2.820639632842425,-155.38181818181818,0.26809622214134143,948.9751758067861,-2.2661280105879755,-0.02194098463110027,0.14849891310828872,0.18005055969493203,3,Growing
273099,MTU AERO ENGINES AG,11,-0.618520755882957,0.3841377291216979,3.1558096193406655,-1.2485900100871896,0.27001691486280865,7.59843880937968,-0.522577306925928,0.13181529255894736,4.5516372973744925,188.19545454545454,0.41124027872837504,928.0284864002009,6.592514876846045,-0.008140845187085514,0.09579061604096734,0.08317791173967012,3,Growing
276585,WACKER CHEMIE AG,11,0.3933971874323351,0.082293026052425,4.336603684458979,0.5418511226563771,0.013737870955641277,14.619087355886197,0.455456032142309,0.08132090122133334,5.050627822832769,178.14818181818185,0.32676181753669276,985.5206820309473,1.7163894862379792,-0.017979845055792337,0.09719062332595661,0.18237855107247486,3,Growing
278310,KLOCKNER & CO SE,11,0.23953398480837254,0.01954631221993238,5.417946640684794,1.2600084801584597,0.06602248867543242,15.506990565291947,0.10773640244949141,0.015171502685082359,2.765974489324303,129.8494090909091,0.15956566340309372,1027.9458949297423,0.19547990490367262,-0.002111796234426858,0.007653731376685505,0.07633353997482782,3,Growing
281772,SYMRISE AG,11,-0.0907094473532792,0.21633441987740318,0.6167223809782121,-0.5611867652408582,0.54104482685747,2.4126304001785486,-0.16395144603314366,0.311270883538305,0.9292787415987407,273.42670909090907,0.9615624264749846,881.7636533192585,8.955285892690812,-0.03433158853801905,0.4117535173827013,0.16919021409922327,3,Growing
284636,WACKER NEUSON SE,11,-0.05769676592304125,0.01035735338250023,1.7927803079776339,0.11777028404726456,0.013078667294186101,3.2565217004971485,-0.0979512458514454,0.029934964477456884,1.7902784773923703,119.25409090909093,0.8270514945914421,414.67419539953045,5.696461024081589,0.0114325361710308,0.12340109587129759,0.10291604207754845,3,Growing
284944,GERRESHEIMER GROUP,11,-0.21083019389821542,0.3680200359091014,1.098998441355147,-0.6760562702513361,0.47839091881334767,3.090945742391676,-0.14623513953854378,0.1484072624515376,1.2003949696552079,71.43557272727273,0.752106280485361,260.48032396464663,4.668547765455555,-0.04350359907457425,0.4212484680945679,0.21196102966974964,3,Growing
285715,SAF HOLLAND SE,11,0.027706179173058558,0.005355024902626517,1.1972804498084122,-0.17044732491907197,0.01376413068148008,4.594262397514538,0.10359047867956825,0.10551823707414434,1.0084539619556658,92.82481818181819,0.6617870293366936,360.8319470169133,6.93694991173659,0.013460141312926863,0.02760057204163135,0.2562067561064704,3,Growing
287162,HAMBURGER HAFEN UND LOGISTIK,11,-0.43585226781631253,0.5399881126905464,1.875630172139036,-0.7731492718634156,0.2507646840486371,4.882364109997078,-0.3414374050639267,0.1945873352782075,2.4476753360491768,44.51954545454544,0.8675672001661874,151.14687042740908,2.903564198583508,0.11796347086028325,0.6585450151908451,0.4596791536347295,3,Growing
289333,SMA SOLAR TECHNOLOGY AG,11,0.5545861986652604,0.05483660817971441,7.489171318133768,2.0471705270884226,0.10396243194571567,20.077785276766996,0.631703926132041,0.055840691137759385,8.453531662962261,73.17388181818183,0.5086286520725669,324.4559060705315,6.626789889001095,0.00035131811974505376,0.003995823417529162,0.01757508385703162,3,Growing
295079,STROEER SE & CO KGAA,11,0.35148593194559535,0.46775079180997525,1.6251770530377652,2.074326303655007,0.6690671911582307,8.019406116831778,0.48529252216321134,0.4958153482817816,2.179433469713086,121.72341818181818,0.911103377001629,403.2647964577974,10.996514932841194,0.29221729519578743,0.8490007960483138,1.0028866906725453,1,Growing
295421,EVONIK INDUSTRIES AG,11,-0.4331087574281221,0.5877928288171036,1.786425147115358,-1.1903385759514047,0.5917471046481592,4.893306703751752,-0.5681103448253229,0.6121628501700321,2.2961444835108265,306.8636363636364,0.3342305161829696,1678.5039875924144,1.6120373324505888,0.013326028371808202,0.13226551677762396,0.1158717102167621,1,Growing
297185,KION GROUP AG,11,-0.19468305256867802,0.2383386350733533,1.2610459836753443,-0.788090191797211,0.45087869596251423,3.7114709430908843,-0.21706214395776283,0.15254195766071404,1.757476111040506,743.1109090909092,0.9571552828616157,2401.9415594558754,9.41497707835055,-0.024802590907167694,0.11050786558927708,0.2359393913316825,3,Growing
297222,NORMA GROUP SE,11,-0.7668518742448992,0.6495234255484015,3.008943784220557,-1.727616214310864,0.6658608264425429,6.6950764215898495,-1.180630036173918,0.7462286605808969,4.3219313605803205,42.79493636363635,0.754113023135207,155.83828654953257,5.220209381883323,-0.05842582088528607,0.8765763510349114,0.19733764818374278,1,Growing
313972,TELEFONICA DEUTSCHLAND,11,0.4534819410585637,0.8151594004406132,1.5883226396456596,1.2692428672351024,0.8170860015160922,4.440285001814141,0.927919209194586,0.8723950224718997,3.1416194411796874,191.55454545454546,0.5878548827274721,790.0551293663099,4.39780277612829,0.06450120677513548,0.7177305339289933,0.24076154900472568,1,Growing
315541,OSRAM LICHT AG,11,-1.0006406952328004,0.4465898859543452,4.735040736485526,-1.37300640483454,0.2197343515270423,9.262401124677654,-50.84636638748465,0.11841268884961108,439.313756498958,-624.0351363636364,0.8702939556562349,2115.3199226912766,-47.062739090662085,0.02892560498377842,0.7187699007230106,0.10789156927601294,2,Growing
315582,STABILUS SE,11,0.026571218762340643,0.001259724570862591,2.367411074241953,-0.7937278145671246,0.23058721742678295,5.2270178747544875,0.2725675188843278,0.14292261055205147,2.2799411169467994,67.82086363636364,0.8631271783292508,230.84789556465117,9.9164125894601,-0.24386971145630937,0.5399066621950803,1.0495388548370381,3,Growing
317079,SCOUT24 SE,11,0.8312858632112388,0.5785258954382702,3.4561214337508757,0.7009024795322588,0.26162759795483287,4.333270690942434,2.7933164819655585,0.6553504498423376,10.911472011048378,17.429545454545455,0.3674892479016539,90.92090351736076,8.398685822106833,-0.08391741777741828,0.7084302784583238,0.3152851779334086,1,Growing
318434,ZALANDO SE,11,-0.1491270322903741,0.06904016832295297,1.7947561677506294,-0.0590406441354568,0.003413011547954002,3.1958192481998107,-0.09231774401717892,0.05103639497690944,1.2922459749208641,954.3054545454546,0.952115189110332,3092.734645119747,16.923015563863064,0.08236639515506933,0.7249435377415645,0.3059130243835585,3,Growing
318452,ROCKET INTERNET SE,8,3.645697494075319,0.6210577408546093,10.5997175265025,3.6718727162360225,0.5842242560079726,11.007215717390606,-122.01437830990707,0.14775142725213203,727.3188121081633,146.16241666666667,0.598398173690245,432.9325476566579,32.93661949310789,-0.015806623232254048,0.7619838592512161,0.036215643902138446,2,Growing
318659,HELLA GMBH & CO. KGAA,12,-0.633549608953168,0.4224391734141711,3.3649291996997417,-0.7857432715739437,0.07160244825288602,10.136642509737325,-0.5474795014026841,0.31635824974518734,3.360126878751663,106.58287062937063,0.14008371334685704,983.0395389501656,3.766351841879678,-0.03150973277803297,0.49932294095012125,0.15393286619642463,3,Growing
319665,ALLANE SE,11,-0.5019966193768127,0.9017074241762841,1.671737058049805,-8.75597329758977,0.39238732576010354,44.20251120619222,-0.8366671539152435,0.8326079153159311,2.899562350844524,5.636345454545452,0.0626283477347839,71.22166565329505,2.6457089742244255,-0.06355223808152899,0.008618809004286677,2.164747372074472,1,Growing
319865,SILTRONIC AG,11,0.16368925996573366,0.00408437497848146,8.099484558667934,0.9828845054566342,0.04836412553488974,14.13321022274425,1.3043987376036914,0.15517386689275128,10.47131148277711,72.60181818181817,0.6903255408075827,276.3252210142879,5.261858180318435,0.05212925314878458,0.5456639051440725,0.22316130349209995,3,Growing
320124,SCHAEFFLER AG,11,-1.0002891525808892,0.8638052218581179,3.403436457262079,-19.430015699564734,0.3944686936709847,97.82883473778635,-0.8422117865832994,0.9163925996279358,2.782149916548342,437.2909090909091,0.670235355023658,1689.1055239606494,4.139119596877849,-1.6224118145125104,0.2954132367505356,9.439437704284508,1,Growing
320448,COVESTRO AG,11,-0.9886377981013741,0.17401282633911633,7.4945675810803545,-2.4972005127683614,0.3381169172941523,13.580631498099924,-0.7668193612743537,0.16872963392890875,5.903334436410591,355.2909090909091,0.30873731095755486,2022.039041239689,1.8873191453820493,0.012392870895831359,0.12747855781140754,0.10976233937470287,3,Growing
321632,UNIPER SE,11,-2.762015132827845,0.05398074374777512,37.59296857959033,-5.524695808860061,0.031303949066960456,98.7435658516444,-1.1938703768392598,0.05054106172840381,16.793259375411818,6794.709090909091,0.12265223729958821,61352.62236078792,-2.331161608460286,0.007690861494536615,0.025127978858117215,0.15342502798774738,0,Growing
322597,INNOGY SE,6,-1.8923674878347554,0.6418805135675534,4.03386891663271,-3.1941014281707623,0.4464101813604421,8.164414711291847,-2.6073795855329838,0.6838746222982153,5.3846740098907935,-2156.1142857142854,0.8697816690756468,3948.2991556139996,-5.072983595302249,0.28415223774364834,0.8213388805773257,0.5354677121599888,1,Growing
324859,DELIVERY HERO SE,11,0.8593399137390071,0.25232977092086983,5.409794116232072,-6.575013832462224,0.2545108824936987,41.213879066079855,8.972026520287347,0.832158532973581,31.101942435930127,1247.9495818181817,0.8369219599328002,4313.745886197892,63.87759373234276,0.2855594186364047,0.6202221011572173,1.1466288642893645,1,Growing
324977,METRO AG,11,-0.3112482730414712,0.6531190960010653,1.2178975574419497,-1.422246879880825,0.1578353886036702,11.320687385347028,-0.14996869248568365,0.6741386588581022,0.5775984095389967,-1058.7636363636364,0.4811238790243343,4826.925109894385,-2.2529324272819395,-0.14178946621592964,0.14685402612196785,1.1700408880184576,1,Growing
325735,HELLOFRESH SE,11,8.347219078789843,0.6807276020445041,31.993012204905707,22.99446475115067,0.29183444952959087,134.60308894896207,3.4122079361327287,0.6279619665767598,13.61660434044079,916.3936,0.9047704300306826,3046.581834602551,60.01266183192724,0.02110568780500882,0.0120127159033558,0.608946174679435,2,Growing
326410,1&1 AG,9,-0.8882759190176527,0.4237279881553789,3.523373499866804,3.0028294083096903,0.2263436222065826,16.296746127959764,0.17617649291895807,0.032467408723126624,2.52451826241659,187.1203833333333,0.7712310696358127,550.1526514820149,6.640095494614773,0.1666397423993723,0.31927154288223714,0.761470092332138,3,Growing
326577,DERMAPHARM HOLDING,11,-1.0308591948829207,0.32716761805480155,5.699203873613509,-1.1360628395964751,0.019614401116342058,25.651621799453476,0.6342065967192626,0.18083648887113943,4.716151219706286,90.5095181818182,0.9678133638109763,290.9366579171487,11.568429234949207,-0.3074614084466046,0.5045382406825027,1.3688112567116837,3,Growing
326765,SIEMENS HEALTHINEE,10,-0.6954263309959278,0.751583398802196,2.3040373515877604,-4.422751911156605,0.6358074251301022,15.931503210132156,-0.4776451175456497,0.5622366133614215,1.8296699488524975,1181.878787878788,0.8431213530150107,3697.046118186788,6.270922552780589,-0.05286747723292222,0.05557859997009526,0.6441125481758476,1,Growing
327148,SPRINGER NATURE AG,9,0.4451246533098013,0.9211187310988426,1.6132228689557409,-121.33209341493641,0.06498702733292837,1655.5140975808793,0.8104904438494789,0.7392075753636814,3.2789532340686405,61.52061224489796,0.6729537350414165,260.8546442601679,6.773296615536628,-24.673713079843104,0.08044419209953999,302.5921738645716,4,Declining (Volatile)
328745,KNORR-BREMSE AKTIE,11,-1.5942353292564566,0.8812355575387688,5.370397387512169,-2.4569860742236935,0.8494624952707274,8.430058539998923,-0.6583842840662589,0.818630594329998,2.3010998804773934,261.19381818181824,0.865103227191626,888.032638439406,4.383334176161902,0.05847959633644602,0.4412967083821765,0.27838063563889004,1,Growing
329260,ENCAVIS AG,9,0.07629032489807079,0.040196654640045515,0.9824916761787892,-1.2840893282679282,0.1422300129932951,8.791317850916496,-1.7933585055783152,0.45993679648027314,6.827668224842451,39.35418333333334,0.8539881270782808,109.95610784207386,14.222408316544687,-0.08259383275485127,0.36926916337432847,0.3509380585779057,3,Growing
332311,TRATON SE,9,0.41013160674206717,0.3316625271817298,1.8387784576104345,1.2134221993369807,0.3486944189281816,5.305713662199139,0.33803306441861164,0.15058866623312134,2.2491447656780656,3371.4166666666665,0.808562767286259,9680.770630481853,10.144584834482684,0.08378300236652064,0.7777014104880039,0.24530355741038887,0,Growing
333885,TEAMVIEWER SE,9,1.8197907598372827,0.5591127255592879,6.2838547445964785,10.446607178572615,0.35333237263391803,45.377223583697344,2.123393221414488,0.14944096730055284,14.182407577683357,75.16689999999998,0.9728207126063874,196.77259169036526,28.26141948574381,1.0797271360491758,0.5744134129852624,3.678375832755143,3,Growing
340115,HENSOLDT AG,7,0.5474023516947875,0.6628522592998444,1.3447089148325406,-0.6275866192287742,0.007958858127689759,14.06948787395821,0.9894429023506705,0.7323852915410274,2.3123359234956053,191.26503571428572,0.9374761203648355,395.0803906500601,12.412138766324166,0.3452746781577392,0.035306429296505695,3.675088704671423,1,Growing
340153,SIEMENS ENERGY AG,8,-0.7482810710884006,0.3295723108124757,2.986544927679433,-3.216834754307935,0.14231280456422957,19.53828387239282,-1.1688684584344808,0.33355994602247063,4.637226870683699,568.547619047619,0.3824267799825198,2106.5527972258374,1.9601691725105619,0.04675740874359775,0.7691878315196028,0.12215574144151785,3,Growing
346413,AUTO1 GROUP SE,9,2.552316322036775,0.758972768724007,7.564422386471623,7.472876245285749,0.000373705158677015,998.1081784015447,0.5171088323214388,0.6165278140185146,1.700434818424967,628.8852333333334,0.8784031052547543,1732.522313107627,19.918353139460265,0.08606562927517494,0.00011493644337117929,20.727897000381432,1,Growing
347562,SYNLAB AG,9,0.8135569851044366,0.22982175248107956,4.38174180113802,-0.6609160713495793,0.004957725909768638,24.235915333774663,0.507736975074965,0.061791265355221774,5.273872393536314,302.1730166666667,0.7399756274863971,906.9875860702726,23.317058599625963,0.44029635741544104,0.0837317044899053,3.928750931485965,3,Growing
350278,VITESCO TECHNOLOGIES GROUP,6,0.908511592624763,0.6334689675230227,1.9494459575933032,1.4267862081020402,0.08747820053667968,8.238580343622925,0.7667813728400232,0.6127339875537323,1.672934617390625,20.108571428571484,0.005607441002341315,458.6086700251342,0.19631619914226572,0.03962676142766393,0.8528050487801904,0.0732836510325841,1,Growing
351590,DAIMLER TRUCK HOLDING AG,7,0.44865471366063026,0.19637312212555466,2.024888939090993,-0.2410038578404329,0.0052132169303869885,6.675765790895131,0.7266982425643214,0.3204495168611029,2.5674635991655896,2334.1071428571427,0.46449158503864635,6849.547126397094,3.6148157159391348,-0.07288185377287071,0.5694562511354373,0.19316090158741184,3,Growing
354519,DR ING  H C F PORSCHE AG,7,0.4610142394229677,0.18893163196042836,2.1212506939929945,0.6792254781142937,0.08252897400883644,4.728688878693293,0.11399933371381193,0.014689455986969963,1.881176100319631,2709.142857142857,0.9453378642455721,5572.7347955955,7.630408277833656,0.011715028328342373,0.4001820969538273,0.03703774275506183,3,Growing
355804,IONOS GROUP SE,7,1.0697218581778403,0.7549887052103655,2.4622414522199536,-413.79490678680384,0.1570021207155362,2088.6341621481665,-0.3682413121916899,0.14808946354942037,1.9138170756370716,119.79846428571427,0.9667475939261269,243.68269918297858,10.080663906279241,-29.554761855459333,0.1561182536172921,149.59966385429036,1,Growing
358679,SCHOTT PHARMA AG & CO KGAA,5,-0.591496557288598,0.8773030349061104,0.8930841939903222,-1.3506627926575883,0.48447193938123456,2.744274943095908,0.9721526029538595,0.6358118199172683,1.724190081729318,99.5658,0.9654989324891768,143.3010215837975,13.133840565512633,0.027805812450124548,0.7412409341909099,0.045674193724030164,1,Growing
360887,DOUGLAS AG,5,2.64162657546941,0.7826942755456759,4.22270112687506,13.757069985987025,0.22758784376493232,40.78180219934398,2.7505162680335276,0.6899824917532128,4.682849284563041,341.0900000000001,0.9133619250728053,504.7339679474724,8.32359075821767,-0.33821184055338294,0.018479054135484944,3.518551700667748,1,Growing
