company_name,static_score,dynamic_score,combined_score,score_change_static_to_dynamic,score_change_static_to_combined,total_score_change,abs_total_change,pattern
BRENNTAG SE,46.33468499356913,48.137822986059895,74.34364795409927,1.8031379924907682,28.00896296053014,28.00896296053014,28.00896296053014,Improving Trend
KSB SE & CO KGAA,49.08529014257777,43.89838343935512,60.889926750438384,-5.186906703222647,11.804636607860616,11.804636607860616,11.804636607860616,Mixed
KWS SAAT SE & CO KGAA,43.79671557551651,49.130351298800484,53.70115176604131,5.333635723283976,9.904436190524805,9.904436190524805,9.904436190524805,Mixed
GEA GROUP AG,62.9064347330167,44.74308542103154,55.81868920944565,-18.163349311985165,-7.087745523571051,-7.087745523571051,7.087745523571051,Mixed
SAF HOLLAND SE,50.32988889347152,39.127413773215046,61.42404699373159,-11.202475120256473,11.094158100260067,11.094158100260067,11.094158100260067,Mixed
FIELMANN GROUP AG,40.676830983277014,20.749569030819508,30.496107171346114,-19.927261952457506,-10.1807238119309,-10.1807238119309,10.1807238119309,Challenged
HEIDELBERG MATERIALS AG,37.40578192677323,24.219236310488224,62.518539082663004,-13.186545616285006,25.112757155889774,25.112757155889774,25.112757155889774,Improving Trend
TRATON SE,60.35054625325675,18.921925210183392,73.61288189762905,-41.42862104307336,13.2623356443723,13.2623356443723,13.2623356443723,Mixed
BASF SE,48.933061283546444,27.985420157177295,66.53290025163115,-20.94764112636915,17.599838968084704,17.599838968084704,17.599838968084704,Mixed
VOSSLOH AG,64.44684491847367,25.446835630077047,67.81668336097778,-39.000009288396626,3.369838442504104,3.369838442504104,3.369838442504104,Mixed
INNOGY SE,32.79524207937347,16.222333339001928,34.91258162354621,-16.572908740371545,2.1173395441727365,2.1173395441727365,2.1173395441727365,Challenged
SOFTWARE GMBH,28.707170334759642,31.91154063376323,35.28228593309238,3.204370299003589,6.57511559833274,6.57511559833274,6.57511559833274,Challenged
PROSIEBENSAT.1 MEDIA SE,35.53979275693798,29.361382241222135,43.037608251166795,-6.178410515715843,7.497815494228817,7.497815494228817,7.497815494228817,Mixed
GRAMMER AG,49.033870916847285,39.81359702874926,53.2133387784992,-9.220273888098028,4.179467861651915,4.179467861651915,4.179467861651915,Mixed
KNORR-BREMSE AKTIE,52.70594932822254,26.70687416666844,57.03533692148489,-25.999075161554096,4.329387593262354,4.329387593262354,4.329387593262354,Mixed
ENCAVIS AG,3.2541607587478025,32.62909314134529,26.930057807391677,29.374932382597486,23.675897048643876,23.675897048643876,23.675897048643876,Improving Trend
INDUS HOLDING AG,54.28177227871595,53.83289352169579,77.89072622742414,-0.4488787570201609,23.60895394870819,23.60895394870819,23.60895394870819,Mixed
DMG MORI AG,61.18390644343417,33.17119243898101,72.33693084286678,-28.01271400445316,11.15302439943261,11.15302439943261,11.15302439943261,Mixed
SMA SOLAR TECHNOLOGY AG,35.642921741718794,37.51727830077299,41.13204108399577,1.874356559054199,5.489119342276979,5.489119342276979,5.489119342276979,Mixed
HENKEL AG & CO KGAA,38.089282820338106,31.61368257559875,73.86149007005713,-6.475600244739354,35.772207249719024,35.772207249719024,35.772207249719024,Improving Trend
BIOTEST AG,27.669407505658572,43.41586656999565,25.942407223048953,15.746459064337078,-1.7270002826096196,-1.7270002826096196,1.7270002826096196,Challenged
JUNGHEINRICH AG,80.5877382974495,37.371375583445136,78.15753636215476,-43.21636271400437,-2.430201935294747,-2.430201935294747,2.430201935294747,Eroding Position
BECHTLE AG,34.5704192676788,27.852494665744587,62.23915562855385,-6.7179246019342145,27.66873636087505,27.66873636087505,27.66873636087505,Improving Trend
ADIDAS AG,50.33435875847313,39.353093580521765,68.84598549045661,-10.981265177951364,18.511626731983483,18.511626731983483,18.511626731983483,Mixed
TEAMVIEWER SE,12.93095802500476,11.283465919299715,15.543526173607686,-1.6474921057050445,2.612568148602927,2.612568148602927,2.612568148602927,Challenged
SAP SE,28.224029602147084,31.341982775271404,45.00233183703335,3.11795317312432,16.77830223488627,16.77830223488627,16.77830223488627,Mixed
FRESENIUS SE & CO KGAA,58.96156804142949,27.75227411202623,66.67201188571804,-31.209293929403255,7.710443844288548,7.710443844288548,7.710443844288548,Mixed
CANCOM SE,50.14976067105017,30.66890387197571,55.590904025239276,-19.480856799074456,5.4411433541891085,5.4411433541891085,5.4411433541891085,Mixed
VITESCO TECHNOLOGIES GROUP,61.23236870752049,18.819370214184676,57.78805031122845,-42.41299849333582,-3.44431839629204,-3.44431839629204,3.44431839629204,Mixed
HAPAG-LLOYD AG,39.730224392561006,6.721831604796816,26.07313812794131,-33.00839278776419,-13.657086264619696,-13.657086264619696,13.657086264619696,Challenged
FRAPORT AG,24.733314140947826,38.724716226397184,60.299637357279536,13.991402085449359,35.56632321633171,35.56632321633171,35.56632321633171,Improving Trend
RWE AKTIENGESELLSCHAFT,27.553808858961958,20.223816958500226,39.67800596892574,-7.3299919004617315,12.12419710996378,12.12419710996378,12.12419710996378,Challenged
UNIPER SE,35.09012318075852,0.14650166057722513,26.23367602990622,-34.943621520181296,-8.856447150852297,-8.856447150852297,8.856447150852297,Challenged
KUKA AG,53.05129196071328,47.15743199906546,63.40804332080948,-5.89385996164782,10.356751360096204,10.356751360096204,10.356751360096204,Mixed
HELLOFRESH SE,0.16348490115622835,1.4167929043318268,1.4819387116044602,1.2533080031755985,1.318453810448232,1.318453810448232,1.318453810448232,Challenged
MORPHOSYS AG,0.49245995975075424,22.09276296969277,0.3154992012781657,21.600303009942017,-0.17696075847258852,-0.17696075847258852,0.17696075847258852,Challenged
WACKER CHEMIE AG,44.77764169206523,46.245002793592526,51.0973397347519,1.4673611015272954,6.319698042686667,6.319698042686667,6.319698042686667,Mixed
SIXT SE,20.45275852623267,58.250910448979575,36.25956377174535,37.798151922746904,15.806805245512678,15.806805245512678,15.806805245512678,Challenged
FREENET AG,38.96380052309827,39.56476291712116,39.28876794288427,0.6009623940228863,0.32496741978599886,0.32496741978599886,0.32496741978599886,Challenged
SIEMENS HEALTHINEE,64.0913215538234,36.49787632423842,64.65763851628854,-27.593445229584987,0.5663169624651374,0.5663169624651374,0.5663169624651374,Mixed
TELEFONICA DEUTSCHLAND,37.65719851659814,22.63554988502725,39.08470639654715,-15.021648631570894,1.4275078799490046,1.4275078799490046,1.4275078799490046,Challenged
SCHAEFFLER AG,49.642819631054856,35.35626695101202,51.05557333123264,-14.286552680042838,1.412753700177781,1.412753700177781,1.412753700177781,Mixed
PAUL HARTMANN AG,56.011473837945836,42.67876264829617,61.152755601782346,-13.332711189649665,5.14128176383651,5.14128176383651,5.14128176383651,Mixed
INFINEON TECHNOLOGIES AG,44.559386298820485,31.288257106174377,55.84325826785875,-13.271129192646107,11.283871969038266,11.283871969038266,11.283871969038266,Mixed
DUERR AG,52.669109529053884,54.075323843159836,59.81745993993771,1.4062143141059522,7.148350410883829,7.148350410883829,7.148350410883829,Mixed
ELRINGKLINGER AG,45.59927794611186,42.68395398472457,65.43609120469924,-2.915323961387294,19.836813258587377,19.836813258587377,19.836813258587377,Mixed
MERCK KGAA,34.20755412615139,39.303226734568916,56.8831162462028,5.095672608417523,22.67556212005141,22.67556212005141,22.67556212005141,Improving Trend
AURUBIS AG,18.89496450278001,54.23545825918136,50.98860792225002,35.340493756401344,32.09364341947001,32.09364341947001,32.09364341947001,Improving Trend
PFALZWERKE AG,63.160337188337614,46.59943569609281,71.21986180693214,-16.560901492244803,8.05952461859453,8.05952461859453,8.05952461859453,Mixed
HENSOLDT AG,49.12020122300545,23.55852602062999,71.41028147093267,-25.56167520237546,22.29008024792722,22.29008024792722,22.29008024792722,Improving Trend
OSRAM LICHT AG,0.16081266688411308,4.3588588295883985,45.25687673359863,4.198046162704285,45.09606406671452,45.09606406671452,45.09606406671452,Improving Trend
SCOUT24 SE,16.109679405109304,35.7182926806598,27.661185636226023,19.608613275550496,11.551506231116718,11.551506231116718,11.551506231116718,Challenged
ALTANA AG,61.72945410774927,37.768637817362986,50.55586960314316,-23.960816290386283,-11.173584504606112,-11.173584504606112,11.173584504606112,Mixed
STROEER SE & CO KGAA,44.87034070612263,26.849841861547258,62.340399152167535,-18.020498844575375,17.470058446044902,17.470058446044902,17.470058446044902,Mixed
BAYWA AG,13.324587861454138,37.203078098078386,2.0180800129364993,23.87849023662425,-11.306507848517638,-11.306507848517638,11.306507848517638,Challenged
MVV ENERGIE AG,53.16494325324085,52.73662846650466,72.8236099158163,-0.4283147867361876,19.658666662575456,19.658666662575456,19.658666662575456,Mixed
STADA ARZNEIMITTEL AG,39.5929453142315,23.77214090657994,62.98825609831371,-15.820804407651561,23.395310784082213,23.395310784082213,23.395310784082213,Improving Trend
SYMRISE AG,52.74503917712398,32.72599845505689,68.56910405660732,-20.01904072206709,15.824064879483338,15.824064879483338,15.824064879483338,Mixed
TAKKT AG,38.08129913166177,27.259283402505407,48.124967633525294,-10.822015729156366,10.043668501863522,10.043668501863522,10.043668501863522,Mixed
EVOTEC SE,26.759239107423937,26.26731628996964,48.614287730006595,-0.49192281745429867,21.855048622582657,21.855048622582657,21.855048622582657,Improving Trend
SCHULER AG,20.045819921418605,15.386896918609208,13.933911821742347,-4.658923002809397,-6.111908099676258,-6.111908099676258,6.111908099676258,Challenged
ALLANE SE,19.62445939700868,26.157415407496494,19.451580635940743,6.5329560104878155,-0.17287876106793476,-0.17287876106793476,0.17287876106793476,Challenged
BAYERISCHE MOTOREN WERKE AKT,54.911984757858846,22.81104482146524,61.93443405842045,-32.1009399363936,7.022449300561604,7.022449300561604,7.022449300561604,Mixed
SIEMENS ENERGY AG,30.631783419219786,31.69988316042967,64.34591320598224,1.0680997412098847,33.714129786762456,33.714129786762456,33.714129786762456,Improving Trend
STABILUS SE,66.12134597787903,27.757160516482294,68.61164443054848,-38.36418546139674,2.4902984526694496,2.4902984526694496,2.4902984526694496,Mixed
AXEL SPRINGER SE,51.97474675763408,32.65609603516838,63.5002746697014,-19.318650722465698,11.525527912067318,11.525527912067318,11.525527912067318,Mixed
HELLA GMBH & CO. KGAA,55.37164176320574,38.773495571686176,64.92116593328355,-16.59814619151956,9.54952417007781,9.54952417007781,9.54952417007781,Mixed
MAN SE,33.33380236857798,42.00811489088664,60.650812450345214,8.67431252230866,27.317010081767236,27.317010081767236,27.317010081767236,Improving Trend
MTU AERO ENGINES AG,58.69322311162881,46.44984364960686,63.927500339469404,-12.243379462021949,5.234277227840593,5.234277227840593,5.234277227840593,Mixed
HOCHTIEF AG,25.194692436844484,29.97699009549709,16.756979635240103,4.782297658652606,-8.43771280160438,-8.43771280160438,8.43771280160438,Challenged
DR ING  H C F PORSCHE AG,56.485850920077695,17.92714667470823,50.029694465733776,-38.55870424536947,-6.456156454343919,-6.456156454343919,6.456156454343919,Mixed
KION GROUP AG,64.17510131008788,29.307151486832744,71.8859624544689,-34.86794982325514,7.710861144381013,7.710861144381013,7.710861144381013,Mixed
HEIDELBERGER DRUCKMASCHINEN,41.88607289432122,32.194522777844455,49.392493680696404,-9.691550116476762,7.5064207863751875,7.5064207863751875,7.5064207863751875,Mixed
E.ON SE,42.15936168070574,8.732327646635568,62.27215991094916,-33.427034034070175,20.11279823024342,20.11279823024342,20.11279823024342,Improving Trend
BAYER AG,40.585031274855275,36.191743383418554,52.67585871995051,-4.393287891436721,12.090827445095236,12.090827445095236,12.090827445095236,Mixed
BEIERSDORF AG,46.36208258967073,26.67795292815479,69.97508301883911,-19.684129661515936,23.613000429168387,23.613000429168387,23.613000429168387,Improving Trend
RHOEN-KLINIKUM AG,25.92131475197589,49.69963025735809,36.507005895661266,23.7783155053822,10.585691143685377,10.585691143685377,10.585691143685377,Challenged
DELIVERY HERO SE,52.33742014212608,3.924994058884502,43.77474222176879,-48.41242608324158,-8.562677920357288,-8.562677920357288,8.562677920357288,Mixed
AUDI AG,45.046236162487894,28.287119777605792,53.97169425180574,-16.759116384882102,8.925458089317843,8.925458089317843,8.925458089317843,Mixed
CONTINENTAL AG,63.53647843641448,21.904214761242425,60.26234881463019,-41.632263675172055,-3.27412962178429,-3.27412962178429,3.27412962178429,Mixed
BILFINGER SE,38.23597607795673,30.257203688298418,57.86570543766829,-7.97877238965831,19.62972935971156,19.62972935971156,19.62972935971156,Mixed
DEUTSCHE LUFTHANSA AG,37.2728466289966,27.42964169742911,49.85661232672241,-9.843204931567488,12.583765697725816,12.583765697725816,12.583765697725816,Mixed
THYSSENKRUPP AG,45.31350713217357,37.07581813503573,73.86112724359744,-8.237688997137838,28.547620111423868,28.547620111423868,28.547620111423868,Improving Trend
NORMA GROUP SE,54.6737334224031,34.06173217032589,60.959507226717115,-20.612001252077214,6.285773804314012,6.285773804314012,6.285773804314012,Mixed
1&1 AG,43.51084234895639,42.66873247041811,51.53679946365672,-0.842109878538281,8.025957114700333,8.025957114700333,8.025957114700333,Mixed
GERRESHEIMER GROUP,53.033098454816795,34.42669379905668,61.87900556408169,-18.606404655760116,8.845907109264893,8.845907109264893,8.845907109264893,Mixed
SCHOTT PHARMA AG & CO KGAA,36.13269404222571,34.077536280378865,46.53685388587489,-2.055157761846843,10.404159843649182,10.404159843649182,10.404159843649182,Mixed
LECHWERKE AG,12.585667993841856,23.86459168262868,48.778619543909166,11.278923688786826,36.192951550067306,36.192951550067306,36.192951550067306,Improving Trend
PUMA SE,46.97070987556481,23.651733398372492,51.59912442099397,-23.318976477192315,4.628414545429159,4.628414545429159,4.628414545429159,Mixed
FUCHS SE,26.71221222840034,30.128556455915284,34.70580931454196,3.4163442275149443,7.9935970861416195,7.9935970861416195,7.9935970861416195,Challenged
KLOCKNER & CO SE,26.702037620580672,33.67233954218486,65.40343463761258,6.970301921604186,38.70139701703191,38.70139701703191,38.70139701703191,Improving Trend
GELSENWASSER AG,59.117761508142216,26.42948936906599,65.5957972223435,-32.688272139076226,6.47803571420129,6.47803571420129,6.47803571420129,Mixed
PORSCHE AUTOMOBIL HOLDING SE,0.0,0.02400645377604867,0.48329955231572674,0.02400645377604867,0.48329955231572674,0.48329955231572674,0.48329955231572674,Challenged
AUTO1 GROUP SE,10.039709925541217,11.8533494097228,24.432876651070895,1.8136394841815822,14.393166725529678,14.393166725529678,14.393166725529678,Challenged
FRESENIUS MEDICAL CARE AG,65.6136310968485,36.7168175402463,66.71315913226759,-28.89681355660219,1.0995280354190982,1.0995280354190982,1.0995280354190982,Mixed
DEUTSCHE POST AG,46.178010068726984,12.218806323196114,59.42538605019742,-33.95920374553087,13.247375981470434,13.247375981470434,13.247375981470434,Mixed
BAUER AG,54.92985229865458,50.65899733359998,63.05998422487728,-4.270854965054603,8.130131926222703,8.130131926222703,8.130131926222703,Mixed
VTG AG,25.35875086291136,32.10965041089731,37.36439399842465,6.750899547985949,12.005643135513292,12.005643135513292,12.005643135513292,Challenged
TUI AG,13.656660291232434,26.526196336946345,14.279939278695043,12.869536045713911,0.6232789874626086,0.6232789874626086,0.6232789874626086,Challenged
DRAEGERWERK AG,59.455983705149904,37.60884050893325,57.51936554790045,-21.847143196216656,-1.9366181572494554,-1.9366181572494554,1.9366181572494554,Mixed
BERTELSMANN SE & CO KGAA,64.43868821259645,30.386539457888702,71.9296102718913,-34.052148754707744,7.49092205929486,7.49092205929486,7.49092205929486,Mixed
KRONES AG,53.406866222456564,36.726802901514084,71.814148956431,-16.68006332094248,18.407282733974434,18.407282733974434,18.407282733974434,Mixed
MAINOVA AG,48.83717605852821,48.44589915411483,63.5716446634548,-0.39127690441338103,14.73446860492659,14.73446860492659,14.73446860492659,Mixed
DAIMLER TRUCK HOLDING AG,57.955231614318905,32.785251294292706,78.96367140984644,-25.1699803200262,21.008439795527536,21.008439795527536,21.008439795527536,Mixed
HUGO BOSS AG,35.68265081289576,23.985205257714973,40.99463783618958,-11.697445555180785,5.311987023293824,5.311987023293824,5.311987023293824,Mixed
CARL ZEISS MEDITEC AG,59.087502875500476,40.49178768605061,73.67837763139221,-18.59571518944987,14.590874755891733,14.590874755891733,14.590874755891733,Mixed
SGL CARBON SE,53.979912739296545,18.77345078748798,54.86786735170771,-35.20646195180856,0.8879546124111641,0.8879546124111641,0.8879546124111641,Mixed
HORNBACH-BAUMARKT AG,48.14013628597973,37.97269012128604,72.59097530482327,-10.167446164693686,24.450839018843546,24.450839018843546,24.450839018843546,Improving Trend
METRO AG,15.245125742455798,32.19637687423816,56.0339751525243,16.951251131782364,40.7888494100685,40.7888494100685,40.7888494100685,Improving Trend
SALZGITTER AG,54.88311525607824,44.92482229425717,62.048274753634345,-9.958292961821073,7.165159497556104,7.165159497556104,7.165159497556104,Mixed
SILTRONIC AG,14.06495203778686,40.192998427209865,34.4143951282619,26.128046389423005,20.34944309047504,20.34944309047504,20.34944309047504,Improving Trend
NORDEX SE,50.600420454272985,24.46263594619272,52.3087655051257,-26.137784508080266,1.7083450508527136,1.7083450508527136,1.7083450508527136,Mixed
K&S AG,24.35810006641924,31.1141731230622,58.5582863324144,6.756073056642961,34.20018626599516,34.20018626599516,34.20018626599516,Improving Trend
VOLKSWAGEN AG,61.15326221711275,15.629718670457368,70.04517740160026,-45.523543546655375,8.891915184487509,8.891915184487509,8.891915184487509,Mixed
MCKESSON EUROPE AG,26.78250947370639,18.929816232565877,65.48913181023227,-7.852693241140514,38.706622336525875,38.706622336525875,38.706622336525875,Improving Trend
CECONOMY AG,14.048718581662861,10.206483151227562,21.42190554576337,-3.8422354304352986,7.373186964100508,7.373186964100508,7.373186964100508,Challenged
JENOPTIK AG,64.42670912599525,27.385248172897292,61.91413272425266,-37.04146095309795,-2.512576401742585,-2.512576401742585,2.512576401742585,Mixed
LANXESS AG,23.509006305855458,31.806920139909217,72.48197278952931,8.297913834053759,48.97296648367385,48.97296648367385,48.97296648367385,Improving Trend
SIEMENS AG,63.51910774563312,15.329273335923297,63.01758476423994,-48.189834409709825,-0.5015229813931796,-0.5015229813931796,0.5015229813931796,Mixed
BLG-BREMER LAGERHAUS-GESELLS,0.273689661427767,30.299935094695453,0.289467870436174,30.026245433267686,0.015778209008406985,0.015778209008406985,0.015778209008406985,Challenged
HORNBACH HOLDING AG & CO,45.000066682004864,39.92958018913743,76.12704496270119,-5.070486492867431,31.126978280696328,31.126978280696328,31.126978280696328,Improving Trend
SUEDZUCKER AG,53.70933611337411,33.6906002892642,71.58846257731399,-20.01873582410991,17.879126463939883,17.879126463939883,17.879126463939883,Mixed
CLAAS KG,48.71202297178638,56.25387523500228,67.1053747051196,7.541852263215901,18.39335173333322,18.39335173333322,18.39335173333322,Mixed
COMPUGROUP MEDICAL SE & CO,68.50895258557487,30.319843490869186,69.94801851165606,-38.189109094705685,1.4390659260811844,1.4390659260811844,1.4390659260811844,Mixed
MERCEDES BENZ GROUP AG,70.24648481791877,0.7178480800721243,71.20489718315277,-69.52863673784664,0.9584123652339969,0.9584123652339969,0.9584123652339969,Eroding Position
KABEL DEUTSCHLAND HOLDING AG,10.164975975716201,17.942693791376623,14.144739505682228,7.777717815660422,3.979763529966027,3.979763529966027,3.979763529966027,Challenged
LEONI AG,11.569852184760697,30.68455143852875,21.734754560428268,19.114699253768052,10.164902375667571,10.164902375667571,10.164902375667571,Challenged
DILLINGER HUTTENWERKE,62.99950131011474,46.742573485454045,59.202540171801,-16.256927824660693,-3.7969611383137405,-3.7969611383137405,3.7969611383137405,Mixed
CTS EVENTIM AG & CO KGAA,47.42407743104969,35.86648315372772,42.93056145419348,-11.557594277321968,-4.493515976856209,-4.493515976856209,4.493515976856209,Mixed
DIEBOLD NIXDORF AG,35.66368351098025,24.88999162386644,60.68869698454043,-10.77369188711381,25.02501347356018,25.02501347356018,25.02501347356018,Improving Trend
SYNLAB AG,30.463867203135912,28.42267210317803,37.301757628118374,-2.041195099957882,6.8378904249824615,6.8378904249824615,6.8378904249824615,Challenged
TELE COLUMBUS AG,5.7990469009727015,38.395562535847944,99.99998967617321,32.596515634875246,94.20094277520052,94.20094277520052,94.20094277520052,Improving Trend
DEUTSCHE BAHN AG,10.612316329631664,12.632402263341124,15.71976527813309,2.02008593370946,5.1074489485014265,5.1074489485014265,5.1074489485014265,Challenged
DEUTSCHE TELEKOM,44.57887254987965,22.86384538403056,56.265892315715185,-21.715027165849087,11.687019765835537,11.687019765835537,11.687019765835537,Mixed
DERMAPHARM HOLDING,37.17324469271151,26.810713867831904,57.0682878745996,-10.36253082487961,19.895043181888084,19.895043181888084,19.895043181888084,Mixed
SARTORIUS AG,38.136794658836834,29.49967841374542,61.072912493365706,-8.637116245091413,22.936117834528872,22.936117834528872,22.936117834528872,Improving Trend
EWE-ENERGIEVERSORGUNG WESER,49.272645872321995,39.078356215984996,51.00614873598849,-10.194289656336998,1.7335028636664944,1.7335028636664944,1.7335028636664944,Mixed
DOUGLAS AG,31.550103825898614,11.7082472917549,31.742533362328878,-19.841856534143716,0.1924295364302644,0.1924295364302644,0.1924295364302644,Challenged
HAMBURGER HAFEN UND LOGISTIK,41.74231256231603,34.273081392944476,67.3010602199312,-7.469231169371554,25.55874765761517,25.55874765761517,25.55874765761517,Improving Trend
COVESTRO AG,43.37383189529955,37.92576648113187,70.34275378106139,-5.448065414167679,26.968921885761837,26.968921885761837,26.968921885761837,Improving Trend
ENBW ENERGIE BADEN,35.40393973172034,24.962660831802932,47.792959630532664,-10.44127889991741,12.389019898812322,12.389019898812322,12.389019898812322,Mixed
DEUTZ AG,54.19979394974467,39.80028944543347,62.589347112735794,-14.399504504311196,8.389553162991128,8.389553162991128,8.389553162991128,Mixed
UNITED INTERNET AG,62.76960320415994,35.304839661541926,55.49129309627033,-27.464763542618016,-7.2783101078896095,-7.2783101078896095,7.2783101078896095,Mixed
RHEINMETALL AG,53.13715121151027,34.16609673163595,59.89449487555476,-18.97105447987432,6.757343664044491,6.757343664044491,6.757343664044491,Mixed
WACKER NEUSON SE,48.40252397895755,41.56503773432566,66.01359010138052,-6.83748624463189,17.61106612242297,17.61106612242297,17.61106612242297,Mixed
KOENIG & BAUER AG,51.27020806153083,31.78617041334144,65.30107668326254,-19.48403764818939,14.030868621731706,14.030868621731706,14.030868621731706,Mixed
IONOS GROUP SE,17.61062760101779,0.032531672281622605,21.39971133417561,-17.578095928736168,3.7890837331578204,3.7890837331578204,3.7890837331578204,Challenged
ZALANDO SE,45.20012749784467,25.77189581186032,66.68873431891643,-19.42823168598435,21.488606821071762,21.488606821071762,21.488606821071762,Improving Trend
SPRINGER NATURE AG,38.81726402703824,100.0,42.78227831574587,61.18273597296176,3.9650142887076285,3.9650142887076285,3.9650142887076285,Mixed
WIRECARD AG,24.593223785175418,9.094746129796954,48.042525648787695,-15.498477655378464,23.449301863612277,23.449301863612277,23.449301863612277,Improving Trend
ROCKET INTERNET SE,0.0,5.697516261139982,0.0,5.697516261139982,0.0,0.0,0.0,Challenged
EVONIK INDUSTRIES AG,64.81476664595831,45.70612052451784,70.47894254716971,-19.108646121440472,5.664175901211394,5.664175901211394,5.664175901211394,Mixed
