gvkey,roa,roe,ebit_margin,gross_margin,fcf_margin,current_ratio,debt_to_equity,financial_leverage,conm,revt,at,sale,gsector,gsubind,ggroup,gind,roa_trend,PC1,PC2,PC3,PC4,PC5,PC6,PC7,cluster,cluster_name,proximity_score,profitability_score,liquidity_score,leverage_score,cashflow_score,structure_score,relative_score,overall_score
17436,3.561524591183237,3.646169836231355,4.388599448360404,31.512411890897944,1.1461844927980387,1.832971418510476,0.574594791988539,2.2589117671844714,BASF SE,65260.0,80415.0,65260.0,15.0,15101020.0,1510.0,151010.0,-0.5203910451744728,-0.11267076331172868,-0.625619331631809,0.050342496252479364,-0.08096203203158402,-0.18750158447715365,-0.16875285358882092,-0.09081157152521223,0,Mid,76.58643767244132,90.10715581344489,84.10832120138181,99.0703270331594,92.11574317226633,93.43179471489329,50.32627620710816,58.563038934981456
17828,4.749254745103959,11.019703103913631,8.64458700221163,38.52974710496312,9.406981056911686,1.3600486461924999,0.7933819163292848,2.86110661268556,MERCEDES BENZ GROUP AG,145594.0,265010.0,145594.0,25.0,25102010.0,2510.0,251020.0,0.0712214336077651,0.23416109839122656,-0.04607734124451135,0.03447480007253438,0.05629281284915247,-0.05988358732253551,0.2164182235261038,-0.010703780508624212,0,Mid,70.9931921428297,73.67347280728526,99.95652425526754,95.70008854349223,94.62030898921438,97.84925130934924,53.40473945975405,52.70198027293816
19349,6.534652125673153,16.026841448189764,12.720927169761623,43.226656130646646,12.612932964572632,1.3971489080682258,0.80604322721598,2.883348938826467,SIEMENS AG,75930.0,147812.0,75930.0,20.0,20105010.0,2010.0,201050.0,0.053867822909594944,0.560660983874256,0.2001179123855399,0.13844945876111886,0.17330488316607962,0.035566886523772455,0.006055423347000229,0.02278724738486662,3,Upper-Mid,75.76426389664506,78.5316571651924,92.8700777122513,97.97688168114816,98.564466269335,95.6459758528222,49.65826963864598,55.80972515981132
100004,6.475870996902852,5.368676591220314,9.114981579998723,39.72850615904001,8.187796283685062,3.276000352751695,0.13994452588265244,1.4842684121989815,ALTANA AG,3168.838,4460.234,3168.838,15.0,15101050.0,1510.0,151010.0,-0.4294549207168277,0.3930892731591746,-0.6161934699442978,0.7590114795172627,-0.5035604146824073,0.37127792249380265,-0.75348503243829,0.17843416563570585,3,Upper-Mid,49.3870247859695,76.15570782719007,54.04684541124962,91.85729148320644,99.9910906926278,85.91217641949223,49.83575310704799,44.17168062814646
100010,-4.250672662268254,437.7415687760516,-2.177823309743788,10.350444015352881,1.606575487331045,0.9146029254737492,-7.774535809018568,,BAYWA AG,21181.7,10852.4,21181.7,20.0,20105010.0,2010.0,201050.0,-0.11533689911326939,3.065937274768151,-2.7084860114366722,-3.2015878584153015,-0.47474181856206266,-3.011644277341538,1.3206669393496333,5.266959505949163,0,Mid,1.8925268129374273,2.376980523623385,84.88659698127026,26.943185284158982,92.25356682701245,97.28288352337448,43.838288881945964,3.9267253583155464
100022,4.23520535460834,7.896874830742566,7.9638994240764145,44.69658659924146,-3.2581823289787892,1.0991914607305364,0.7232844066511401,2.9002004008016034,BAYERISCHE MOTOREN WERKE AKT,142380.0,267732.0,142380.0,25.0,25102010.0,2510.0,251020.0,-0.10730136513996358,0.14903407893591356,-0.11816267079992292,0.09738021414761114,0.3321072855796167,-0.20653485610880198,0.2580729044965563,-0.04669635192475406,0,Mid,68.55515216445536,70.75459046547076,90.83417270064835,96.76721116380769,90.80760501592606,98.14314292245398,52.47549100781219,51.24970007525707
100042,-2.283029297954671,-7.278854254422915,-3.8106661745709545,23.186934858830043,1.9191732792028051,0.6407944780955064,0.11440606571187868,3.0480202190395955,MAN SE,10838.0,18090.0,10838.0,20.0,20106010.0,2010.0,201060.0,-0.4479385377431797,-0.9121474448587639,-1.1165746506948593,-0.5851624224337747,0.11517768720810043,-0.6843553437667153,0.7882880194763632,-0.3093330474215993,0,Mid,49.404569482109714,52.87326762876559,76.77392469414232,93.85128312678657,92.3472643075894,99.26239494302366,42.8069633325049,39.72160963127567
100054,2.2840015248876586,72.36664710454106,1.690983557083559,26.35408799724454,4.971786361300936,1.120285964924529,6.67153636082885,23.00331592024251,HOCHTIEF AG,33301.27,24654.931,33301.27,20.0,20103010.0,2010.0,201030.0,-0.14084986850625408,-2.1089223694287957,1.7506842673232557,-1.0432627909833434,0.08831057427316776,-0.6564745490541357,-0.31155264115522197,1.9490376238394678,1,Strong Performers,51.934072607911794,62.21795351364313,97.04572053906404,89.61749825095593,99.64820172766338,89.86674609610279,53.621669084700265,42.17896957098894
100080,2.85701398285972,-7.997994233421085,6.795262412564906,63.991760717504185,9.84851735828005,1.1896932854379663,1.1125109690359785,3.474050394885295,BAYER AG,46606.0,110850.0,46606.0,35.0,35202010.0,3520.0,352020.0,-0.4288697186165794,-0.2213047462623701,-0.3065896370055739,0.4705901021217852,0.7904347899770818,-0.05346446122792452,0.19204703494226075,0.05445632825994169,3,Upper-Mid,54.15814603832051,56.09481597924078,86.06415273731658,93.34014355943326,99.4532844617214,99.92022359473741,48.265796834243936,42.21623596711969
100083,10.42195065713627,10.761061946902654,13.766497461928934,61.6751269035533,8.060913705583756,1.7426948051948052,0.0,1.535221238938053,BEIERSDORF AG,9850.0,13011.0,9850.0,30.0,30302010.0,3030.0,303020.0,-0.5141279617984581,1.0293562432591123,0.08482875989489833,0.7449479682698508,0.7210301564630663,0.20869467763768726,-0.6006259309962086,-0.06233771962790722,3,Upper-Mid,67.35168533123284,73.54107570143574,94.85691976948432,89.84606782813721,99.967710823073,86.24864351336865,50.17561762392044,50.63349605559401
100102,6.805254800057744,13.682834960412022,4.678908188585608,13.326054590570724,3.53151364764268,1.3571381600578682,0.24390806364824352,2.6623875778307324,BILFINGER SE,5037.5,3463.5,5037.5,20.0,20201070.0,2020.0,202010.0,0.5695337436079179,0.39879350788046697,0.11196409608421001,-0.3188279137840865,-0.5501277597600402,-0.07641589759627519,0.4264652965434312,-0.2861026794599041,0,Mid,56.79094233700219,65.66931273059888,99.84985164542859,95.79378780313141,92.83205761708449,96.36891140820299,51.17014512394176,45.42961826123379
100103,2.68638952648134,12.016981459019235,4.020484112090079,2.770444352555743,-0.019084576481440248,0.8332567284612634,0.9888234274822387,4.076589845780627,DEUTSCHE LUFTHANSA AG,31439.0,47052.0,31439.0,20.0,20302010.0,2030.0,203020.0,-0.5617290508643753,-0.3541627222074683,-0.35699603523423673,-0.9461035475059757,-0.2296994082971649,-0.6802104852192115,-0.031100183483262617,-0.3907496701627877,0,Mid,62.5445430723867,68.77830282093524,82.39073706468825,92.78654171575138,91.76782507798599,93.09948256452178,46.96293655222848,48.05213196471687
100301,2.0851898057387275,4.953414317726147,1.9352704416386393,26.69680763080995,2.067596625682307,1.2986244123280515,0.1553249203915556,1.985257695482958,DEUTZ AG,1813.7,1683.3,1813.7,20.0,20106010.0,2010.0,201060.0,0.21197415125334534,-0.11273205626957236,-0.5402154969927828,-0.18010469446598992,-0.25951903559285094,-0.23260974702819487,0.6553233351582501,-0.14844867404211362,0,Mid,75.72688097855016,87.18055825894835,97.72924403480286,94.46076288773342,92.39178575856333,91.49083478107723,48.326082795731914,57.17294033198307
100312,9.899609592861127,19.85185185185185,14.562608963183262,51.881858270946566,10.132294123679623,1.2136537894426422,0.46197530864197534,3.541728395061728,RHEINMETALL AG,9751.0,14344.0,9751.0,20.0,20101010.0,2010.0,201010.0,0.5783965084088859,1.033901828940541,0.7520654390553215,0.3830300468439731,0.32344475570172065,0.24042706175560308,0.21610695159696952,0.049713681940427426,3,Upper-Mid,62.97054986030576,76.26334312884842,86.82401786874343,96.65804489201967,99.36167628112075,99.40280199114738,51.62623230276969,50.106693059093956
100368,9.322556660834046,16.42752611759716,10.371424213625312,39.356570085293065,8.723750393987308,1.0595436337925495,0.0514240542234365,2.4887746214645166,GEA GROUP AG,5422.129,6032.165,5422.129,20.0,20106020.0,2010.0,201060.0,0.3449355390204477,0.8944130290290845,0.40556836924926704,0.10096741070161334,0.23238659886944804,0.051264140683726894,0.21295419364239407,-0.2037917785668468,3,Upper-Mid,64.41747078114768,75.02753660592413,82.05136309950541,90.57994317587733,99.8172107785342,92.79423677255075,49.0105848693218,49.830489951231634
100373,7.680347008313294,9.287812041116007,13.512468222187636,63.83767492536047,9.002023403562887,1.2676099025996392,0.3571686990572262,1.9845974589797613,HEIDELBERG MATERIALS AG,21201.9,37301.7,21201.9,15.0,15102010.0,1510.0,151020.0,0.29976659766120317,0.8486170341251837,0.3102783751345707,0.6267504100558736,0.5701597388616736,0.22669692768891475,0.26988659007823623,0.035039969739181075,3,Upper-Mid,71.10860705874276,82.03815364865196,88.5597954283528,95.06869090483569,99.7270497849676,89.27374639288337,50.652402941324,54.35794264371107
100431,7.509868489548474,11.54993270003583,13.209640117623668,26.59665756234368,11.503364413608343,1.539486177045518,0.2462839767984584,1.6276472126194694,HAPAG-LLOYD AG,19111.8,33617.1,19111.8,20.0,20303010.0,2030.0,203030.0,2.515379552410443,1.1306606885388217,0.9920603627289402,0.199141295700253,-1.1484190575774744,0.6233736412880674,1.5607147716454886,-0.09817789487458639,2,Top Tier,53.41435128229023,62.6326624640403,94.93599981989045,74.98539913422205,99.79173986942124,77.9958345616795,46.60301842892463,41.390812919146356
100449,2.191040744353568,-4.1265822784810124,2.3470153252598864,26.586110813417648,5.755010181116707,1.2181768781415567,0.08793248945147679,3.3739240506329113,KUKA AG,3732.4,3998.1,3732.4,20.0,20106020.0,2010.0,201060.0,-0.4631867169898604,-0.3426791797426123,-0.6696950503977347,-0.24612391769753195,0.05014894525928983,-0.356575460334103,0.1875405962945839,-0.2851039529708494,0,Mid,79.99518491653373,85.28336211269404,94.88705904159758,93.45906020366768,93.5047890250552,98.25561732431058,47.889388086026656,58.40065240951907
100590,7.913003654780399,25.396558488873943,10.783821819739337,27.494340084439823,-1.5884476534296028,0.8691330019681756,1.9113278403676923,6.241858640210751,E.ON SE,81715.0,111361.0,81715.0,55.0,55103010.0,5510.0,551030.0,0.03402854240760464,0.26412806716502474,0.7670125373377286,-0.3703117728323761,0.15207269793989905,-0.2636280271610683,-0.10151618026437775,0.014923848708041549,0,Mid,50.353783338971226,57.28071306261169,83.48231557860876,80.18746477171128,91.30133107725958,78.85129678249456,57.13853228822519,39.61640242528196
100609,6.065032732781475,8.138805658142289,5.644653692187617,27.50069236385609,2.507616002416979,1.257971827037634,0.2865305553619957,2.575848372935684,CONTINENTAL AG,39719.0,36966.0,39719.0,25.0,25101020.0,2510.0,251010.0,-0.938632263498655,0.13733384925938166,-0.44812877451433536,-0.2192467619398346,0.3236417697846123,-0.3880235903935853,-0.4843023897208254,-0.3402324309117974,0,Mid,63.31106577354837,74.24325306452857,96.28251810784725,96.44187041940964,92.52390128991216,95.73126544385158,49.011788510088216,49.81726396426603
100676,5.011856436638398,53.02174822250105,3.7678106641688935,11.748024154735342,5.172376582510694,0.5253407515978185,3.7651610204935175,18.21068590547888,TUI AG,23167.3,17416.7,23167.3,25.0,25301020.0,2530.0,253010.0,-0.6537878863754827,-1.2820967583601024,1.1977465750855067,-1.2734892865519243,0.29866679988517375,-0.8465004759444106,-0.5088072785471704,0.8892910766046125,1,Strong Performers,41.89690721249267,49.4507884448876,82.83847925121853,70.45818838338073,99.5833119674637,77.04225511917777,50.13381181939807,33.694739412312664
100736,-0.4661356711391458,-1.075286125911498,-1.1935068845637953,22.68758041115764,2.3432153513454317,3.0222597914905607,0.11000756563591584,1.5056420327414968,K&S AG,3653.1,9353.5,3653.1,15.0,15101030.0,1510.0,151010.0,-0.0731814294916662,-0.5555311457831502,-1.3070598653355048,0.25858985698169606,-1.031297394334138,0.03886411842247718,0.17274859353952704,0.20155700530645243,0,Mid,46.586040095809416,65.32532636456013,54.36906964318812,93.7860027034331,92.4745180097912,88.18579638032146,49.30221930053242,41.078081581579106
100737,5.277727305045781,6.2267545832556195,10.288736385589669,41.581858952244836,-0.015708934995810952,1.1298937057395215,0.7518678618056546,3.471891559788035,VOLKSWAGEN AG,324656.0,632905.0,324656.0,25.0,25102010.0,2510.0,251020.0,0.1759738510613116,0.2955952718341617,0.16885473014858743,0.09425698798577156,0.1732511053376738,-0.08213018013431997,0.30004377283026434,-0.09498093205418873,0,Mid,63.30848952718709,67.17762917403427,91.86307855774481,96.3306444000019,91.76883105376263,97.51995406442647,54.26778923766221,48.391986085681886
100746,2.2989639861864823,14.728682170542637,1.0382318866411193,20.53738525978077,2.87407539434988,0.9127545248868778,4.060077519379845,19.641472868217054,CECONOMY AG,22442.0,10135.0,22442.0,25.0,25504020.0,2550.0,255040.0,-0.3118494264262327,-1.9512093953460707,1.1035983771631075,-0.7962316253740639,0.11981228525947799,-0.5438449966193215,-0.12852173138453427,0.7956191201502789,1,Strong Performers,51.98657562079764,64.52440561200625,95.49002784281559,73.82322605867158,99.67174373962176,85.97997300809106,50.23513858423271,41.08183397658746
100764,3.3382476832350463,-2.3845918679302964,3.2700639570868577,29.492469568805447,3.424798844646173,1.8102268635217862,0.45735249159278507,2.9030877407520634,SUEDZUCKER AG,9694.0,9496.0,9694.0,30.0,30202030.0,3020.0,302020.0,0.16065444511932503,-0.1417436971431092,-0.4006372667287531,0.09563182220172058,-0.36319608648840096,-0.013486858140788389,0.33859341564955336,-0.09623670664669604,0,Mid,75.76351219868666,89.48191296951212,84.81307540045097,99.08354713817691,92.79989245218039,98.16488377251048,51.45031924774589,58.11014218719479
100953,6.898618447785452,16.276268661447272,28.03418097754293,34.29656538969617,-11.381274768824307,1.2700634632819583,0.46822403245744715,3.120225680687185,RWE AKTIENGESELLSCHAFT,24224.0,98440.0,24224.0,55.0,55105010.0,5510.0,551050.0,0.24802652368191275,1.1703624960363626,0.711085235846107,-0.002572612849747215,-0.15949699723599015,-0.07281267045675743,-0.1983807675587013,-0.22393352666186142,3,Upper-Mid,48.76766143813981,50.81681133431033,88.63954658009547,96.75363946450162,93.85117669129986,97.39990300084386,48.75978284237848,39.34579078856815
101059,3.2927096256294237,4.681331077270164,7.249124385463192,41.187622505703544,6.950290800424151,0.8742941650981446,0.9883906749388984,3.2202951682647116,AXEL SPRINGER SE,3112.1,6851.5,3112.1,50.0,50201040.0,5020.0,502010.0,-0.08820577785865774,-0.030050622254142977,-0.11464268909464799,-0.09350962810846127,0.3408934239096086,-0.2363591676629784,0.37647259405196176,-0.10746841670418582,0,Mid,70.85944310259889,76.29359315017362,83.64053557750934,92.79289398228475,93.86844042788307,99.4204471318549,51.66991907432063,52.88178526930276
101120,8.55174479556687,18.499364638434944,8.99019537679811,16.158305303084518,11.28462033922565,1.5675553732567677,0.0,2.1704837613404653,AUDI AG,69865.0,73447.0,69865.0,25.0,25102010.0,2510.0,251020.0,-0.17659246329481892,0.6793495298470816,-0.014506361773881768,-0.27336058214650705,-0.2640815919657501,-0.10339285922144531,-0.325363976659658,-0.3285329204566075,0,Mid,53.9753650899068,54.908721128749924,92.71013215783982,92.16801065227833,95.19901719054185,92.80013547200929,51.539710616737196,41.788691326940544
101148,1.1171562959243373,21.85386781166759,1.6510357270514544,9.619921363040634,-3.4373457473064315,0.18209451540380722,0.0,3.138184407313838,LECHWERKE AG,1175.02,1736.552,1175.02,55.0,55101010.0,5510.0,551010.0,-0.5832397455941732,-0.26296406880545753,-0.6632424950924485,-1.0842377594849057,0.15270287644754926,-0.9489943295093566,0.4157044139806264,-0.3554512173078028,0,Mid,54.754125713460375,69.55133855486146,64.88285422498492,92.16801065227833,90.75478681362185,99.9513520666774,43.23528856542188,45.028719061584276
101161,1.3448575051725289,11.19709563389701,1.3521674942960675,12.23325728090189,1.1407864716145484,1.002422983731395,0.3052450558899398,2.862902455335817,GELSENWASSER AG,2980.4,2996.6,2980.4,55.0,55103010.0,5510.0,551030.0,-0.22518690042393547,-0.3206229124324291,-0.6435939023502796,-0.6728224734803497,-0.2703640657895371,-0.5547755363724639,0.4079899365765785,-0.24921701100139945,0,Mid,70.92240405773668,73.788010206756,87.66602742226192,96.72781121501033,92.11412843069374,97.86273243774458,46.046734056686326,52.79934478594691
101286,-3.6151839001215413,160.04571948660825,-1.889184022422906,14.456656633348143,-3.143522266133398,0.6402877004374935,-1.1546075347195581,,LEONI AG,5093.363,2661.635,5093.363,25.0,25101010.0,2510.0,251010.0,-1.609428521142559,0.16459535684331325,-1.9075532553229255,-1.8596051190561262,0.30884831167076965,-1.9265357341325307,0.00820946790038204,1.681007739620156,1,Strong Performers,11.815456520490168,34.77908908985584,86.4064966604745,32.35417238517411,97.74289983163553,23.594945435813198,46.30686482250384,14.917417664684645
101390,8.480072526936084,10.810068649885583,8.195726898968795,54.18548224034508,4.5022578688414105,1.9715157680569684,0.034324942791762014,2.6250800915331807,KSB SE & CO KGAA,2967.4,2867.9,2967.4,20.0,20106020.0,2010.0,201060.0,0.49095135967911474,0.7179094974565898,0.16975280718816654,0.7362441016842828,0.06791365710306958,0.36189034366905937,0.2195427259464222,0.15927543791729867,3,Upper-Mid,67.76514289482375,85.34036521035671,87.21906115200736,90.33525804939528,98.81908892906567,93.76962474306706,50.8917736688357,53.207656004940375
101768,1.3523843123419768,-2.1784482066918076,0.745373821175098,8.558835920536682,-0.29706927655529264,1.8219334445517603,0.06427023991013399,2.046898820508706,MCKESSON EUROPE AG,9257.1,5102.1,9257.1,35.0,35102010.0,3510.0,351020.0,-0.6210729632826416,-0.4401147277152551,-1.0395302629950185,-0.4140924635342528,-0.544046930041245,-0.41328027399134554,-0.08138646984290958,-0.3515499526099139,0,Mid,62.85264343247693,69.39617487336132,84.4496052863671,93.10987639887202,91.68502062174201,91.92449133533098,45.48689042173632,48.33127998755024
101937,9.317683459113244,12.006314886266532,10.603255679772431,51.98970384003828,6.0304099007731065,1.7026958942168635,0.02767517927049115,1.7923590157963738,DMG MORI AG,2235.785,2544.259,2235.785,20.0,20106020.0,2010.0,201060.0,0.00159940605292435,0.873501415859796,0.12243017858220873,0.5674137058483342,0.3319492800971654,0.2066417059656204,-0.14503076573054788,-0.041005777430878396,3,Upper-Mid,77.75882416003698,84.43329420644704,96.25913809122389,90.24027976691409,99.31070248180221,87.96686506018195,49.83425915767862,57.01421648199561
101942,8.55757507017892,9.235229155162894,13.98128416566293,53.631983693134444,11.553784860557768,1.2136648696226207,0.12157187557518866,1.6228142830848518,HENKEL AG & CO KGAA,21586.0,35267.0,21586.0,30.0,30301010.0,3030.0,303010.0,-0.5473890250484145,0.8486263547509112,0.038544407415545656,0.34714462837147775,0.7412699861408022,-0.006786460383942543,-0.39551608059026566,-0.22022364775934392,3,Upper-Mid,73.69577282218823,88.60807082659528,86.82437080449787,91.59070157697776,98.90406225480838,86.83014707970041,48.60039172864502,56.358993451892125
102175,8.364843290479792,9.95862361636666,6.774259402077757,51.583269065009304,4.897246291339654,1.4995994287505658,0.48321957774870045,2.5252325211302473,PUMA SE,8817.2,7140.6,8817.2,25.0,25203020.0,2520.0,252030.0,0.4544062830161389,0.6085591949992044,0.2648231860521018,0.5179414355890554,0.23653600620491091,0.22973379465539417,0.3312263524032717,0.033050596927901445,3,Upper-Mid,69.8291486181992,82.19229445985626,96.42708902044568,96.9834309968878,98.94592481978904,93.05412741950887,50.21173807794724,54.06846143893972
102187,-0.07236058915524847,-57.01549504386465,,,,16.126666666666665,0.21211689643386122,1.2202631878774068,PORSCHE AUTOMOBIL HOLDING SE,0.0,42841.0,0.0,25.0,25102010.0,2510.0,251020.0,0.043469324947350514,-1.101629933668529,-3.459450683346004,5.136638062461259,-6.531654010090465,3.6819930328607797,-3.798812321393673,2.591437186993597,-1,,0.0,0.0,0.0,0.0,0.0,0.0,,0.0
102218,5.306107935030152,8.103963782040841,4.869381289158914,48.854690763242836,3.1864972944750325,1.926212234869931,0.18690551411914144,2.0150701885809204,DRAEGERWERK AG,3370.88,3093.435,3370.88,35.0,35101010.0,3510.0,351010.0,-0.11521955217883877,0.24222327189201515,-0.41549847943886997,0.49145610495435604,0.12725017320260354,0.07087108787494459,0.07027905381150552,0.11862951826662091,3,Upper-Mid,66.0798467976567,68.97067370196108,88.68078597790833,92.54223421808844,98.3977528971805,89.48268244053193,48.26265612644175,49.48029688126374
102250,9.53941932957754,14.959508665902344,8.37686939228746,70.28088506410788,12.929692950350665,1.5385203104977778,0.7059486801422873,2.650662381602442,HUGO BOSS AG,4307.349,3782.421,4307.349,25.0,25203010.0,2520.0,252030.0,-2.0756674726259097,0.408410074809833,-0.4793339352232966,0.6019042731273421,1.6054245299111292,-0.2073165455439976,-1.4649555463783606,0.0628595308198293,3,Upper-Mid,38.45592309059622,69.75483861435139,97.81382598350406,99.5406275624933,98.46312980961524,93.95382844720037,48.43393221492567,39.2873997153581
102259,0.6067671256437943,-7.929932003422345,0.6342579182356642,31.602025630012886,-5.59645215098335,1.54984851487952,0.10478677894357635,2.3563065700004504,SALZGITTER AG,10011.7,10465.3,10011.7,15.0,15104050.0,1510.0,151040.0,0.24256310963249345,-0.3840394872364979,-0.7087484941627084,0.06155700217841638,-0.32529791261675256,-0.16984445064220438,0.7571618070229427,-0.1295250550786001,0,Mid,65.40922760985973,71.74251000795037,93.31434250432584,93.7085772288351,90.12068304945836,94.13248231965936,48.57799063799169,49.883050768417476
102365,-2.656919940957334,-21.216707021791766,-2.966101694915254,26.81261770244821,2.3775894538606406,1.4674361088211048,0.8056900726392252,4.305992736077482,KOENIG & BAUER AG,1274.4,1422.7,1274.4,20.0,20106020.0,2010.0,201060.0,-0.43667841443837235,-1.2170756807266867,-1.078458628988081,-0.1993086712742626,-0.18022719612241347,-0.3897508527128319,0.5143884936950355,-0.1620196557016298,0,Mid,49.1301177296806,50.10063296349044,96.17872441194648,95.51393477219628,92.48484125093614,91.47542698990937,46.74213460707256,39.22356716178996
102529,5.177639955249784,9.44252269602777,4.477698078984252,56.94385357407866,2.4759666914007754,2.3513525703669496,0.22969416193823686,1.8265367868501912,PAUL HARTMANN AG,2425.8,2097.867,2425.8,35.0,35101020.0,3510.0,351010.0,-0.7493667234037724,0.13750456574721426,-0.751296155804797,0.7174285311894546,0.3473792097597571,0.051715732844996885,-0.4379809832911473,0.27027190728124206,3,Upper-Mid,56.617296345534065,67.54767349519942,75.87395619269137,93.1707677443187,98.17097255317066,88.19780702280707,48.29139445741804,45.47353001168538
102926,9.463867146995709,8.740386542627023,15.106153541513084,69.20539320588705,7.063045589122931,2.972824669346672,0.26649374879412263,1.6710391494139045,KWS SAAT SE & CO KGAA,1676.628,2676.221,1676.628,30.0,30202010.0,3020.0,302020.0,-0.05421685983395518,0.9717792587740651,0.02522656408485549,1.3248897479797146,0.1255648502070226,0.6465086038428254,-0.5992364303731365,0.36278289993377094,3,Upper-Mid,53.55392602647853,71.77814755730013,60.40525992871725,93.71473978024466,99.6442901272196,87.1519690512611,53.29640922192691,45.148673900075906
103176,-0.4738690212388777,-15.715329228842743,-0.3966781769926657,13.849490596729547,-0.49085357153049286,1.764934188322646,0.06782844620682459,3.060941250130439,THYSSENKRUPP AG,35041.0,29333.0,35041.0,15.0,15104050.0,1510.0,151040.0,-0.5167523754261212,-0.7689827224567103,-1.1065627752350464,-0.2978335610311217,-0.4957683653187077,-0.3767404744000186,0.1719856146937177,-0.3545707547749497,0,Mid,58.04553114947338,61.09519024177491,86.23413423491526,93.16230138668813,91.62734149066164,99.36083406217429,45.74062474890431,44.75348064681315
103200,16.704980842911876,15.919873484449129,12.368794326241135,36.9645390070922,8.709219858156029,2.2155172413793105,0.027411702688455455,1.3758566157090142,FUCHS SE,3525.0,2610.0,3525.0,15.0,15101010.0,1510.0,151010.0,-0.8044010982653264,1.4341539207299216,0.39124041036821494,0.5437482428473299,0.3498949278546269,0.30212294044975085,-1.45271267253241,-0.396017711830421,3,Upper-Mid,36.03610047677078,39.39704888489825,79.750812268956,90.23651859977942,99.82192093891041,85.20064001863446,50.51653722170113,31.317501827665904
103255,5.101514369821857,5.793674253621046,8.852959764061513,27.048662313039816,9.353275753107225,1.3428449289302127,0.4309784215193615,2.435042861365652,BERTELSMANN SE & CO KGAA,18988.0,32951.0,18988.0,50.0,50201020.0,5020.0,502010.0,-0.24899129881294219,0.24426808592855148,-0.20611957722686958,-0.1749667692808791,-0.03490447500444018,-0.17199340974099658,-0.05021631369236108,-0.2840206550714848,0,Mid,75.8692579256209,76.77391707882168,99.32763854615487,98.6710107505066,94.60380830103836,94.70277429721534,50.971866108340265,55.56958766106336
103269,7.90256763440292,14.410060644031915,7.011932035466742,50.197628015445574,6.192033116540652,1.3366467092393541,0.049201074461962445,2.47148575276343,KRONES AG,5352.733,4749.469,5352.733,20.0,20106020.0,2010.0,201060.0,-0.23560343091336272,0.5693499621210822,-0.06552180985243751,0.3320190542046784,0.529891270962154,-0.023515657275297065,-0.04797778812311665,-0.023594976950845028,3,Upper-Mid,77.15139542987399,81.59479980761549,90.83142094802074,90.54809530366742,99.36284021703995,92.67124667288911,48.36763624814063,56.23432766383944
103487,10.984592968349478,6.875000000000001,23.82373595505618,76.9311797752809,12.941830524344569,1.1217044918496777,0.14788732394366197,1.631205985915493,SAP SE,34176.0,74122.0,34176.0,45.0,45103010.0,4510.0,451030.0,-0.34827578780375784,1.4546712916956959,0.6010605566989912,0.8483429292425092,1.1793437006261323,0.27818674180230235,-0.49077669426873305,-0.16228608716848453,3,Upper-Mid,49.334809815584215,51.723746565786655,83.94402167929364,91.97278278065207,98.4592488836654,86.88606241977763,51.680480350875406,39.27595151745622
103533,7.851335805146843,11.458533968350013,12.85087197651675,77.84760375116312,24.734619101827708,3.2842451500975245,1.2955293898785056,3.077364236058587,SIXT SE,4002.172,6550.656,4002.172,20.0,20304040.0,2030.0,203040.0,0.27199129950962936,0.5905618201675894,0.1235894615680721,1.4773393224831646,0.03491207989715947,0.8827038798691963,-0.3634327763248719,0.7869578677416641,3,Upper-Mid,46.004240464889314,66.56094805944925,53.88361473968229,90.67647159357956,94.75992753665588,97.08017396636484,56.54504162477351,40.78153295720353
104357,20.669590702413874,-101.7000007610524,32.62127879492617,80.51053755595584,32.29489196440107,0.13032650676890445,-4.926463313469866,,KABEL DEUTSCHLAND HOLDING AG,2631.54,4153.164,2631.54,50.0,50201030.0,5020.0,502010.0,0.48104554114919346,2.6087690474901364,1.4462505241969748,1.6353876569800663,1.6787014144608037,1.1358915745871188,-0.05006223328855982,-2.2722029433638413,3,Upper-Mid,12.332546644450451,16.690164240666334,58.34926583876218,41.21335307168142,92.46176774463272,94.9302449798079,49.64828552373058,12.39238681308159
104364,-3.619673127323022,-304.8581565296055,-17.10281505620204,41.78591481069656,8.068873647242745,0.6217871931228006,23.839936675760104,30.332197831710175,TELE COLUMBUS AG,454.165,2145.912,454.165,50.0,50201030.0,5020.0,502010.0,-0.8304749008107997,-8.686623870141736,4.047628170342958,0.6121865316085356,0.8451476202987567,1.0534171046234573,-0.8925050618152309,-1.6618681038241574,5,Challenged,100.0,100.0,100.0,100.0,100.0,100.0,50.0,70.0
132740,10.346031635182792,10.337417968523143,19.81277164827817,54.79772651287195,2.3269809428284853,1.9030314807617568,0.26685637958069575,1.663220860677159,INFINEON TECHNOLOGIES AG,14955.0,28639.0,14955.0,45.0,45301020.0,4530.0,453010.0,0.2870969951901389,1.2868436535855265,0.5533889264317912,0.7429434363700426,0.14994757082014631,0.3983795049278295,-0.2756712877457995,-0.06459955291089638,3,Upper-Mid,61.79340936168411,67.77830058159584,89.43816479720059,93.72011596595063,98.12348703806755,87.09971388683988,51.64046003273877,47.64503545758788
200759,6.052998605299861,4.9745618993781795,11.952630129440925,36.394932525475085,4.43404020930873,5.056214865708932,1.1982287544752213,2.7020915771622382,BIOTEST AG,726.2,1434.0,726.2,35.0,35201010.0,3520.0,352010.0,0.37201881382980895,0.2654637136729704,-0.3700182297866665,1.3259728590748814,-1.6768380001373369,0.977853046536058,-0.8730453048352904,0.7190458686954958,2,Top Tier,16.199168381705455,53.26511535896916,28.9904764383635,87.17216739407253,97.52691118652243,84.69694829476997,48.11389948403001,25.849907163883266
202305,4.09873708381171,5.332105209292806,8.17569733889067,29.835570008702422,6.980259240599093,1.2705072705072704,0.552911677412752,2.228533415208269,FRESENIUS SE & CO KGAA,21833.0,43550.0,21833.0,35.0,35102015.0,3510.0,351020.0,-0.6014501900591713,0.08765791650817113,-0.4155579396808138,-0.19953312425052883,0.15432676479795623,-0.30247493515794643,-0.18187714270181107,-0.2722660520800832,0,Mid,75.75058557654725,82.62353738981123,96.72632519162515,99.41073486805348,93.87757615802639,93.21431262634289,49.743222499564254,56.7660151953865
202807,5.914235532436634,11.86195307478301,7.81893675754152,35.10312907325157,8.151733234617065,1.4295946527914067,0.885107429210336,2.9258934237216896,JUNGHEINRICH AG,5391.884,7128.36,5391.884,20.0,20106010.0,2010.0,201060.0,-0.028349497693075276,0.26631648333406627,0.004436892909073955,0.012424866611337888,0.03874507399767479,-0.05918664470378426,0.0431778330147684,-0.05837039843139002,0,Mid,69.45886275583408,71.0484798413967,97.52326223208942,94.32146835345763,94.23539174597094,98.33677342532252,53.439778800192386,51.425387905958736
203162,5.816661765123392,7.194612900685201,4.328910906132253,38.39518102370826,2.4596495251846413,1.5033992575605923,0.665582625612554,2.3597930383391517,HORNBACH HOLDING AG & CO,6199.989,4614.193,6199.989,25.0,25504030.0,2550.0,255040.0,0.009996170332922731,0.1855865499578321,-0.15918238492911685,0.16786917462131729,0.0706505608872162,-0.03678978879116681,0.17156985478344514,-0.07461441068610565,0,Mid,69.40703827002994,71.90900728025312,94.91810792684805,97.65455168254562,92.50949021668367,94.15766221130555,52.29441097499737,51.910071932317166
203586,3.759851845471381,3.344021988089785,14.331445456784042,51.826315357465326,19.61749979479602,0.7558077673346338,4.339746526187204,7.090853565429837,VTG AG,1218.3,4643.8,1218.3,20.0,20304010.0,2030.0,203040.0,-0.056498343292906164,-0.45511721269399075,0.9266922814430758,-0.07940321731279638,0.5878955668561701,-0.0416924355118403,0.014590729607405997,0.2247738923504896,3,Upper-Mid,43.29989486998191,64.83823588332095,73.39933752808369,56.02073508503705,96.34775049691542,75.71038039649642,52.62877150355253,35.88967863316066
204820,10.599350681969668,16.917223407934994,11.090111990728388,79.87793028272404,14.591876034620135,0.6443911403378236,0.5195994799422998,2.634707289594064,FIELMANN GROUP AG,2264.116,2368.947,2264.116,25.0,25504040.0,2550.0,255040.0,-2.24750460233874,0.6602870712965251,-0.24384934016096974,0.48666455936345415,2.2642897513120808,-0.37726231763019713,-1.3854589035616347,-0.09866198005391728,3,Upper-Mid,31.602574122427125,59.26459055833031,70.45962705172701,97.54318679131711,97.93307681601074,93.83890237050046,47.85121676223189,34.24826643976863
205865,8.095577746077034,3.8694992412746583,11.587544665645739,42.700357325165896,25.370086778968865,0.8961424332344213,1.507587253414264,4.254931714719271,PROSIEBENSAT.1 MEDIA SE,3918.0,5608.0,3918.0,50.0,50201020.0,5020.0,502010.0,-1.1919391867484306,0.20519560443372134,0.14593921251576297,-0.11914966332506283,0.9428210057650873,-0.21120509705602325,-0.8477693510472037,-0.31284222992468125,3,Upper-Mid,55.76391054018198,85.05595690688844,77.27720334151506,87.68507415343203,94.5645797301842,94.11036015168631,48.49848530802152,48.08526301279368
205934,11.354129263913823,19.983883964544724,15.16424889102026,30.610678176078014,13.067977460736122,0.7117007394519357,0.284716626376578,2.244157937147462,FREENET AG,2502.3,3342.0,2502.3,50.0,50102010.0,5010.0,501020.0,-0.21041472686603363,1.1532813286482744,0.5881625501572136,-0.23467156512850929,0.4526178752370425,-0.12316338012365632,-0.3626952378597791,-0.48829726017942937,3,Upper-Mid,53.046219746072076,58.75424963485738,72.2211918128966,93.98528522192996,98.41892311423742,91.06915713598688,48.319600096324486,42.367866347593306
206703,5.4005535193357765,-14.47107586952604,7.034294621979735,28.11769290724865,2.240841777084957,2.769831483764899,0.4375563164534151,2.409262930257704,SGL CARBON SE,1026.4,1336.9,1026.4,20.0,20104010.0,2010.0,201040.0,0.6382247124150813,0.14945633567835373,-0.15853456191512463,0.5687853707193752,-0.9504221337193551,0.46721157738124464,0.16938007976575856,-0.13157154100182852,3,Upper-Mid,46.11467559174089,59.644841440771316,65.07546455769052,96.28538177096398,98.0960427934337,92.22995152400424,49.41475120899565,40.00337670194702
207096,2.5396974167793798,3.3451652481229694,2.954903394858046,-3.916661809617467,3.5848156734157715,2.233180932338404,0.08873781762903861,1.4325472826464392,RHOEN-KLINIKUM AG,1595.619,1856.481,1595.619,35.0,35102020.0,3510.0,351020.0,-0.06951198967793153,-0.1434705934037755,-0.7991786414103569,-0.4751230945692066,-1.1605955505907728,-0.2027003895219011,-0.008954389749294113,-0.35522909956177356,0,Mid,54.50017740037305,61.66611198676238,72.62302603538366,93.47096744615952,92.84812768334237,87.69269261520614,46.99344912306765,43.48039010211765
208821,4.3026823715728,3.038194444444444,12.85828378738131,54.973821989528794,16.750968734285802,1.4631731967326596,1.5070529513888886,3.654152199074074,SARTORIUS AG,3380.7,10103.0,3380.7,35.0,35203010.0,3520.0,352030.0,-0.4363405997698414,0.08798046266891311,-0.013752745682634071,0.31232017137259777,0.5050018954520707,0.019273823894378133,-0.20248257074060666,0.09927031581190134,3,Upper-Mid,65.88753802694042,68.97507898351111,95.14705133338616,87.69248589174961,97.2488226619994,98.5491988097164,49.86781243668901,48.919279596653354
209440,6.439495572846794,9.530367717945188,7.936507936507938,31.704695767195762,6.671626984126985,1.29873417721519,0.2348161410274067,2.0531607216636827,VOSSLOH AG,1209.6,1490.8,1209.6,20.0,20106010.0,2010.0,201060.0,0.6731608866907794,0.5547220698973252,0.17220546381830637,0.03348381068962386,-0.23264618315738275,0.07363364218040899,0.5700801121939234,-0.18687169870478693,0,Mid,56.67060212762173,69.07231765485479,97.73317957904685,95.65610806725512,93.78353370455841,91.96865979962844,52.95002573548033,46.048315188745164
210326,2.4404136246129373,15.108517694471265,2.815025264937772,21.04018796327245,10.656495153457463,1.3779065559841213,26.279333361319843,59.10918937072331,BLG-BREMER LAGERHAUS-GESELLS,1220.664,1408.04,1220.664,20.0,20305030.0,2030.0,203050.0,0.39019727367443435,-7.653021623896067,7.4727298430277065,-1.5149689438581637,-0.12650856729874704,0.024264314865553024,-1.912869383140916,3.7693012028625463,1,Strong Performers,1.240222606240234,62.68682673037155,88.29379589449957,4.0298143706305325,97.82550855247861,5.632357351925334,59.33857271798763,13.436435825633456
210332,7.212355069788052,11.182831758256489,7.19166082866243,24.42342829620122,5.643944373774746,2.161501799220204,0.3172295164430767,2.2046008672250257,CLAAS KG,4997.427,4983.088,4997.427,20.0,20106015.0,2010.0,201060.0,0.1934319176060208,0.4594570938003098,-0.09272277053334238,0.14264072273648748,-0.533579061704676,0.14005111494545974,-0.09804302430209841,-0.09237598332758994,3,Upper-Mid,56.62314230246397,61.253375860825756,81.3469535349426,94.46992829337162,99.1861441714996,90.79322187915109,48.56465522238983,44.3469249224879
210334,4.981314221235958,5.3402149050645615,8.257998787225555,33.8554673103311,8.777602636730197,1.1912488792418996,1.2755381115394944,3.033837824155675,COMPUGROUP MEDICAL SE & CO,1185.711,1965.666,1185.711,35.0,35103010.0,3510.0,351030.0,-0.44867869769793467,0.04291323328655645,-0.09903154065045415,-0.13755224765943533,0.24409194960940186,-0.21384614627820364,-0.15494703984654415,-0.19817318251011593,0,Mid,72.22700339754257,76.2855815344645,93.95428657146863,88.67208641260491,94.42711622511297,99.1544583679251,52.01604682229373,53.01512630717042
210340,6.1144775894864365,9.119466047446236,8.777417407335033,30.157628916952024,-2.1602116932266826,2.426546687744045,0.0396290305434368,1.7111672291205915,DILLINGER HUTTENWERKE,2287.461,3283.682,2287.461,15.0,15104050.0,1510.0,151040.0,0.6106776189746222,0.5467122898726238,-0.11360757370742319,0.3993571691480394,-0.753714970361468,0.27270753317055785,0.2050011762818534,0.028357723066469206,3,Upper-Mid,51.949957285851966,65.62094186309629,73.80948808483907,90.41108776628107,96.70401875504345,87.420667246857,49.02336596110709,42.94528006358816
210359,10.186036301773932,22.955031030623665,16.764324019192774,40.317245272368055,-1.3355913068021446,1.2224958949096882,0.669371248346729,3.7078543086784004,EWE-ENERGIEVERSORGUNG WESER,8857.5,14577.8,8857.5,55.0,55101010.0,5510.0,551010.0,0.13089763562477957,1.0235616287920097,0.725599905338098,0.12824203051090385,0.23660339365044517,0.013960212370498904,-0.23543340688932593,-0.08592907393132475,3,Upper-Mid,64.25438504961362,67.35726795426346,87.10612121570247,99.88186863746716,96.96332836028073,98.14404426161401,50.010562915906995,49.16139447444486
212782,4.5860318383949705,3.6902594939561544,7.9612186838487915,32.26893548164713,8.723592979259468,1.3997632533930735,0.6696120340576855,2.3027773419563995,FRESENIUS MEDICAL CARE AG,19335.909,33566.579,19335.909,35.0,35102015.0,3510.0,351020.0,-0.5856538257175631,0.09075064405729588,-0.3745993353948448,-0.09215487283698884,0.16197679358731004,-0.21876323488935492,-0.23393602817043835,-0.24268126778565938,0,Mid,74.20938935835375,79.509016824603,98.59643238333034,97.59232386007241,94.41055591547948,93.74672902529576,50.59422205329773,55.344791494269344
213034,2.3398745258243365,-19.005068071151744,2.069648810679144,13.756376425995997,-1.8992291829172403,1.1566742521783393,2.34069363013018,6.756601411110007,GRAMMER AG,1921.727,1699.792,1921.727,25.0,25101010.0,2510.0,251010.0,-0.5374664283495462,-1.024307590883549,-0.07977651075721166,-0.49580096348698005,-0.13817796105626756,-0.3969784832785802,-0.1076385058676792,-0.394264083464293,0,Mid,57.799455520406184,72.3077865420937,92.77007107412281,74.92174980953376,91.20923278817237,75.7983219235246,51.28801350929123,45.073514497534596
213037,6.840769104325867,7.69974037442853,7.161953876463089,55.52335148916444,5.9882952833468535,1.6556608541009448,0.7756941149147795,2.5902761550184,INDUS HOLDING AG,1725.8,1806.829,1725.8,20.0,20105010.0,2010.0,201050.0,-0.21267294207758364,0.33590966844749115,-0.07623162566087129,0.5339903919587433,0.45332789182285077,0.10073286030649552,-0.0835392073188712,0.09401097112457309,3,Upper-Mid,80.174643049973,81.23698935839884,97.93455910271844,98.44840348990842,99.29712129869559,93.51960088702447,49.49042252753629,58.16209544065981
214700,11.412562801021007,31.478027629657074,16.00324297433654,52.5675644197092,11.938199276381898,0.8612749327902864,1.1019469817233194,4.814072023892145,STADA ARZNEIMITTEL AG,3734.843,5237.176,3734.843,35.0,35202010.0,3520.0,352020.0,0.2313476955203697,1.0725462800046752,1.0402434675025984,0.18122651149828595,0.6689128764932118,0.08607343836750772,-0.11315314152797236,0.12198220125991331,3,Upper-Mid,56.123168912326534,63.1776845615883,76.29499059346195,93.49625995020142,98.78067192217435,90.15898859808725,52.24097261722221,44.43443047226842
214759,3.265869365225391,0.9157509157509158,3.0682800345721692,54.451166810717375,1.08038029386344,1.3329425556858148,0.07875457875457875,3.9816849816849818,HEIDELBERGER DRUCKMASCHINEN,2314.0,2174.0,2314.0,20.0,20106020.0,2010.0,201060.0,-0.11931265478385034,-0.1333664074155737,-0.4147248528521354,0.38225506288806826,0.45579636316868516,-0.10714683593636413,0.4317726597396699,0.12065127717138256,0,Mid,62.18819675204153,63.40940680267478,98.96745086255126,93.32346659122423,92.09606070884432,93.77976329789405,52.62122761456104,46.88950672047399
216524,9.439976850447357,12.153934857176363,17.36798266579271,25.742557253547126,-8.19567961484628,1.538516073129337,1.8104740591621145,6.281474459830546,ENBW ENERGIE BADEN,34936.7,64277.7,34936.7,55.0,55101010.0,5510.0,551010.0,0.5360248860854715,0.587714439605946,1.1271450785236745,0.0005561560570068053,-0.36942612857996576,0.11328639775382934,-0.19470674381972572,-0.08772920287486083,3,Upper-Mid,51.32813074582012,60.26433713617637,97.81367392727462,83.5827286210882,94.82710296320012,80.56025395849366,51.03008201102931,40.942392587672146
218000,8.452944783618936,9.475840251911569,13.181906582528743,39.989800920785065,7.518011950309512,2.257210994682095,0.4830585513210467,1.8118733319657578,JENOPTIK AG,1115.787,1740.009,1115.787,45.0,45203010.0,4520.0,452030.0,-0.017698382597963393,0.7618214779728866,0.07822444179767767,0.48189955995154793,-0.18644459864403679,0.2816629319754774,-0.4130990411988368,-0.04221443002780631,3,Upper-Mid,69.62720636454256,79.80977035021908,78.54022269812249,96.9809605336236,99.79162004980508,88.09865070453246,50.2383116585722,53.51093266922321
220295,0.6613982923919302,-21.64513652158484,0.6453201533328601,28.128549371761192,3.3111756406616033,1.4134184476268248,0.5035133365470221,2.7624686155020184,ELRINGKLINGER AG,1803.136,1759.303,1803.136,25.0,25101010.0,2510.0,251010.0,-0.7067721228011384,-0.7003208248696854,-0.9321326654695847,-0.11022313301431182,0.04536677127097427,-0.3308009429896195,0.09446271782413167,-0.4218160662022918,0,Mid,63.6596775296982,68.15035983307686,98.10373552959418,99.80973866311878,92.76565725987392,97.11163551089723,46.54333716017964,49.07491684480653
220301,7.923672115888068,9.2838994383525,19.313669880884856,67.73492153526186,13.632066553223671,1.190897821852311,0.2339194971917625,1.7239569403583845,MERCK KGAA,21156.0,51567.0,21156.0,35.0,35202010.0,3520.0,352020.0,0.2786517320756374,1.1142007501112394,0.4484376067360246,0.6587202058349065,0.658556600213859,0.2743697337918543,0.16733986579841395,-0.00891232992045791,3,Upper-Mid,62.35201713787295,69.25287141800861,86.10219324229014,93.23306590587444,98.2388010223097,87.50648131015693,51.29720035861279,48.11468772933835
220303,6.086322708785568,9.135129201519245,2.779140699777534,9.742126363558114,-1.7994081565774973,2.1471839155697876,0.05168192495993326,1.7225914948736527,AURUBIS AG,17183.261,7846.232,17183.261,15.0,15104025.0,1510.0,151040.0,0.2859327553053923,0.2540391481020989,-0.33549359050766997,-0.11429631678425319,-0.8741499921829551,-0.005162080571302083,0.09457326680699878,-0.23886349634191176,0,Mid,56.87444511413181,67.52909605572255,74.95076721453961,92.92464260322994,91.23880403350823,89.66574532286788,50.32027221795968,45.54806151712023
220307,1.609573263036106,9.483700384731083,1.5599287599520366,15.704983837819775,-4.729640884580714,1.665228664922948,0.6773694737786503,4.570526115799306,PFALZWERKE AG,1787.197,1732.074,1787.197,55.0,55103010.0,5510.0,551030.0,-0.07745550362245222,-0.475144677002034,-0.5092649360453793,-0.35792544514805635,-0.5303618284051522,-0.35155024599006807,0.25942555341842716,0.01827987078843011,0,Mid,72.88814446580744,78.24880724195502,89.44686005063987,97.47263414108443,90.37472111768237,89.6378044830536,50.24192151061959,54.55228264882243
221244,6.405228758169934,13.805697589481372,5.586285521259975,55.715069881349486,10.518093146983068,1.2409048264359428,0.8053323593864135,3.7719138056975896,ADIDAS AG,23683.0,20655.0,23683.0,25.0,25203010.0,2520.0,252030.0,-0.6670031971329508,0.14370357453286572,-0.16833288593146553,0.2814725302053222,0.8220751269519543,-0.14184638032503089,-0.2298439365059364,0.12935725216867536,3,Upper-Mid,67.35424752119819,74.7568906500588,87.69639390982225,97.98790027366266,99.23726882863374,97.66292655093682,48.542350488749115,51.6918671658573
221614,-0.5625879043600562,-10.44052348679598,-1.8013204594893715,3.350761363202687,-50.78426134412091,0.901539934572728,1.9473007712082262,4.901729376022435,DEUTSCHE BAHN AG,26203.0,83898.0,26203.0,20.0,20304010.0,2030.0,203040.0,-0.38680008908863217,-1.1429860692208378,-0.46864512486739063,-0.709280882659439,-0.4433923260060114,-0.8890430784305732,0.35183253530334907,-0.4416429879058889,0,Mid,48.959886557541665,55.64933287906633,84.48076189326122,79.73243857236808,77.82058027102816,87.38900451272283,45.94961926448479,38.68706505606674
221616,8.001403582414556,17.708859959555106,20.607785670245025,42.778955547860164,24.22020828230445,1.0562503552953215,2.1227407735085944,4.817587209302325,DEUTSCHE TELEKOM,118397.0,304934.0,118397.0,50.0,50101020.0,5010.0,501010.0,0.1997966084309837,0.6859501260876909,0.9766301430976468,-0.04388756997812156,0.2681029164955501,0.12781639622511276,-0.18187973623426507,0.014798917734624575,3,Upper-Mid,58.88908612286993,68.24517698337802,81.95228902831533,79.55417779123736,94.91835701761194,90.13467947716255,52.549681500754936,45.16008762494731
222247,4.13440320453886,-0.3588146417242324,9.774630791826679,81.85508422975441,-1.098701135094548,3.4007087974938144,0.29213360508147984,1.6232439397257303,SOFTWARE GMBH,1000.181,2364.646,1000.181,45.0,45103020.0,4510.0,451030.0,-0.8619096095947552,0.16580575061314154,-0.9358068388014085,1.5682971222760316,0.3612457684615841,0.4333878216991494,-0.7485561704643579,0.6371595236426134,3,Upper-Mid,38.127288974263365,54.64632804432814,51.629841293337485,94.09562470199319,97.03794917799642,86.8330090805834,50.99831876556149,35.589743668770296
222340,3.0422778517086395,5.068676090351879,3.5296727800181595,24.405421101596474,6.265136557618198,1.3023979142368434,0.9942512895223845,4.083795166095733,DUERR AG,4290.936,4978.375,4290.936,20.0,20106020.0,2010.0,201060.0,-0.5956246158064404,-0.37015205160926506,-0.44082004034692784,-0.3383116102403794,0.04150748346460667,-0.3764358694957906,-0.09898676764016542,-0.14662467239716576,0,Mid,80.4343950862202,95.59031353960076,97.86463130783532,92.70690440659516,93.65981690116186,93.04803662782427,49.94578732806941,60.56251118306775
223089,5.0099031036552155,6.905259376777323,3.764985442126982,40.50557139651597,3.279557681467171,1.5049629393530888,0.9277199389349537,2.630632502170204,HORNBACH-BAUMARKT AG,5847.008,4394.077,5847.008,25.0,25504030.0,2550.0,255040.0,-0.0895250074624538,0.030810503500885034,-0.22096871103369276,0.16704791871848887,0.13049811323914212,-0.06803942087905401,0.15668554062815662,-0.0063885426400956714,0,Mid,72.41114642935875,74.5651245674667,94.86367258322322,93.687782631723,92.75613287025153,96.1344389834409,52.373348572877916,53.24626174840915
225236,5.368135231849235,-0.9952006244396074,10.123339715407322,41.77832662841635,2.836431098722648,1.0572405568121908,0.7105895177555144,2.4963590042514014,UNITED INTERNET AG,6329.186,11935.709,6329.186,50.0,50101020.0,5010.0,501010.0,-0.9241277544835859,0.1617462757212004,-0.2801714691080391,0.006300694709565554,0.6327714675186482,-0.30889603404563554,-0.4190552822318079,-0.34773646406200415,0,Mid,58.13632777726472,66.4318626116706,89.44690276180435,96.96173934122287,92.6227511283518,95.14928295005909,50.83576938148443,46.23707756736229
231016,-11.906958013848811,-386.82541947848074,-101.25651549870321,79.93142463844754,-124.30270524345512,3.0798002345730393,5.154396623784379,41.31197374054517,MORPHOSYS AG,238.278,2026.311,238.278,35.0,35201010.0,3520.0,352010.0,-0.9455334954508355,-11.193923607031632,-1.5300140597863305,3.419540939188708,0.9630613999406759,0.5695403759310947,2.0709876285238757,-1.1316039024819307,3,Upper-Mid,0.16195431712423622,0.3572652290795952,58.08052633467455,49.24704495730005,65.04029823262462,5.483266342714751,36.658614617450084,5.060939268395618
232623,-4.126479344858201,-20.58507650717829,-9.902417540500421,27.100369275013897,-12.453213244714023,1.97908788832944,0.41231778693472615,2.0078234167082227,EVOTEC SE,796.967,1912.502,796.967,35.0,35203010.0,3520.0,352030.0,-0.39850016268828614,-1.370582456810061,-1.6672317029171142,0.02980663882205776,-0.44131225181465444,-0.4016104778796897,0.6964104017492844,-0.059162043106461795,0,Mid,37.88504340611904,39.552877388380935,79.71838728540615,98.38016390694047,88.13616212169177,91.64935085425513,43.42833591463478,32.90260923081785
233025,3.0806115022005893,5.828069087348736,2.4923058875486492,39.18476910762097,9.81028089835951,1.2429958172204245,0.2477360548294593,2.451046867759121,CANCOM SE,1738.992,1406.896,1738.992,45.0,45102010.0,4510.0,451020.0,-0.6418355590449585,-0.1531954559523732,-0.7005014809791258,-0.05213633667342285,0.38578159296195647,-0.31439516394988093,0.053072700722091394,-0.09630968808649897,0,Mid,73.66966531470321,80.61327286695182,95.75497356734445,95.851814654715,94.74431285568978,94.81911416929208,48.686596615492334,55.17570216474315
234919,10.285252060344996,31.04969341462203,14.894720782288836,29.148085206077525,12.965382138084774,0.963440304797599,0.09418407976185954,3.960516360470789,CTS EVENTIM AG & CO KGAA,2808.579,4067.28,2808.579,50.0,50202010.0,5020.0,502020.0,-0.6272602618112316,0.9527447206146277,0.36390352283364946,-0.32932903601178154,0.45601949656257545,-0.2744517193337517,-0.6702692432543198,-0.21645072698815498,3,Upper-Mid,53.94025998385828,59.39480564695311,79.20887388565983,91.1947361855868,98.45171881443633,96.2600809379735,48.00717123016473,42.57453874149262
238136,8.330651905813248,12.843574968897892,5.57152331470804,20.278072657991213,7.445333331641758,1.64043992916163,0.29755535861332205,2.2063301814437866,BECHTLE AG,6305.762,4217.281,6305.762,45.0,45102010.0,4510.0,451020.0,-0.17461064268961451,0.46693871305772955,-0.07854310376015095,-0.12845204094663099,-0.2007151889450116,-0.06765549997255914,-0.25506443684871966,-0.2973312736452713,0,Mid,57.58375552851912,58.71903005107482,90.26401389029708,96.61021706740257,94.01946570397361,93.05567742548467,51.4086117474919,44.438329928362876
238442,5.523105033596605,8.753796474207485,9.07059440198981,55.91824703902519,7.7683995223914115,2.131519684970158,0.2579995954345821,1.6619508183633516,CARL ZEISS MEDITEC AG,2066.127,3393.2,2066.127,35.0,35101010.0,3510.0,351010.0,-0.1532711850686681,0.4273128203228072,-0.35535531297375533,0.6726837490352123,0.1743587472179979,0.1960391834352209,-0.08895239858476575,0.19842005016126707,3,Upper-Mid,69.1704015497934,76.16608728277757,82.24666305151767,93.588897819054,99.87279495831204,87.0912282526954,49.5625316413514,52.26026785837827
241456,7.6164579606440075,14.004118858487791,6.321716199843204,15.742522509680946,6.872876725346257,0.951631949364697,0.7886353129071576,2.936788130962888,DEUTSCHE POST AG,84186.0,69875.0,84186.0,20.0,20301010.0,2030.0,203010.0,0.36101905440355436,0.42233549082643895,0.329128623039781,-0.43755355773410287,-0.22924606077348947,-0.15613485247264158,0.28419014682206795,-0.3734678669722367,0,Mid,55.88881688110862,61.47630899869293,86.0476249696528,95.77197508322229,93.84484524590285,98.41899457727101,51.48078758981111,44.227986060504264
241840,-11.29224991464664,-33.54995938261576,-11.643052010912612,51.50928451993312,7.515620874768988,1.5329082682023858,0.17140536149471972,3.1724884917411313,SCHULER AG,1136.3,1171.6,1136.3,20.0,20106020.0,2010.0,201060.0,-3.182648742413301,-2.5246176078228557,-3.2356999369256756,-0.12737418019875288,1.127924888123569,-1.1381097585926148,-0.45077974431642875,0.02297023041632456,1,Strong Performers,9.41341943530344,26.744535321806715,83.41306107362088,39.905329932148526,98.8284089023234,24.306033712080765,46.093125190078595,13.104807831697572
242158,8.310987378093564,18.0683413949134,23.606461941493233,46.51433561344783,35.22534323000048,1.6778509146862712,0.7156082592188069,3.0451448483902843,WIRECARD AG,2061.3,5854.9,2061.3,45.0,45102020.0,4510.0,451020.0,0.4743069988058551,1.1609525430271757,0.7098001619863299,0.28046933694247367,-0.033504243269164166,0.426440428829576,-0.12488247106132311,0.06062468930556304,3,Upper-Mid,57.202265147750964,62.962071872178825,97.14053078737427,99.38863720769487,91.58603767584043,96.8405215752326,53.44577567968615,45.41218415430564
244394,4.731161033700287,8.400305695997723,5.857605422183909,19.73142168527728,1.3499340241851587,1.2004183041835663,0.6717545619160621,3.61511496877632,MVV ENERGIE AG,6361.422,7876.016,6361.422,55.0,55103010.0,5510.0,551030.0,0.15791899676886145,0.06096529034288216,-0.020865687870296794,-0.3331292812092465,-0.26997114148611806,-0.22701666150519578,0.2933236814811075,-0.23005004050777664,0,Mid,75.06121828443696,82.04431645826665,94.27087676443234,97.55925206487692,92.1767126609371,96.45435361930892,51.2401802248649,56.189275811915806
244398,2.3869309973741046,-7.609128373745788,2.0902236373212872,39.27750862424849,7.783129214256228,1.3417112044536021,0.14071312194510588,1.7006646122542262,TAKKT AG,1053.715,922.733,1053.715,20.0,20201060.0,2020.0,202010.0,-0.986252473466895,-0.30244077866418084,-0.9709929042641642,0.023193527318056184,0.45115748813020556,-0.3403880040247014,-0.13478205757565312,-0.29280654715691706,0,Mid,62.697856255573434,76.2105851236971,99.28633423347141,94.24266949276681,94.12265834879197,89.51504687241074,46.819459073805675,49.74552647624547
245628,3.171732239418236,0.8919378348804626,2.447037708124253,19.99916424904008,3.638434953571294,0.9982157078671239,0.4249413517562171,5.68428671218551,NORDEX SE,7298.825,5631.15,7298.825,20.0,20104020.0,2010.0,201040.0,-1.1913708350315675,-0.5527699398413908,-0.6005528480681819,-0.5478331110231819,0.3370303977758653,-0.6324601203378728,-0.40463118335179,-0.3139761529087768,0,Mid,59.00322504550329,88.01062145781228,87.53081852504516,98.57682230356181,92.86429620561346,82.29718720694765,48.14955394061516,51.061096540119955
245839,3.511613209037763,9.331897444393821,15.842113469805982,31.973804379301896,-1.5815383244603836,1.6058305741742713,2.3005633102762704,4.194342045313341,FRAPORT AG,4489.3,20252.8,4489.3,20.0,20305010.0,2030.0,203050.0,-0.4597979145912121,-0.03363253927388245,0.13923177520797322,-0.12605980891197652,-0.08263193190840265,-0.20964666671181642,-0.4504026717092509,0.02060054763137757,0,Mid,57.307265267794016,64.2703553534818,91.41740411519885,75.3988933200842,91.30337967288351,92.26228725292457,56.16375446316354,43.31686650982239
248166,3.571736141172149,13.842840833217496,4.827384728518385,18.681391528759182,-1.1052125672643396,1.0428113496444396,0.40893012995950584,2.397348853425822,MAINOVA AG,3891.921,5260.131,3891.921,55.0,55103010.0,5510.0,551030.0,-0.041379652716437204,0.06328915322710485,-0.31241214119353933,-0.4645244103299523,-0.18959037333997986,-0.40039318843408644,0.329531569742365,-0.24526801279388832,0,Mid,79.86214832409159,87.35583577395278,88.97465829932865,98.32745550680424,91.44471972318169,94.42932437648454,48.46041519063504,59.24877203510762
269104,3.4268730614848595,1.8419912455812864,2.8213285711351723,43.23621487398007,0.6193172204906234,1.1904406521258022,0.4359291548058195,3.408704208356785,BAUER AG,2044.994,1683.634,2044.994,20.0,20103010.0,2010.0,201030.0,0.09769851549425758,-0.11220379218243126,-0.28082401112289945,0.13546134407045046,0.20844005990696307,-0.14343344332789526,0.5454455682972421,-0.021523860832414372,0,Mid,71.46297710755888,75.45431621404104,93.9264321776663,98.74831767778085,91.95827166165871,97.99381093887072,51.533745505984214,53.55088585360985
269835,7.572848817278026,11.344066685002224,5.441757916907879,24.797689285230394,3.4759259487356355,1.4630843539761946,0.5427888378784352,2.468529841115366,BRENNTAG SE,16237.4,11668.0,16237.4,20.0,20107010.0,2010.0,201070.0,0.043212285047499945,0.38650254872433976,0.025943032574576478,-0.08518113935480053,-0.1461185132834148,-0.06942481365316734,0.003973617084542608,-0.24347992318311804,0,Mid,62.22407300422345,63.924591713795834,96.33239764885458,99.57005572932376,92.81530140442955,94.9463686243126,51.96089447623446,47.631553117380925
270249,9.291172013327335,10.397369949505476,6.343323696603866,24.430525958749023,1.9637926766967548,0.949274655097486,0.012997407188174775,4.553224896551532,DIEBOLD NIXDORF AG,2399.846,1638.437,2399.846,45.0,45202030.0,4520.0,452020.0,0.26288981204928535,0.5271751193749092,0.4252462338777232,-0.18743504994737192,0.04870461912408359,-0.10946411300112108,0.18381298472168187,-0.35149585785787735,0,Mid,49.76206760743508,53.58064225372144,85.97324208960302,92.35771300746958,92.36064620169739,89.75685374247124,53.25540252427867,39.85672679446528
271763,0.23684481515806816,-3.8595726122982987,0.36129437637448947,29.186302230600063,2.9531888155827835,1.9452904681331078,0.5294374182293938,2.1175316179677277,LANXESS AG,6366.0,9711.0,6366.0,15.0,15101020.0,1510.0,151010.0,-0.5666661696352858,-0.5805517969045062,-1.0722843860407754,-0.008749469010551986,-0.23438949543897378,-0.26047625076584435,0.07016699179964885,-0.05093982403949888,0,Mid,63.712226318926355,70.71970545064983,80.71298019129227,99.7805809570114,92.65787674807314,92.42393363435009,47.82810253291513,49.60688971340164
273099,6.664530599166933,18.822479928635147,11.226555120766427,21.56254216704898,3.440831196869518,1.2430153744420565,0.6280107047279215,3.712161760333036,MTU AERO ENGINES AG,7411.0,12484.0,7411.0,20.0,20101010.0,2010.0,201010.0,-0.618520755882957,0.361917605614119,-0.009455273815371906,-0.3886887199888366,0.0730227684279016,-0.3554436149882363,-0.49315684865048803,-0.23224365814176381,0,Mid,60.72426085120345,63.5369106582442,95.7556606011964,98.23670369586864,92.8047240904483,95.7389387742925,52.18220455203692,46.820756841717085
276585,2.60895439909032,5.161483765955624,4.29060785067636,25.50595966304311,-5.963158446642666,2.663054898870502,0.3695493874753705,2.0153131157371713,WACKER CHEMIE AG,5721.8,9409.9,5721.8,15.0,15101050.0,1510.0,151010.0,0.3933971874323351,-0.04705276914101643,-0.5796897696383838,0.2976719818329049,-0.9500378836473616,0.12627681213988196,0.26624412423686106,0.14839304385345792,0,Mid,56.139066729044316,93.35220723094,62.0273656046235,97.71680059935916,90.0134267855082,91.70202397743236,52.82770089286014,50.89774819774165
278310,-1.1883667087728502,-8.568437624544638,-0.6339230477762031,16.777406809482173,0.06714219565082022,2.294225502648623,0.41587682633860507,2.064417476832874,KLOCKNER & CO SE,6632.193,3537.881,6632.193,20.0,20107010.0,2010.0,201070.0,0.23953398480837254,-0.6633187686090848,-1.0131366413055374,-0.050288695131475374,-0.9857161598632783,-0.09108672422816019,0.5874116350245125,-0.04691080729860612,0,Mid,51.32742959468845,59.62567065976061,71.0146948600926,98.435569273298,91.79352499741648,92.04811295483346,48.12084769576556,42.299662897157305
281772,8.517548002884906,12.012117010534565,14.185438749484097,45.20224314711195,13.353791417567585,1.6134851163824717,0.4141274697451509,2.091015226641348,SYMRISE AG,4998.513,8324.708,4998.513,15.0,15101050.0,1510.0,151010.0,-0.0907094473532792,0.8337200498192009,0.20446471895013285,0.3269427986057156,0.2269027780564724,0.1550469930895878,-0.27195753077666485,-0.10610073994711082,3,Upper-Mid,80.40093300055486,83.3482061716354,99.46167135991965,95.92918011556202,98.32761720236168,90.00552947831831,49.94039747915559,58.42293244610523
284636,4.448284175841839,4.681248332888771,4.953241755783257,26.743925902724957,10.890867600340059,1.8045112781954886,0.1980528140837557,1.6595092024539877,WACKER NEUSON SE,2234.9,2488.6,2234.9,20.0,20106010.0,2010.0,201060.0,-0.05769676592304125,0.14416309930655552,-0.47152159431419044,-0.0024196330434275632,-0.3072213713272243,-0.034515763946709,0.09674660141637635,-0.17115985371815065,0,Mid,76.89751473038312,87.23473062703584,84.99110286655875,95.10141276779835,95.07736587533022,89.2328786351902,50.358010044231534,57.716093294340254
284944,5.698021928171116,7.2587164800385295,10.66096960415108,39.408557283917744,-6.361501505720067,1.0068980003105013,0.6060532085352768,2.5200183651084114,GERRESHEIMER GROUP,2035.903,3809.164,2035.903,35.0,35203010.0,3520.0,352030.0,-0.21083019389821542,0.38148955698136466,0.019478650799586956,0.008906866951567628,0.32627525194179935,-0.23997511079949646,0.0467837581615176,-0.24003977338131213,0,Mid,64.0039861809442,66.34545602140051,87.81006990641606,98.57852593473085,89.89706186706428,95.3221344879181,52.22317289662992,48.72853827013087
285715,9.712542256446024,14.776402534658612,8.859265526999643,26.67567871428594,8.106953148186728,1.6751441630336865,1.0543457703791863,3.270276982327309,SAF HOLLAND SE,1876.747,1711.869,1876.747,25.0,25101010.0,2510.0,251010.0,0.027706179173058558,0.5725593890685511,0.38403888295799127,0.018832548643317373,-0.1387225246736481,0.08478534182590282,-0.325389814368889,-0.16907027555981977,3,Upper-Mid,61.31984083571408,62.13734174997969,97.2370408531659,94.20296413578086,99.98265805105211,98.52754383976455,49.582304012313365,46.37570109785966
287162,4.093116364700484,4.2714264137066005,8.361242084572226,24.988554509150173,-3.0336149089959075,1.2600929603390996,1.8437754880907822,4.313162197836837,HAMBURGER HAFEN UND LOGISTIK,1607.62,3283.977,1607.62,20.0,20305030.0,2030.0,203050.0,-0.43585226781631253,-0.22331615431311413,0.005432050671655663,-0.2945776727241695,-0.0069748104544012915,-0.3245290237750522,-0.2086907324415382,-0.18095275936822913,0,Mid,71.97201163280744,82.76790442242923,96.35747170351958,81.04897168777178,90.87385194131579,91.42512998611775,52.71474333956176,53.447282706386
289333,-6.361948215252014,-21.276811080829034,-6.408631639628523,19.056417683933134,-10.434385904827389,1.5191172917086673,0.07420352926718186,2.78543544737546,SMA SOLAR TECHNOLOGY AG,1529.999,1541.226,1529.999,45.0,45301010.0,4530.0,453010.0,0.5545861986652604,-1.3041086525084098,-1.3457842375518605,-0.2562607203495065,-0.86144761150297,-0.3866198526882002,1.5371479139257045,-0.10267725704711733,0,Mid,31.890725223024933,34.166753293030325,94.37234526515007,93.2563027811564,88.71587919591846,97.28288352337448,43.85459348329133,28.91527102593168
295079,9.636367415804298,28.098174006444683,13.589086792769933,57.973188928695485,17.53712183799328,0.49665138573211315,3.085258861439313,6.200708915145005,STROEER SE & CO KGAA,2046.841,2886.43,2046.841,50.0,50201010.0,5020.0,502010.0,0.35148593194559535,0.49412857403901955,1.34250922368582,0.07073186354166491,0.8572000332405602,0.06661265837487569,0.1187519162670191,0.29064759587250094,3,Upper-Mid,49.25410010815226,74.07319525164317,66.74231170501066,68.31804663278957,97.00086609106079,81.06093781296421,53.926256927769344,41.3480837568685
295421,4.222784810126582,2.46119733924612,5.502408128257571,32.62518968133536,5.7597149831760905,1.3569844789356984,0.3263858093126386,2.1895787139689578,EVONIK INDUSTRIES AG,15157.0,19750.0,15157.0,15.0,15101050.0,1510.0,151010.0,-0.4331087574281221,0.046586207121393844,-0.46668632298059776,-0.061477429776893015,0.1320845288446454,-0.2260835927104163,-0.010436343569159207,-0.24218803231480027,0,Mid,80.36456319962656,84.69833793343135,99.84422222370833,97.05184289022193,93.5062176456849,92.93617210060702,49.63942963132082,58.79067715555909
297185,4.0998862028991665,5.821242769896921,6.702482787398288,36.548090965992074,6.152201126643019,1.0106711190156437,0.8779364720328303,3.0383235854848616,KION GROUP AG,11503.2,18805.4,11503.2,20.0,20106010.0,2010.0,201060.0,-0.19468305256867802,0.02292811014063803,-0.15241277614239465,-0.12472116180805137,0.25876698753770166,-0.2401866485911371,0.20744862751417134,-0.15799032072337857,0,Mid,76.59875355748113,80.57204054180677,87.93170348614157,94.4285273742017,93.6254735816557,99.18858501932604,51.26440933558149,56.19676226877398
297222,3.8994785010455044,2.0382971286862306,4.822370856252529,57.06840895591767,7.064363126135201,2.0651249898844326,0.5566301522620161,1.9925658188556352,NORMA GROUP SE,1161.69,1436.628,1161.69,20.0,20106020.0,2010.0,201060.0,-0.7668518742448992,-0.053662175989838114,-0.7428062171336658,0.6038211354221474,0.4415484995888156,0.002841377887489599,-0.3088517819708605,0.1718265939373557,3,Upper-Mid,55.24894362895066,61.71725274012726,84.27462477812342,98.11627363740698,99.64471646572586,89.32833424236964,47.95021678944819,44.254655363346416
313972,3.4342060523631415,6.275681733283527,5.9467734338200655,61.269430051813465,15.99152143193594,0.5456945572705117,0.5369816959282779,2.746544639521853,TELEFONICA DEUTSCHLAND,8492.0,14705.0,8492.0,50.0,50101020.0,5010.0,501010.0,0.4534819410585637,0.17865306911694942,0.007456980429836187,0.2306694763348779,0.7015383247138969,-0.04123193052269581,1.0021159586504957,0.06647129170634819,0,Mid,49.05348607935458,56.91365609410539,74.14154847114787,99.66156812398373,96.66533905481998,96.99307826906943,52.783912885065355,40.970282462961286
315541,-0.03268346466552724,0.0,-12.805221109485764,4.928547316304721,1900.9845842241475,0.803135409345109,0.24864300122048197,1.6490396933687148,OSRAM LICHT AG,8.887,3481.883,8.887,20.0,20104010.0,2010.0,201040.0,-1.0006406952328004,-1.0264822500937525,-3.4058204046427085,-7.036985050614559,2.6545405965097917,9.243460936602624,0.08141789550985386,0.5779207896763376,0,Mid,0.21319982964844372,46.45549808843073,81.48528997141906,95.865567809817,0.22711979365205795,89.16123998866458,47.81187038854552,18.962936330527224
315582,6.6206392002043035,10.798791756492461,9.68760863938692,32.34884671872678,10.982858140507195,1.9672676484652087,1.2168544737477862,2.9404203000912488,STABILUS SE,1305.926,1910.888,1305.926,20.0,20106020.0,2010.0,201060.0,0.026571218762340643,0.31842820923937426,0.0857755222251625,0.14760841729561625,-0.2562304350783485,0.1276451458191869,-0.203970355359069,0.00586047837810448,3,Upper-Mid,66.2974347493238,69.38826990872555,87.35509741357048,91.81207195322492,99.08760429230095,96.0656444958908,49.768200585962575,49.57783507679712
317079,12.293744779837617,11.31745623931815,43.27239562634384,75.7247816738508,43.500996946321145,0.45427407687345156,0.029178907742317444,1.4469321444130427,SCOUT24 SE,588.798,2072.493,588.798,50.0,50203010.0,5020.0,502030.0,0.8312858632112388,2.5043001629011754,1.7107379293323792,0.59528287823437,0.9247083146768109,0.6392542152429666,0.0129164925597082,-0.3603511714696518,3,Upper-Mid,23.745523394763303,27.900648470708617,65.71270556345704,90.26174871378733,89.15748621675073,85.66645989564542,55.85581288327556,24.104513923425777
318434,4.908628615087864,9.421078302630097,3.7067864743438164,43.35682194372192,5.046110191534642,1.3662473058994538,0.44370239747870777,2.9954976925674406,ZALANDO SE,10572.5,7983.9,10572.5,25.0,25504010.0,2550.0,255040.0,-0.1491270322903741,0.07791354601820431,-0.28500345720670406,0.1561259588897931,0.27452654672924454,-0.11899803329488068,0.20686122944683613,0.023576817587727696,0,Mid,71.62913174853469,72.31431151985431,99.81624616104861,98.8698210158775,93.28977964094852,98.86325400995132,52.03913902330108,53.001497104972486
318452,18.617198896289917,21.637677609015192,93.2072151341839,-115.9700835899692,14.864980202375714,1.4528447281432735,0.028294953454189125,1.161583374162992,ROCKET INTERNET SE,1136.5,5689.9,3809.562,25.0,25503030.0,2550.0,255030.0,3.645697494075319,4.860506044284736,4.399516588928163,-2.433174599524805,-4.645123664090637,0.6874607021825525,-0.7900112402010102,-2.4399526194270007,2,Top Tier,2.811549021445027,2.941399193496215,91.96583336558827,72.44364306938994,99.1207082234329,75.25648937160376,49.31198531809253,8.957263754216248
318659,3.84553759551872,11.03301743828173,3.5860119489701416,27.969871368628624,4.964490045349462,1.4840927773507606,0.3252028633652353,2.3381917429845367,HELLA GMBH & CO. KGAA,8024.792,7483.219,8024.792,25.0,25101010.0,2510.0,251010.0,-0.633549608953168,-0.04967181060084754,-0.6403301194024906,-0.18687048220541497,0.06258946289945484,-0.33488962611493545,-0.14878972490902545,-0.13143529949908267,0,Mid,79.3690354899446,92.71588559485328,95.59279004111684,97.03368283012142,93.26505600903381,94.00176217491581,48.84073980887004,59.99415959796063
319665,-0.10179957895530281,-20.156592997013114,-0.3317322967088418,-227.66073330859248,22.552523167863217,1.4528447281432735,8.513302179243974,12.549396710827331,ALLANE SE,749.098,2441.071,3809.562,20.0,20304040.0,2030.0,203040.0,-0.5019966193768127,-3.064978574226637,0.9521562681834501,-5.463464692187991,-5.135194570967265,-1.5002747000992616,-1.6623035138645874,-2.2921719014334867,4,Lower-Mid,99.9999940395357,100.0,100.0,100.0,100.0,100.0,50.0,69.99999761581428
319865,2.3935960978679884,3.134484302701627,8.61409966024915,36.37457531143828,-25.15571913929785,2.1009994739610733,0.716851584655953,2.529678093437484,SILTRONIC AG,1412.8,5084.4,1412.8,45.0,45301010.0,4530.0,453010.0,0.16368925996573366,-0.002507075638344204,-0.3520941445768391,0.34313132038453786,-0.4663819635494656,-0.08962782287338719,0.2225179052286573,0.09097433157004269,0,Mid,63.83638171479343,77.57787358401436,76.2315170090999,96.86573469815808,84.57447868410561,95.39279717272257,53.61324899627181,50.73670087253606
320124,3.603182030884417,-16.570529627687467,4.2335605893996044,26.98482515944579,2.7215746646140313,1.2773361136452497,1.4452018877818562,5.6030414263240695,SCHAEFFLER AG,18188.0,21370.0,18188.0,25.0,25101010.0,2510.0,251010.0,-1.0002891525808892,-0.6713075986739736,-0.329087308724076,-0.20935958468139793,0.279998356541587,-0.3574237727731153,-0.4515553172198995,-0.3803746050752256,0,Mid,61.198941364459436,80.36464330826115,96.96895493141874,86.32380497641385,92.58821048654119,82.81171376552952,50.9923438442496,49.18488570507739
320448,0.4988628860685203,-3.9951937518774407,0.4795824811340715,22.103110233443825,0.6276888356019465,1.6124161073825503,0.36602583358365876,2.0473115049564434,COVESTRO AG,14179.0,13631.0,14179.0,15.0,15101050.0,1510.0,151010.0,-0.9886377981013741,-0.5933176254559742,-1.1648865405937716,-0.28125028598065943,-0.06700383583747008,-0.48934213007338107,-0.1632767095666813,-0.26471869490524247,0,Mid,60.407146168877304,72.26595232698625,91.19680519382987,97.66234803292511,91.96077168662184,91.9274015615776,45.39617207656241,48.38228373624069
321632,5.908181558367326,2.8607204777499518,3.260168312999097,7.70024802511792,1.4107324626170235,1.4368503571221183,0.10248507031400501,3.7072818339433633,UNIPER SE,69751.0,38489.0,69751.0,55.0,55105010.0,5510.0,551050.0,-2.762015132827845,-0.3767036918164827,-1.1701791300850553,-0.70577193096672,0.572594074675169,-0.897932640388608,-1.829797574529922,-0.6641026697182617,0,Mid,28.722631964652113,66.78267289941017,97.2640126965721,93.67446266248926,92.19491364639374,95.77478584839986,44.025951040417596,34.213033631991806
322597,-6.171591284252228,-1.185025585779693,-8.919039809154615,18.68197405695542,-0.8409124794990308,1.1603321990887594,2.057231349313224,6.526259089684891,INNOGY SE,33535.0,48464.0,33535.0,55.0,55103010.0,5510.0,551030.0,-1.8923674878347554,-2.13813930021898,-1.668885308561377,-0.8599720421493188,0.28291231718202603,-1.1020627278738628,-0.20128063094786558,0.14691793327516095,1,Strong Performers,21.85278115527392,51.6073640072573,95.63038369569234,53.776454303259534,98.4765156599051,31.437560007069408,43.86046942804377,24.44023069388698
324859,-2.129561044732859,-34.03927014620221,-2.151333501427444,30.297607912352476,4.060286139556068,1.39210223162858,2.0829379315665624,4.79126644292713,DELIVERY HERO SE,12294.7,12420.4,12294.7,25.0,25301040.0,2530.0,253010.0,0.8593399137390071,-1.2307525656397906,-0.28481833401857726,0.0250588931600847,-0.5637938476273774,0.040497110867506965,1.3043661339493149,-0.15272236050235818,0,Mid,40.68861600948923,50.20125210923747,98.8739345817812,78.03984775757824,92.99160076099035,88.1326831445292,51.30781252321652,34.11968160140101
324977,1.2951601908657124,-7.194244604316546,0.48986432047439493,18.714750717071126,2.2591768990299395,0.6992920898738073,1.7182254196642686,7.0359712230215825,METRO AG,31029.0,11736.0,31029.0,30.0,30101020.0,3010.0,301010.0,-0.3112482730414712,-0.9607973127267294,-0.13761139321041987,-0.6240807587143927,0.05754653235537546,-0.5168401469488062,0.34701138399091336,-0.23304169388379856,0,Mid,59.12923117624499,74.84169043766087,78.4393626172047,82.67479610633261,92.44928440769282,74.19114327272445,50.25856309092968,46.88751016866343
325735,0.09875792912219394,-15.296624425255132,0.03393679923772728,66.04884288567216,1.6589873781212066,0.9091281630980432,0.7545138499495345,2.95245037568689,HELLOFRESH SE,7661.3,2632.7,7661.3,30.0,30101030.0,3010.0,301010.0,8.347219078789843,0.7001618566378481,2.421965722946909,1.3479676436074641,-2.4764206748064383,1.896853875147725,6.7001877910219125,0.7555875679421084,2,Top Tier,5.1405583850264485,22.368971261697922,75.33506729076989,81.2631121802502,96.65197031523194,86.33934601260289,47.17102257117423,14.656328824375185
326410,7.265469818044684,3.491385746894061,14.53373731070942,36.96912151651939,0.503462628073934,2.5241624187605054,0.06444747840898461,1.3341176605726643,1&1 AG,4064.254,8130.073,4064.254,50.0,50102010.0,5010.0,501020.0,-0.8882759190176527,0.6113313733188354,-0.4431096102049991,0.456466340401785,-0.08670271693294704,0.07070867404418749,-1.0190379722121743,-0.1749340161002028,3,Upper-Mid,55.76622321925442,75.62023104660318,71.21299705263861,90.76675050370777,97.54414340453619,84.92826964552764,47.76584420187081,46.507210547393186
326577,10.676537089324666,18.82575419160785,18.58815592442331,61.8698978075796,13.65531465037034,1.8154504993652785,1.4719467524345573,3.4413356893031684,DERMAPHARM HOLDING,1194.707,2080.019,1194.707,35.0,35202010.0,3520.0,352020.0,-1.0308591948829207,0.8546846116961387,0.38460458908583284,0.594042992891987,0.8798453726687196,0.13506434865287045,-1.2317342880618098,0.13053623633263242,3,Upper-Mid,54.80495757456858,65.43469161953203,92.35852555518716,88.18084795888159,98.2313846340156,99.82898940323913,52.02017234132183,43.827006149622
326765,6.099229182499186,10.670915984394746,12.560926530429729,42.94146581406788,9.52466127084917,1.247991013566059,0.7393263366119017,2.5306335512940272,SIEMENS HEALTHINEE,22363.0,46055.0,22363.0,35.0,35101010.0,3510.0,351010.0,-0.6954263309959278,0.409054473332388,-0.1122177139190955,0.039820272955564014,0.5003378567569787,-0.1893371134668409,-0.42261921061581254,-0.1540872386121474,3,Upper-Mid,68.20427036426531,77.47918083750466,87.9246734921559,99.01642470750237,99.55793415902359,93.09269059230452,47.61515403012364,52.6791867839573
327148,7.504732212448502,3.7720218699950294,21.893779438038006,87.13659249634563,28.16306642845542,1.040883573346351,1.034517037609764,2.975976141823604,SPRINGER NATURE AG,1847.1,5388.6,1847.1,50.0,50201040.0,5020.0,502010.0,0.4451246533098013,1.0036428082056577,0.7667812558692375,0.940701736696875,1.0419742860300978,0.49226127200685715,0.32258161788345574,0.2032805402997581,3,Upper-Mid,47.17702121121948,51.77971119632095,81.49157812292039,94.49892213238152,93.71075913816719,96.32803132573584,54.350202634355945,38.676642936990135
328745,8.414811732889536,14.614121510673234,10.117558779389695,50.96298149074537,10.18009004502251,1.6347721098702084,0.7257799671592775,3.1573070607553366,KNORR-BREMSE AKTIE,7996.0,9614.0,7996.0,20.0,20106010.0,2010.0,201060.0,-1.5942353292564566,0.3634662966701675,-0.3370349102385736,0.27479063664901515,0.9413893526148799,-0.21925188698823478,-1.2280514282317005,-0.03490234107720705,3,Upper-Mid,50.97383987633612,87.47902575695034,98.68795201426066,99.22883952318871,99.34625521383784,97.67736454890374,47.9072970398462,47.808225054243394
329260,1.8539722862387642,-22.596970088464854,17.708688328253867,88.8340911967751,-2.062053923525568,0.581898867320949,2.0679870493401347,5.120624878473378,ENCAVIS AG,410.804,3923.899,410.804,55.0,55105020.0,5510.0,551050.0,0.07629032489807079,-0.12021810476081007,0.47003535678732755,0.8362165183459718,1.2335384874356081,0.07637006357763662,0.5941932530700343,0.09620945631946785,3,Upper-Mid,36.541490476298854,40.979439158849864,68.8626235611972,80.2462447344618,96.7348489884351,88.06348523124569,50.534577996595225,30.8371084957357
332311,6.895815216562161,15.719251037111784,9.521201525077412,29.191329808522738,1.2154277168074485,0.9803955288048152,0.8975782038345106,3.674571140262361,TRATON SE,47473.0,65547.0,47473.0,20.0,20106010.0,2010.0,201060.0,0.41013160674206717,0.4500133757167896,0.43267585318015434,-0.19011949863471894,-0.04091315014275813,-0.11720752091788761,0.33685861513795545,-0.15501848852163558,0,Mid,57.57577358500332,64.86390181999157,86.96044116427213,94.13557455754554,92.13645881241763,96.01541957430526,54.165147446528835,45.4166472537542
333885,19.280864696391152,122.48693834900732,30.73640720738969,94.83707712883998,36.63523089800454,0.24513554057457382,3.275543613474648,10.651749017266258,TEAMVIEWER SE,671.422,1070.341,671.422,45.0,45103010.0,4510.0,451030.0,1.8197907598372827,2.4874668446729657,3.456292786585559,0.4338298344113959,1.3790569260174375,0.5557071046505901,0.25919143157842983,1.7638161180272418,2,Top Tier,15.815926803156815,19.65136779369243,59.04790506330849,82.58574734044119,92.35512926926097,64.16234546625381,57.66585764964146,18.515219014045332
340115,3.9182282793867125,12.385321100917432,8.214285714285714,27.767857142857146,5.0,1.2782793414763676,1.5229357798165137,5.385321100917431,HENSOLDT AG,2240.0,4696.0,2240.0,20.0,20101010.0,2010.0,201010.0,0.5474023516947875,-0.06935109191833183,0.34272459306054737,-0.21248711538943918,-0.32145515734246133,-0.08116907323064107,0.4955545098712908,0.0948515678443887,0,Mid,62.61791670166637,83.78393935258748,97.00251575002945,85.26878012204662,93.27581155602654,84.20645338432249,55.75275212367273,50.33083256338871
340153,-0.16904509179541613,13.046831955922865,-0.24952850718119834,17.037574350790656,3.989554620629624,0.8986585402288548,0.36220385674931127,5.60595041322314,SIEMENS ENERGY AG,34465.0,50874.0,34465.0,20.0,20104020.0,2010.0,201040.0,-0.7482810710884006,-0.7639126992160278,-0.8046417434443376,-0.7545714422775797,0.05941537639317426,-0.7435804374909049,0.19563062263363212,-0.03729071087958482,0,Mid,58.35081359537253,66.96321458584593,84.39150555249242,97.60331798199789,92.97024351647374,82.7932357375151,46.829243006981365,46.49330015351799
346413,1.9040184524518369,3.4091780542524983,0.6704495647339384,11.55507468138499,-3.7565105754848878,2.6234055504204523,1.509932694268815,3.603486844788905,AUTO1 GROUP SE,6271.911,2208.487,6271.911,25.0,25504050.0,2550.0,255040.0,2.552316322036775,-0.2110954950952156,0.33825578542505214,0.18356657411700872,-2.028774046212085,0.564284113118592,1.7216845300096535,0.32263184622713464,2,Top Tier,28.10084990069556,29.990285060495776,70.77343121424894,91.57833290892812,94.96706982733822,90.7608982802002,45.57900129019853,26.39623026327019
347562,3.0564201141431777,3.942662743687184,5.408735626600707,76.63256504436347,8.98976647744371,1.1556630782906425,0.5999364210702623,1.9925098209791665,SYNLAB AG,2635.163,4663.266,2635.163,35.0,35102015.0,3510.0,351020.0,0.8135569851044366,0.22025149405116612,-0.05402951473000139,0.8033569876694532,0.5860735107450115,0.24588921328303467,1.1879865777249927,0.35482484519266455,3,Upper-Mid,43.738800646611395,51.5825944653235,84.99636038296322,98.79075432583339,99.73101933766199,89.32795050826282,50.50787840988555,37.6911145842926
350278,4.2911210454827176,-3.3809139690667416,3.5242386171641464,20.393796300307592,1.3992981848113328,1.2135632037661428,0.23582225651457228,2.65952372601971,VITESCO TECHNOLOGIES GROUP,9233.2,7583.1,9233.2,25.0,25101010.0,2510.0,251010.0,0.908511592624763,0.10705328044366673,0.02240645333287812,-0.1555751336956476,-0.5522084525693952,-0.005115814421712653,0.9383014432209528,-0.3436782802293323,0,Mid,56.90206728871484,83.88793252719022,94.72658879727483,95.67133401490435,92.19149033798608,96.34774192137667,50.596776011955136,49.10554682241442
351590,6.1594497251333715,13.060121594235532,8.412079072433752,28.35216450616713,0.2551916711356029,1.6292420455026904,0.8274262553478946,3.3260076559333482,DAIMLER TRUCK HOLDING AG,54077.0,73854.0,54077.0,20.0,20106010.0,2010.0,201060.0,0.44865471366063026,0.34471372201951644,0.19985590749849916,0.018278749520655623,-0.3697884319172112,0.027845772845096657,0.2489611455589712,-0.028435642575923452,0,Mid,61.567561111998884,70.8131562529513,90.63559279262395,95.18607148484588,91.84959817604162,98.61745226511907,54.76817005661299,48.30826284387441
354519,10.6712500233527,15.588248057978562,14.250430357009206,33.60277424344485,10.425866327370706,1.414487903506937,0.3107234301089268,2.322918022826889,DR ING  H C F PORSCHE AG,40083.0,53527.0,40083.0,25.0,25102010.0,2510.0,251020.0,0.4610142394229677,1.105172114335106,0.6294864086218243,0.14272124761338711,-0.06481759141162964,0.21167009377361548,-0.03080133533457832,-0.2570965747233476,3,Upper-Mid,58.267271147981056,64.56668708790043,93.46271619447299,94.37274778570468,99.26699475934562,91.6210575119081,50.26174237959598,45.65752065534298
355804,19.58729266372432,106.96651031421797,20.632813796825104,55.78744101298403,19.863539150458788,0.748764273337184,6.751305038583749,10.36204418217582,IONOS GROUP SE,1560.301,1643.586,1560.301,45.0,45102030.0,4510.0,451020.0,1.0697218581778403,1.3981578613931167,3.424120306257458,-0.1466302435739216,0.714077298648099,0.3179225249835565,-0.6334654598229111,1.3700584230365485,2,Top Tier,17.502945173603422,29.400394815072378,71.03079996410175,47.65528312922262,97.52472785030032,65.60426617287884,56.50908116383005,17.646785345378106
358679,13.093188579938971,18.937735796540007,19.730516742922042,40.49646271880103,8.384887121496284,1.3516143106457241,0.1023195674121907,1.8247191949453827,SCHOTT PHARMA AG & CO KGAA,957.091,1442.269,957.091,35.0,35203010.0,3520.0,352030.0,-0.591496557288598,1.4412980447928332,0.549271452777008,0.20132407820137915,0.5373556230201884,0.047137470099977444,-0.9626045187802003,-0.4027823256004174,3,Upper-Mid,49.78100823180794,52.471531515193334,91.33155833770911,91.31217781972664,99.9271132089251,88.18551015710186,49.52877257488706,39.53792737773451
360887,8.620266440541807,11.014948859166012,8.67894855088744,45.097730847000676,11.959110312289372,0.8741224375175511,2.764358772619984,5.876344086021505,DOUGLAS AG,4451.0,4481.3,4451.0,25.0,25504040.0,2550.0,255040.0,2.64162657546941,0.49711341731669106,1.8238757110985948,0.2948499038187003,-0.44726398666912986,0.646030906348625,1.7296323930773618,0.24808517332480245,2,Top Tier,49.27371897630065,53.81661513694493,74.37376797943513,89.54160208968916,99.93954080024264,92.5504115152051,49.04613409410856,39.42697082687816
