gvkey,company_name,cluster,proximity_score,trends_score,relative_score,overall_score
17436,BASF SE,1,27.985420157177295,83.00451798000623,49.68020145345256,11.194168062870919
17828,MERCEDES BENZ GROUP AG,2,0.7178480800721243,2.5400562533486055,56.45995139746953,0.2871392320288497
19349,SIEMENS AG,2,15.329273335923297,50.02733241749643,51.540335905136395,6.131709334369319
100004,ALTANA AG,1,37.768637817362986,97.2730521712575,48.511675082523574,15.107455126945196
100010,BAYWA AG,2,37.203078098078386,93.85641057678026,52.881140602803924,14.881231239231354
100022,BAYERISCHE MOTOREN WERKE AKT,3,22.81104482146524,44.70246399358223,45.72662028384176,9.124417928586096
100042,MAN SE,2,42.00811489088664,95.28931448641053,46.965396257844205,16.803245956354655
100054,HOCHTIEF AG,2,29.97699009549709,99.58968382265128,53.60718872759378,11.990796038198837
100080,BAYER AG,2,36.191743383418554,72.48081181514092,48.96230771366664,14.476697353367422
100083,BEIERSDORF AG,1,26.67795292815479,99.79666730047543,48.59147163099475,10.671181171261917
100102,BILFINGER SE,1,30.257203688298418,97.09084193291554,48.8130807790193,12.102881475319368
100103,DEUTSCHE LUFTHANSA AG,2,27.42964169742911,94.29382493529359,49.57484910824689,10.971856678971644
100301,DEUTZ AG,2,39.80028944543347,92.5058532653571,46.34107844554182,15.92011577817339
100312,RHEINMETALL AG,1,34.16609673163595,93.49680640120104,51.25659885516972,13.666438692654381
100368,GEA GROUP AG,2,44.74308542103154,96.0824625317035,49.077504900384554,17.897234168412616
100373,HEIDELBERG MATERIALS AG,2,24.219236310488224,89.9229717011111,52.2971106772337,9.68769452419529
100431,HAPAG-LLOYD AG,0,6.721831604796816,35.78716077714641,52.468376326760996,2.6887326419187265
100449,KUKA AG,2,47.15743199906546,93.85343389824065,48.39656220760289,18.862972799626185
100590,E.ON SE,2,8.732327646635568,82.94804622948419,55.11484096232865,3.4929310586542273
100609,CONTINENTAL AG,1,21.904214761242425,73.83066565489538,48.68699465068256,8.76168590449697
100676,TUI AG,2,26.526196336946345,99.77231842841529,53.96098423662431,10.610478534778538
100736,K&S AG,2,31.1141731230622,92.19959420593197,47.87379953590597,12.445669249224881
100737,VOLKSWAGEN AG,3,15.629718670457368,97.53579405762561,49.31994609668467,6.2518874681829475
100746,CECONOMY AG,1,10.206483151227562,92.65113606206702,49.81350681795239,4.082593260491025
100764,SUEDZUCKER AG,2,33.6906002892642,92.89741526800753,48.142610845858094,13.476240115705679
100953,RWE AKTIENGESELLSCHAFT,2,20.223816958500226,64.3455413067798,51.51847686067514,8.08952678340009
101059,AXEL SPRINGER SE,2,32.65609603516838,93.10628199726692,45.605356943962626,13.062438414067353
101120,AUDI AG,2,28.287119777605792,48.79265400355336,49.21711459884298,11.314847911042317
101148,LECHWERKE AG,1,23.86459168262868,99.4114637821308,46.867938792786354,9.545836673051474
101161,GELSENWASSER AG,1,26.42948936906599,97.63073274957226,49.11516223145378,10.571795747626396
101286,LEONI AG,2,30.68455143852875,90.58718694604812,49.282447063382854,12.2738205754115
101390,KSB SE & CO KGAA,1,43.89838343935512,99.23277742004026,49.49176274317278,17.55935337574205
101768,MCKESSON EUROPE AG,1,18.929816232565877,97.61877627158955,46.101023828601555,7.571926493026351
101937,DMG MORI AG,2,33.17119243898101,93.99796473526236,45.484771180231924,13.268476975592405
101942,HENKEL AG & CO KGAA,1,31.61368257559875,97.13866434909116,49.89790747475137,12.6454730302395
102175,PUMA SE,1,23.651733398372492,96.11134588723715,52.08148445497971,9.460693359348998
102187,PORSCHE AUTOMOBIL HOLDING SE,1,0.02400645377604867,79.58621758078137,57.6474272630895,0.00960258151041947
102218,DRAEGERWERK AG,2,37.60884050893325,93.24948674106422,46.44824264936158,15.0435362035733
102250,HUGO BOSS AG,1,23.985205257714973,99.61887734674184,48.27649385742182,9.59408210308599
102259,SALZGITTER AG,2,44.92482229425717,88.12019630819107,46.953421952473214,17.96992891770287
102365,KOENIG & BAUER AG,2,31.78617041334144,92.39078076090175,48.38101145106098,12.714468165336577
102529,PAUL HARTMANN AG,1,42.67876264829617,97.20541863584405,47.57383275459145,17.07150505931847
102926,KWS SAAT SE & CO KGAA,2,49.130351298800484,93.23598787575978,48.95191605746816,19.652140519520195
103176,THYSSENKRUPP AG,2,37.07581813503573,83.86920092198149,47.149789468396506,14.830327254014293
103200,FUCHS SE,1,30.128556455915284,99.37963044857105,51.048214187432805,12.051422582366115
103255,BERTELSMANN SE & CO KGAA,2,30.386539457888702,96.7423012830966,47.98409062928895,12.154615783155482
103269,KRONES AG,2,36.726802901514084,94.76592841748541,48.51813490913486,14.690721160605634
103487,SAP SE,1,31.341982775271404,70.14304508441587,54.377027536047514,12.536793110108562
103533,SIXT SE,2,58.250910448979575,96.72082529105143,49.38234415998225,23.30036417959183
104357,KABEL DEUTSCHLAND HOLDING AG,1,17.942693791376623,93.2043961753717,50.845591574337895,7.17707751655065
104364,TELE COLUMBUS AG,1,38.395562535847944,98.32742001993533,53.21790776551593,15.358225014339178
132740,INFINEON TECHNOLOGIES AG,2,31.288257106174377,94.62159433795836,52.86943885140554,12.515302842469751
200759,BIOTEST AG,2,43.41586656999565,93.50423037558356,49.86788301827589,17.36634662799826
202305,FRESENIUS SE & CO KGAA,1,27.75227411202623,86.37034778345298,52.25962478288545,11.100909644810493
202807,JUNGHEINRICH AG,2,37.371375583445136,96.38248180038313,48.02790616032183,14.948550233378056
203162,HORNBACH HOLDING AG & CO,2,39.92958018913743,95.53680810427102,48.35315069675019,15.971832075654973
203586,VTG AG,2,32.10965041089731,95.68393059941481,51.13518608562805,12.843860164358924
204820,FIELMANN GROUP AG,1,20.749569030819508,99.88879457693346,52.525578788509236,8.299827612327803
205865,PROSIEBENSAT.1 MEDIA SE,1,29.361382241222135,92.65270102794162,50.65801445920157,11.744552896488855
205934,FREENET AG,2,39.56476291712116,93.1829012681444,48.22406577223199,15.825905166848464
206703,SGL CARBON SE,1,18.77345078748798,98.97231963565872,50.6693558435885,7.509380314995193
207096,RHOEN-KLINIKUM AG,2,49.69963025735809,93.64210089157886,47.212215060093136,19.879852102943236
208821,SARTORIUS AG,2,29.49967841374542,99.43417730718957,51.16607841307245,11.79987136549817
209440,VOSSLOH AG,2,25.446835630077047,93.78078393708742,51.839686182402914,10.17873425203082
210326,BLG-BREMER LAGERHAUS-GESELLS,2,30.299935094695453,93.54005473943467,59.025350473698815,12.119974037878182
210332,CLAAS KG,2,56.25387523500228,95.8766821790972,48.97684214614577,22.501550094000915
210334,COMPUGROUP MEDICAL SE & CO,2,30.319843490869186,93.92269264146424,51.044174688632175,12.127937396347676
210340,DILLINGER HUTTENWERKE,2,46.742573485454045,93.85353145278003,49.503732548393906,18.69702939418162
210359,EWE-ENERGIEVERSORGUNG WESER,2,39.078356215984996,87.97673778940158,47.21071998588491,15.631342486393999
212782,FRESENIUS MEDICAL CARE AG,1,36.7168175402463,87.7946801147605,51.27219513988814,14.686727016098523
213034,GRAMMER AG,1,39.81359702874926,97.79743016928363,47.090291574127896,15.925438811499703
213037,INDUS HOLDING AG,2,53.83289352169579,93.23467024517248,48.335648960391254,21.533157408678317
214700,STADA ARZNEIMITTEL AG,1,23.77214090657994,96.06716048247034,49.560758501024836,9.508856362631976
214759,HEIDELBERGER DRUCKMASCHINEN,2,32.194522777844455,92.64057995889769,46.6617613824717,12.877809111137783
216524,ENBW ENERGIE BADEN,2,24.962660831802932,75.92200951172985,54.8570349783219,9.985064332721173
218000,JENOPTIK AG,2,27.385248172897292,92.98211797175715,51.4408032751653,10.954099269158917
220295,ELRINGKLINGER AG,1,42.68395398472457,99.80106434130396,48.61922240042993,17.073581593889827
220301,MERCK KGAA,2,39.303226734568916,93.00559877344523,51.96625661922225,15.721290693827568
220303,AURUBIS AG,2,54.23545825918136,87.93962195438398,49.89193413003733,21.694183303672546
220307,PFALZWERKE AG,2,46.59943569609281,91.66701094521967,46.359390186077704,18.639774278437127
221244,ADIDAS AG,2,39.353093580521765,88.81177119785936,50.24679896192492,15.741237432208706
221614,DEUTSCHE BAHN AG,2,12.632402263341124,28.804683023267287,48.913770129411496,5.05296090533645
221616,DEUTSCHE TELEKOM,3,22.86384538403056,45.8318552952692,54.95343361947357,9.145538153612225
222247,SOFTWARE GMBH,1,31.91154063376323,95.50728531638667,48.54141464525162,12.764616253505293
222340,DUERR AG,1,54.075323843159836,99.32104900380936,49.00678865789422,21.630129537263937
223089,HORNBACH-BAUMARKT AG,2,37.97269012128604,96.52213402673144,49.515733695537705,15.189076048514417
225236,UNITED INTERNET AG,1,35.304839661541926,95.00177841781637,50.92379080528496,14.121935864616772
231016,MORPHOSYS AG,1,22.09276296969277,92.39118478550942,49.83715834892546,8.837105187877109
232623,EVOTEC SE,2,26.26731628996964,90.80279046045156,51.6570423904994,10.506926515987857
233025,CANCOM SE,1,30.66890387197571,98.97226255244324,47.819596758854914,12.267561548790285
234919,CTS EVENTIM AG & CO KGAA,2,35.86648315372772,95.48611852721743,49.98088364553577,14.346593261491089
238136,BECHTLE AG,1,27.852494665744587,96.8291047379094,49.4611775856643,11.140997866297836
238442,CARL ZEISS MEDITEC AG,2,40.49178768605061,94.75361511536373,49.94237762632971,16.196715074420243
241456,DEUTSCHE POST AG,2,12.218806323196114,42.23045721185147,56.57855759666137,4.887522529278446
241840,SCHULER AG,1,15.386896918609208,98.82710604840759,46.25467349353639,6.154758767443684
242158,WIRECARD AG,1,9.094746129796954,79.62931638191995,55.54146239478284,3.637898451918782
244394,MVV ENERGIE AG,2,52.73662846650466,91.69623378015581,48.59548135002143,21.094651386601868
244398,TAKKT AG,1,27.259283402505407,98.0052281162895,49.37191895633351,10.903713361002163
245628,NORDEX SE,1,24.46263594619272,96.08176913529991,48.674403860480744,9.785054378477088
245839,FRAPORT AG,2,38.724716226397184,83.66567312883502,49.619836852183894,15.489886490558874
248166,MAINOVA AG,2,48.44589915411483,89.27009970394543,48.15848730649459,19.37835966164593
269104,BAUER AG,2,50.65899733359998,92.0116173867524,47.414048640024646,20.263598933439994
269835,BRENNTAG SE,2,48.137822986059895,99.25663789403804,48.66013510592893,19.255129194423958
270249,DIEBOLD NIXDORF AG,2,24.88999162386644,94.15512210569308,49.00776824901694,9.955996649546577
271763,LANXESS AG,2,31.806920139909217,91.09650825489422,47.35050743712823,12.722768055963687
273099,MTU AERO ENGINES AG,2,46.44984364960686,95.36191409604898,48.81672334259174,18.579937459842746
276585,WACKER CHEMIE AG,2,46.245002793592526,96.07390393240594,47.97831853738447,18.49800111743701
278310,KLOCKNER & CO SE,2,33.67233954218486,93.32643588708133,46.45559438067668,13.468935816873945
281772,SYMRISE AG,1,32.72599845505689,97.64415753282233,48.3072800929612,13.090399382022756
284636,WACKER NEUSON SE,2,41.56503773432566,94.07892595767997,46.81692726370223,16.626015093730263
284944,GERRESHEIMER GROUP,1,34.42669379905668,95.54319848575142,47.312721343807006,13.770677519622673
285715,SAF HOLLAND SE,2,39.127413773215046,94.14295177399215,47.810875412951134,15.650965509286019
287162,HAMBURGER HAFEN UND LOGISTIK,1,34.273081392944476,96.47157907764351,47.91836683178739,13.709232557177792
289333,SMA SOLAR TECHNOLOGY AG,2,37.51727830077299,91.46886884574691,49.995051002487635,15.006911320309198
295079,STROEER SE & CO KGAA,1,26.849841861547258,98.4902411114038,52.31994384197012,10.739936744618904
295421,EVONIK INDUSTRIES AG,1,45.70612052451784,96.31924052646713,48.73001263852407,18.28244820980714
297185,KION GROUP AG,2,29.307151486832744,93.45188310561052,50.39756716389612,11.722860594733099
297222,NORMA GROUP SE,1,34.06173217032589,97.7355373852038,50.11427927415842,13.624692868130357
313972,TELEFONICA DEUTSCHLAND,1,22.63554988502725,93.04720104318925,53.787223311406706,9.0542199540109
315541,OSRAM LICHT AG,1,4.3588588295883985,91.78072560225088,46.273981223555836,1.7435435318353596
315582,STABILUS SE,2,27.757160516482294,93.49831524413565,51.270778385447144,11.102864206592919
317079,SCOUT24 SE,1,35.7182926806598,99.5599039189465,49.935147106614025,14.287317072263921
318434,ZALANDO SE,2,25.77189581186032,99.80006384942645,51.364603618985655,10.308758324744128
318452,ROCKET INTERNET SE,0,5.697516261139982,79.99464729846966,49.69262130259553,2.279006504455993
318659,HELLA GMBH & CO. KGAA,2,38.773495571686176,95.08609758287044,48.50201373348936,15.50939822867447
319665,ALLANE SE,1,26.157415407496494,99.6051013325517,49.02877557485002,10.462966162998597
319865,SILTRONIC AG,2,40.192998427209865,85.45470443333305,52.314763705395386,16.077199370883946
320124,SCHAEFFLER AG,1,35.35626695101202,99.56006094646249,51.180385278512226,14.142506780404808
320448,COVESTRO AG,2,37.92576648113187,81.56829052792654,48.09196160090903,15.17030659245275
321632,UNIPER SE,2,0.14650166057722513,70.97113999126427,57.27517568462736,0.058600664230890054
322597,INNOGY SE,1,16.222333339001928,70.8818377509725,49.01193924150522,6.4889333356007715
324859,DELIVERY HERO SE,1,3.924994058884502,95.65819143246554,55.63819397451671,1.569997623553801
324977,METRO AG,1,32.19637687423816,99.63252761403197,47.4607418544075,12.878550749695265
325735,HELLOFRESH SE,0,1.4167929043318268,81.7284880380267,53.30244193841643,0.5667171617327308
326410,1&1 AG,2,42.66873247041811,87.72158329546129,50.792108381118446,17.067492988167242
326577,DERMAPHARM HOLDING,2,26.810713867831904,94.76907687086477,51.77075104089162,10.724285547132762
326765,SIEMENS HEALTHINEE,1,36.49787632423842,94.37352085442231,51.26869181967411,14.599150529695368
327148,SPRINGER NATURE AG,4,100.0,100.0,50.0,40.0
328745,KNORR-BREMSE AKTIE,1,26.70687416666844,99.89541850689648,51.56221330847163,10.682749666667377
329260,ENCAVIS AG,2,32.62909314134529,93.19142713725917,49.15480802951739,13.051637256538115
332311,TRATON SE,2,18.921925210183392,96.98948824659875,55.382263128427084,7.568770084073357
333885,TEAMVIEWER SE,0,11.283465919299715,81.25563452941643,49.24505337231101,4.513386367719886
340115,HENSOLDT AG,1,23.55852602062999,98.43560538734644,51.083964374670195,9.423410408251996
340153,SIEMENS ENERGY AG,2,31.69988316042967,86.80471351780226,50.16352136967579,12.67995326417187
346413,AUTO1 GROUP SE,0,11.8533494097228,76.43232429184206,48.75095822257205,4.74133976388912
347562,SYNLAB AG,2,28.42267210317803,98.99646298248821,54.2862302378913,11.369068841271213
350278,VITESCO TECHNOLOGIES GROUP,1,18.819370214184676,96.94848762020646,48.87317400240139,7.5277480856738705
351590,DAIMLER TRUCK HOLDING AG,2,32.785251294292706,72.02964938182039,51.45100011103179,13.114100517717084
354519,DR ING  H C F PORSCHE AG,2,17.92714667470823,39.769542896940905,54.22549581907522,7.170858669883292
355804,IONOS GROUP SE,0,0.032531672281622605,83.42426943459948,47.48368446280868,0.013012668912649043
358679,SCHOTT PHARMA AG & CO KGAA,1,34.077536280378865,99.43953328032111,50.45937912228225,13.631014512151546
360887,DOUGLAS AG,0,11.7082472917549,84.51441992583624,49.008330895997744,4.68329891670196
