gvkey,conm,cluster,proximity_score,profitability_score,liquidity_score,leverage_score,efficiency_score,cashflow_score,structure_score,relative_score,overall_score
17436,BASF SE,2,48.933061283546444,69.72011712987924,74.44620628976932,71.03219392143527,69.54871745173511,89.34888568009933,83.59596075989518,52.417068129463935,51.052774949298225
17828,MERCEDES BENZ GROUP AG,3,70.24648481791877,83.2543969273699,94.70617803385814,98.47497967024546,77.2272625767872,86.58770274388361,97.97021643114049,50.65420234507842,66.18106066618411
19349,SIEMENS AG,3,63.51910774563312,81.78759621016165,89.79684087913097,97.99588693394709,73.57545571120514,78.42923786565518,98.14162623407016,52.79590522476672,62.60106939036106
100004,ALTANA AG,1,61.72945410774927,89.68117527344624,72.67697510091057,72.43681033816505,95.04581370107486,89.83122921492553,96.97418577405854,50.81664420579999,64.12856978676669
100010,BAYWA AG,2,13.324587861454138,52.969151794095296,57.87134099541598,19.949231871263127,43.01617827110979,83.8058541963868,87.38727461508,42.73365743686847,24.3710154311935
100022,BAYERISCHE MOTOREN WERKE AKT,3,54.911984757858846,73.49647840010441,82.90772914027278,98.27882239433707,73.6137364523373,69.25908864703226,98.27169115865186,47.720616649079034,57.53403229044873
100037,LINDE AG,3,52.60976018456085,77.91106225544566,67.28088076386214,81.27110759259695,70.79094802605672,84.77880263043195,94.20951579730567,48.06273696510596,55.37186948808167
100042,MAN SE,2,33.33380236857798,69.13736745701401,43.98281898618946,92.13399597184062,55.69274344067853,83.38539596418758,88.94456398429486,45.44913323140333,44.728305552119835
100054,HOCHTIEF AG,4,25.194692436844484,43.09676506972393,77.26938068955329,73.65754948942893,61.74755578774482,41.09149984171284,91.20384046047498,52.08743292214629,35.3251183057872
100080,BAYER AG,3,40.585031274855275,46.000105087245366,88.28851570894085,82.85688089485144,68.52359981548138,88.2324492231299,97.2713016896409,49.5936476195404,43.998261589198535
100083,BEIERSDORF AG,1,46.36208258967073,54.50851536310542,68.85045154721226,76.89575657210459,94.92930805017468,90.0807481391401,97.36329902549761,50.039127378637986,51.375507973226036
100102,BILFINGER SE,3,38.23597607795673,54.89943603387864,79.82112316080264,90.64632229667845,50.12021411420881,85.16109786027135,96.45201878145335,48.51910516012257,42.85694198475758
100103,DEUTSCHE LUFTHANSA AG,2,37.2728466289966,57.38575499646698,55.88577738063203,80.28090854633196,59.22455148893341,94.65472195788621,96.43327084702132,47.33193524284634,43.29806322886524
100301,DEUTZ AG,2,54.19979394974467,86.1693808633546,97.15968303970168,59.535113232292666,84.0425216225362,89.33707518353796,81.81724280768579,50.739152867013516,57.47368331917849
100312,RHEINMETALL AG,3,53.13715121151027,57.67542139571067,94.72582568814771,82.22875732142072,85.31748905536436,84.24322665652619,96.75529006009408,52.099952543978745,53.81044385419297
100368,GEA GROUP AG,3,62.9064347330167,73.58576269807592,80.83539128494674,84.0295221369152,85.55778501125769,87.30598036758505,95.14489820163435,48.7073326690425,61.11634639820204
100373,HEIDELBERG MATERIALS AG,0,37.40578192677323,73.33820241638415,65.83264712768697,54.31024080587801,69.70965470530754,67.15496007703604,83.01573285292129,48.50641216995229,45.517425540370056
100431,HAPAG-LLOYD AG,3,39.730224392561006,74.0586563250035,87.84048988047111,47.52330691975543,68.74253122873391,82.43565444084223,88.91872224388098,51.87256059454115,45.76753139831074
100449,KUKA AG,3,53.05129196071328,56.89406719291246,89.45435819748329,83.61180774091572,82.24510029241007,97.35853946353659,98.03976779720762,47.01717847606265,53.29727604082089
100458,STRABAG AG,2,44.11047533738952,68.54763426449666,87.08985395035174,53.05089164015501,83.74426256879322,84.14136943471036,80.87863031224659,51.01325842971614,49.220445537189626
100590,E.ON SE,3,42.15936168070574,76.02328135251,65.68608182276525,56.72174540967622,89.33474509959825,72.90408612622576,78.25515550757358,48.837867356728,51.14078724869165
100609,CONTINENTAL AG,3,63.53647843641448,76.66454561844735,95.7902604754629,88.47785440659928,74.49767295894726,84.15762648886951,95.79824138090387,47.53810534943971,60.76993688275728
100676,TUI AG,4,13.656660291232434,30.693809796815025,40.87539798473695,47.204753260002065,65.50621717417144,40.741386441668446,62.57912042098083,46.90271947499179,26.147833977981904
100736,K&S AG,1,24.35810006641924,37.72392798888579,63.116371203594134,74.3731355101889,42.443690991425484,90.70810633172624,97.13722075255936,46.569994005919796,31.091892824077565
100737,VOLKSWAGEN AG,3,61.15326221711275,84.00038337303843,86.28457341172712,83.81050774345896,75.03425299613095,76.00926319952012,97.28780696515584,48.60347816723868,60.89757028521832
100746,CECONOMY AG,4,14.048718581662861,41.70035358065794,80.64724758183822,49.39526684792238,26.635879517870283,44.211637527943445,70.02700624845575,50.34915364831119,22.894466761269513
100764,SUEDZUCKER AG,2,53.70933611337411,73.90922880941396,62.94435432433008,93.12970907255227,82.93983010365326,85.62448363136278,87.93717830765195,52.51947257954534,58.019525630035645
100953,RWE AKTIENGESELLSCHAFT,3,27.553808858961958,51.2067876817278,96.45380209478824,91.20853678931013,40.74428167420548,53.22445609168176,99.98581876248109,51.99187358967479,36.49537700999218
101059,AXEL SPRINGER SE,3,51.97474675763408,70.25742897921488,67.29098543274625,88.54105843748098,69.89125657918565,94.2447584620142,99.23068447341143,46.28077175164802,54.179178829522556
101120,AUDI AG,3,45.046236162487894,57.78658148574476,71.10323121137851,72.12421407422757,76.42350321717055,83.10772330545923,92.79434151938504,49.022273464366556,48.25175765214245
101148,LECHWERKE AG,2,12.585667993841856,70.82425714284214,14.075961082517678,90.73461780271892,60.27533193237391,79.17818057757499,89.57708489950514,43.16269497939694,37.31388019623315
101161,GELSENWASSER AG,2,59.117761508142216,75.4278768258717,70.43963171942794,91.02645556603744,81.4661358920277,92.67811337618124,87.65988736005883,48.11161531237152,60.055245908839126
101286,LEONI AG,2,11.569852184760697,58.888851367073194,25.120442839410195,26.454718058324623,44.831580070333615,83.44471978206903,87.38727461508,41.571818888630254,25.775919963701426
101390,KSB SE & CO KGAA,1,49.08529014257777,73.02516738091113,77.4429449530444,60.47450300486552,74.68731120782905,97.56961540411353,94.27689863745131,50.74070843444322,51.48969651487425
101768,MCKESSON EUROPE AG,2,26.78250947370639,69.05123087960476,42.10680768938232,61.95389731509705,48.702382917364275,77.47663079845314,82.2145711414661,51.287484439107246,38.023997134517856
101937,DMG MORI AG,1,61.18390644343417,71.02554705565815,73.33999887263506,95.90697057618634,85.62784204073,95.31194889379879,99.35094324484069,50.06629970786516,61.11354535223343
101942,HENKEL AG & CO KGAA,3,38.089282820338106,60.61315937711329,90.0258060686154,47.18641145322208,80.9528645946504,80.4439213652121,88.88495443070741,51.167309799758534,44.21991583807767
102175,PUMA SE,3,46.97070987556481,64.9473910022448,68.8637755929696,87.7091959135073,63.24739875539749,88.01394988312357,95.41790988539131,52.00321665061769,50.03579155533524
102187,PORSCHE AUTOMOBIL HOLDING SE,-1,0.0,0.0,0.0,0.0,0.0,0.0,0.0,,0.0
102218,DRAEGERWERK AG,1,59.455983705149904,79.02692574798303,80.06199110380628,83.68934383110907,69.8444238681879,93.27677687860589,98.90684578497478,48.84836760572618,58.43337659499566
102250,HUGO BOSS AG,3,35.68265081289576,41.00025071290236,75.11210171458269,92.83033796201391,70.24050822921114,79.36513556828584,96.36317785274767,54.3524437524465,42.29222049832184
102259,SALZGITTER AG,2,54.88311525607824,81.57617361669566,75.8065069768067,73.96594024132989,77.96843256367117,78.35867097630653,84.23830233087632,50.72047527439842,57.36033973445409
102365,KOENIG & BAUER AG,2,51.27020806153083,66.87811635452027,72.98842777755215,77.8086968820699,74.5904005461357,82.6997648411509,98.1876700871494,48.42263900576152,52.85313626564374
102529,PAUL HARTMANN AG,1,56.011473837945836,67.86595464698603,92.45634598809734,96.56619803895474,66.33718121358197,90.54783460407388,99.61817058078772,49.82988007186784,55.58497745050831
102926,KWS SAAT SE & CO KGAA,1,43.79671557551651,48.7899922656276,69.66647402873278,89.58148858687544,87.28701426671267,93.09240798301722,98.4081491911327,54.62805687602335,49.327885682026576
103176,THYSSENKRUPP AG,2,45.31350713217357,75.40083199414693,50.682182868847015,91.56931291190482,82.17166053015922,85.32159013458495,89.03493285395638,49.909401016203894,54.688249622413174
103200,FUCHS SE,1,26.71221222840034,34.69895332796163,88.53978180005481,62.34040607396483,54.58639773739571,88.10746154965227,96.1514401907979,52.727108379023974,32.0466758249583
103255,BERTELSMANN SE & CO KGAA,3,64.43868821259645,76.11577224834197,96.15177483657986,84.10736765572273,77.91853338303811,86.22235500395114,94.74395612336757,48.55536290822153,61.09714650773496
103269,KRONES AG,3,53.406866222456564,68.43288253257563,76.6839496756269,83.46431344507843,69.64926494024283,89.24442124774116,95.01570525685247,51.63704369762033,53.84314408104202
103487,SAP SE,0,28.224029602147084,73.46095743980729,71.37584157620218,40.014561471391346,51.7583805830645,76.32794674525202,80.74178171011252,50.381088034798914,37.7470165634191
103533,SIXT SE,1,20.45275852623267,42.639009453838,40.07945640765402,50.861353328479154,85.41082101025607,50.55279687137424,90.984575198543,60.0391899554328,34.606663785647
104357,KABEL DEUTSCHLAND HOLDING AG,0,10.164975975716201,27.308441243605486,36.96328224401901,21.57828493324922,88.4130720103974,66.18204450049858,88.67195764468143,46.09924901805722,24.947467933892113
104364,TELE COLUMBUS AG,4,5.7990469009727015,73.39430587786403,76.91136507983599,9.799135616606234,31.858489975225368,36.69322800244654,61.636077574168034,52.12316856693049,22.757166993906313
132740,INFINEON TECHNOLOGIES AG,1,44.559386298820485,54.68066717360859,63.54003843815772,88.87699354984422,78.4018717813262,90.49726679817441,98.34769991776656,49.71527885172813,49.40786807643326
200759,BIOTEST AG,1,27.669407505658572,79.88828298769874,33.532327171622256,57.73389455754128,73.06620300873755,95.58293372125185,93.70800785425295,56.04095797895484,43.77873950686794
202305,FRESENIUS SE & CO KGAA,3,58.96156804142949,74.34973969431053,90.62401316788002,75.87543937815559,74.14168325785967,90.09530390691157,93.21866193490403,47.9598270093136,57.16337158192841
202807,JUNGHEINRICH AG,3,80.5877382974495,91.50396548952267,86.36808062620919,96.2227308997912,96.35242841492001,88.79676944040452,98.47032988708312,50.67639180436865,74.61102576910145
203162,HORNBACH HOLDING AG & CO,2,45.000066682004864,52.993211098867974,90.38324688126562,74.91821572885323,76.94424561172877,81.32149404528202,84.26138768657272,53.384587043265995,47.63212730722018
203586,VTG AG,0,25.35875086291136,48.46805087896031,87.63111185220609,53.814435732505416,38.6560912128722,92.03274661363268,80.64011347561919,49.92025473026254,31.016967776137978
204820,FIELMANN GROUP AG,0,40.676830983277014,63.08885546629129,81.86232739525062,75.83381599412297,52.2532057419289,81.70176095418171,87.3675536156487,48.44442057590695,44.309865947270694
205865,PROSIEBENSAT.1 MEDIA SE,0,35.53979275693798,48.96194966851553,88.41692056781497,84.50703088960229,49.87895127161446,83.41655667787505,99.23210960372745,49.051383091018515,39.9408528161807
205934,FREENET AG,3,38.96380052309827,56.82845145302243,53.1474757536178,76.05151279738493,86.82601772339298,76.78351297642972,93.33320215622537,47.474308107604074,47.580264438091234
206703,SGL CARBON SE,1,53.979912739296545,65.67881672429027,85.8380819606831,66.63372098428036,94.85949550241692,90.15387172990721,95.88962757423987,49.23132097518871,55.62002486436725
207096,RHOEN-KLINIKUM AG,1,25.92131475197589,27.922483526593663,88.93928556041669,67.62301996286372,88.37254098429882,89.62772123277644,96.58079560983623,48.063698232782556,35.97120575004028
208821,SARTORIUS AG,0,38.136794658836834,51.76432806795837,61.266041624265014,94.14577638532253,61.77798781331059,87.76430196992561,94.65557853757957,48.624335448571436,44.28885928765525
209440,VOSSLOH AG,3,64.44684491847367,87.60387848486128,94.94423339549283,67.748270819577,93.70112741566902,90.52732532785026,91.94264313905946,49.049990468276576,64.12950985866978
210326,BLG-BREMER LAGERHAUS-GESELLS,2,0.273689661427767,83.24377874535107,99.61635842544972,1.79959196890578,73.6559057778424,67.15593270382895,1.3720873756034346,59.088846721754095,27.986576677208262
210332,CLAAS KG,1,48.71202297178638,61.07513067863134,72.06237060921796,74.29446022939801,75.69472011443142,98.14010870530083,97.44447649183702,48.37854208850914,50.483489364545335
210334,COMPUGROUP MEDICAL SE & CO,3,68.50895258557487,84.34692908565347,83.70058438225954,89.86513516565296,79.44047687598359,87.45706525473419,99.30926959028876,48.204253201323,65.17555189932348
210340,DILLINGER HUTTENWERKE,1,62.99950131011474,70.61541664736578,91.03660049757316,92.2269277780288,90.70228711383064,77.13804242545211,98.71899584084474,45.26405322063308,62.15091969839653
210359,EWE-ENERGIEVERSORGUNG WESER,3,49.272645872321995,62.187734122112495,89.78156244251046,79.61632286532497,71.32094076544648,73.4259543625744,95.50023785730957,51.21022607720536,50.806378574700766
212782,FRESENIUS MEDICAL CARE AG,3,65.6136310968485,79.84250856248804,92.88275851359474,79.08983357160886,80.38611625816549,88.62005110568792,93.76418511715596,48.6252987954399,62.18085494712271
213034,GRAMMER AG,2,49.033870916847285,75.2660570782815,85.97894983108732,57.57929512668646,86.21019459970589,80.470184440077,84.00362734400642,48.20454843995948,53.356218485019745
213037,INDUS HOLDING AG,3,54.28177227871595,62.071722137852944,74.40766367646505,90.49738133340705,83.38255540265664,88.93315995618087,95.90693025699434,51.64644263248302,55.68417478279617
214700,STADA ARZNEIMITTEL AG,0,39.5929453142315,62.077458837579734,99.65371816600178,77.87263737474169,50.10921120243764,74.10580857424462,96.44128964321852,48.15894600920582,43.556315311048365
214759,HEIDELBERGER DRUCKMASCHINEN,2,41.88607289432122,44.734535091514296,90.9320268400186,80.73810728484511,84.721811277624,85.11920671478565,95.7166681302221,51.91315459325708,46.48341859615945
216524,ENBW ENERGIE BADEN,3,35.40393973172034,60.86893871275326,87.45435776843802,56.844999573483875,67.98568119801543,58.681767621961626,78.01188613979426,53.08564284603311,42.217715772289495
218000,JENOPTIK AG,1,64.42670912599525,77.20140209646084,72.44215182674284,96.56334727533529,88.7575089330522,92.0119529223306,99.5034328170174,50.00528499633319,64.18092513718162
220293,ZUBLIN ANLAGEN & PROJEKTE AG,2,48.42666553524521,82.16299634453554,78.9849208680884,84.87034109937856,54.22560734892797,85.32306161775513,93.25578540468493,49.51076471817863,52.42414069528225
220295,ELRINGKLINGER AG,2,45.59927794611186,88.78011208197826,87.85677708451647,88.97203602993709,82.9441941879031,48.70135265257938,86.97068013919811,52.296144927511634,57.334566326019576
220301,MERCK KGAA,0,34.20755412615139,87.2767155718013,68.57761808191214,43.928433690482024,63.012259979538435,78.71885054139418,81.3325025847735,49.75398030572698,44.98304713079979
220303,AURUBIS AG,2,18.89496450278001,53.16141794743678,46.56787097570895,47.965703287943825,33.901651156578794,83.08769716612883,80.14555269113634,54.14529653651999,28.07208739288056
220307,PFALZWERKE AG,2,63.160337188337614,81.3320499195784,89.71236120692669,75.02235573610442,82.94452834816367,82.06089570157408,99.75022922212487,49.126770507677634,61.47445968508572
221244,ADIDAS AG,3,50.33435875847313,61.089254812159,92.0656968354269,78.55504387684688,68.952516542874,86.07933698192427,95.02064034355382,50.569371970406955,50.549976334936844
221614,DEUTSCHE BAHN AG,2,10.612316329631664,59.01101926150007,63.52548861826644,68.01407433314341,31.329249611986874,17.43338844860653,97.18722021481757,42.98893355046987,27.547925259265053
221616,DEUTSCHE TELEKOM,0,44.57887254987965,52.64830331753417,77.55619146052642,76.60094952652294,74.50809013071958,87.58545150981739,96.41464971845825,49.34584884935505,47.197518155718925
222247,SOFTWARE GMBH,1,28.707170334759642,38.04228403169892,53.35297981952611,85.26311937294352,67.98357083389219,79.25149513717031,98.03918710057253,48.52621497630753,37.81517250262182
222340,DUERR AG,3,52.669109529053884,60.15637160551031,82.61493819027098,73.99492103923025,87.04846453738304,97.50198279973131,92.71984832761262,48.39275085992836,53.555679917254096
223089,HORNBACH-BAUMARKT AG,2,48.14013628597973,54.74802326253197,90.83465644524843,84.18877088148652,77.66254928646192,80.64710814432074,86.07419932465649,53.171771673453165,50.27391864801623
225236,UNITED INTERNET AG,3,62.76960320415994,84.2963176252828,76.86780160914392,86.94163778299139,76.4495336725466,85.54746420350286,95.20162874319732,47.48996938415976,62.12869863590167
231016,MORPHOSYS AG,4,0.49245995975075424,3.508950967156706,32.59820786984614,58.17104800559161,43.15261325407553,2.739368234266522,26.00576066928035,48.689190096668305,13.188770966002133
231081,GFK SE,3,74.21448529154596,88.25987319733359,97.87008461034118,87.38053733583462,82.67312758231246,87.35148856335917,98.66481092054323,49.68451602009265,68.47679162701543
232623,EVOTEC SE,2,26.759239107423937,52.201837624099156,71.9147632814649,60.73492834779734,42.67517623348782,64.42803809060676,81.96247435448394,48.26085991968027,33.61883243759232
233025,CANCOM SE,3,50.14976067105017,64.86696552577929,93.41896610482239,83.96685602246482,62.12395310729881,85.53623767526307,94.86319973572404,48.63233302101162,50.74857594191723
234919,CTS EVENTIM AG & CO KGAA,3,47.42407743104969,62.036332345985116,69.10219319847745,74.73573300573723,82.18753048905924,77.58737048538804,93.62255876368293,47.444025334559214,51.17860031554951
238136,BECHTLE AG,3,34.5704192676788,62.61644231599628,59.45209887398004,74.50657088714749,48.02769660592943,90.94614615311308,93.05613626527605,51.81752326079615,41.006267749874944
238442,CARL ZEISS MEDITEC AG,1,59.087502875500476,73.09038767356587,71.4678869657218,88.75668414360418,81.30174285715609,91.25786581679905,98.33788373896765,49.07172069642702,59.3240085278472
241456,DEUTSCHE POST AG,3,46.178010068726984,58.29455731581975,70.62485004314344,96.82934734444012,65.72305881815814,91.75347229445252,98.55468057689379,46.74722108796145,49.671509047822475
241840,SCHULER AG,2,20.045819921418605,22.21265787846396,67.88213457139008,92.99464551305758,80.42922762075763,72.3143990733464,89.8189148380408,47.51115486334532,33.824708238679634
242158,WIRECARD AG,3,24.593223785175418,55.16692789056766,54.554504795704375,93.89058829522384,61.53915436412193,36.662314184828475,99.3975598571659,59.80262021367044,39.49060707632437
244394,MVV ENERGIE AG,2,53.16494325324085,64.22684730355456,90.4822046991275,88.25491824693114,68.81495580841514,83.49525519847816,92.99844366114098,50.19884120274491,53.25908195796264
244398,TAKKT AG,2,38.08129913166177,65.72976801539797,90.38881705596876,47.04423065105042,81.59235895423394,74.58032968213246,80.00755751576872,52.4515702315005,45.32175016398443
245628,NORDEX SE,2,50.600420454272985,77.68499109528139,70.01597935869091,66.4291886707036,77.23202976798915,83.83932179892362,91.38999389045608,48.66072734325955,54.004889733034204
245839,FRAPORT AG,3,24.733314140947826,67.42206185269633,88.28489476274612,67.02455745226568,29.03155543420763,74.85063191981372,91.91777201543519,53.90234601541281,34.434927087276115
248166,MAINOVA AG,2,48.83717605852821,71.73962847204639,72.65275803701351,76.16574792805339,64.78745763983324,90.30533006476902,84.51046181986048,49.53648628319947,51.21748955660088
248220,CAPITAL STAGE AG,0,3.3825839580905535,36.17313505826832,65.52067402756997,90.54045320215785,4.105894275069172,80.1073519742946,94.55867077510533,55.278452090050635,18.25759005636605
251958,REPOWER SYSTEMS SE,2,8.914283537250569,85.73977359484476,80.96062758908556,10.58245530737523,64.19561836268763,48.72011654884037,87.38727461508,46.98782924435208,31.401256419009847
269104,BAUER AG,2,54.92985229865458,57.408474278142805,92.739769505144,91.99658786473375,84.71156199430322,94.77483790042636,91.50196036858723,51.39240891836751,55.36002886070925
269835,BRENNTAG SE,3,46.33468499356913,70.81414313214307,83.8379339896394,85.69353614475972,53.59586338608842,85.0719767114447,94.99363445371635,49.321299022346885,49.3054357462455
270249,DIEBOLD NIXDORF AG,3,35.66368351098025,64.75893925226647,66.69208325336153,68.16992440613558,49.24238516885692,80.17279726672606,89.36140283558962,46.36344070402524,41.42061147078749
271763,LANXESS AG,2,23.509006305855458,85.23809962870656,73.18872656736303,65.35859984635069,59.92167800960579,29.457826855631037,82.6722311124503,54.27059483875045,41.97533413415943
273099,MTU AERO ENGINES AG,3,58.69322311162881,68.69101760580088,90.40586330452754,79.53048615310311,80.18122381608936,84.26304024019704,95.4679132622988,49.48487264128733,57.19572495353542
276585,WACKER CHEMIE AG,1,44.77764169206523,52.63428721029714,92.84004053163434,83.71812024431797,80.27176858787503,68.05386013491649,98.9049574457714,45.816651639394905,48.850491431498575
278310,KLOCKNER & CO SE,2,26.702037620580672,75.54957198054856,40.88442662983974,63.107121482211866,46.4054885393203,85.17047631106254,82.32784516737804,52.852732089678916,39.06226487346122
281772,SYMRISE AG,3,52.74503917712398,70.7702760591687,80.75693047020299,69.71668630349697,82.41992858179596,76.76279658168149,92.21658757528596,53.19269109591893,54.58672880030242
284636,WACKER NEUSON SE,1,48.40252397895755,60.30773294043913,65.30253825838157,88.4637359033569,85.5934384268846,80.02159961618031,98.31901520002008,47.90771245210986,53.107945534039224
284944,GERRESHEIMER GROUP,3,53.033098454816795,89.44166622379257,74.72621506195486,87.80315720306355,76.05312492551211,63.179300601470786,95.37881619440125,46.07631652968528,59.289857085818404
285715,SAF HOLLAND SE,3,50.32988889347152,65.91045690431628,67.36943697298133,87.11911302175403,72.19508214738465,88.01649011556107,98.84165095611972,52.10222308914905,52.85522056253496
287162,HAMBURGER HAFEN UND LOGISTIK,3,41.74231256231603,68.65565347614915,86.44176184184367,68.54651208001674,56.1822014357866,71.05224364331147,91.06340375771192,49.4763096442018,45.71003714352591
289333,SMA SOLAR TECHNOLOGY AG,2,35.642921741718794,44.81482636539985,64.9009214107162,87.20942105786091,79.15174649701919,68.7174361916917,87.12780601427033,46.01821099485024,43.81383805010646
295079,STROEER SE & CO KGAA,0,44.87034070612263,70.15717450152647,74.9632251041037,63.633093208894756,64.077019959741,90.46525085209754,86.48361784633283,48.27972430644961,47.954433497604974
295421,EVONIK INDUSTRIES AG,3,64.81476664595831,75.07383495596112,95.19905450385183,73.86223619031892,95.12059084541917,94.05121303712545,92.93370459910064,47.312737721268284,62.59498589542032
297185,KION GROUP AG,3,64.17510131008788,77.0190867909896,75.06379198243404,93.5218738363847,83.36730443000833,91.11163385149476,99.34428701828817,46.973233995955,62.9311409303728
297222,NORMA GROUP SE,1,54.6737334224031,63.5628084895538,71.19361275234775,84.68770029551557,92.85828502062644,90.22459972044251,99.0819348660195,49.14081889316237,56.97956784951752
313972,TELEFONICA DEUTSCHLAND,0,37.65719851659814,44.7012419819669,74.96358213505225,78.76500757528562,75.22929071175142,76.96243458727268,88.13886335084105,48.58828531459438,43.164022167323914
315541,OSRAM LICHT AG,2,0.16081266688411308,51.244992886073234,63.16549382424963,44.74492674690562,0.1797562583256413,77.65060950011159,79.6835975160309,48.59150903032098,14.8147797574077
315582,STABILUS SE,3,66.12134597787903,89.97008613441028,72.721591989347,91.82814321502823,87.50033913378631,83.34381676121637,98.58281817635601,52.378005663002504,66.75042080960445
317079,SCOUT24 SE,0,16.109679405109304,40.542045029075666,86.14511634011137,32.15898246915395,48.87191730030164,44.815225880176065,79.58086061715622,51.33747218396433,25.0989666098195
318434,ZALANDO SE,2,45.20012749784467,52.39534978681108,77.01538828157622,95.47775064132092,77.04553788812053,78.32009288866912,88.57816799918609,52.78346934935123,49.66372670385026
318452,ROCKET INTERNET SE,-1,0.0,0.0,0.0,0.0,0.0,0.0,0.0,,0.0
318659,HELLA GMBH & CO. KGAA,2,55.37164176320574,71.52400876345497,80.09738866529608,73.8280612945833,85.43357528567869,81.6559686867088,84.11845829664256,52.16826744231464,56.65130088028342
319665,ALLANE SE,4,19.62445939700868,51.22499331019325,70.66353450376441,91.1237893749546,51.793022685534915,40.71775116684236,40.104805422015126,49.834388206567716,34.97611476116782
319865,SILTRONIC AG,2,14.06495203778686,63.3686595393247,75.51330816089128,81.12804739594296,18.96749012894518,42.60300091721565,85.39396545498073,54.673378118070005,29.257640981915756
320124,SCHAEFFLER AG,3,49.642819631054856,65.66478170233012,95.93374253943132,60.79378239893792,93.67580185821619,86.26401179606825,82.2843578807958,49.392811240755,53.12083271151418
320448,COVESTRO AG,2,43.37383189529955,94.1926318628209,81.10745400245429,62.357739764551276,83.8574326028104,54.97564763545433,82.21723772797893,52.36110061341903,55.002447997560694
321632,UNIPER SE,2,35.09012318075852,52.30262746424411,73.95726558240369,84.74807755536669,49.094573915150676,80.34697369878832,93.6745361618319,50.710084028437784,40.335568607961505
322597,INNOGY SE,2,32.79524207937347,44.11797179657704,85.05878225070761,59.483051893009154,62.054491244580554,85.31422716989876,85.53821078462181,44.536483757057056,37.1981700670528
324859,DELIVERY HERO SE,2,52.33742014212608,68.85565712645166,94.81821395078256,67.99099175448683,75.87629215801425,79.66549632041125,98.03463104705078,48.58521108562295,52.88664248129158
324977,METRO AG,2,15.245125742455798,88.48924225358232,40.97606724729989,58.89214611169968,21.583760911457137,78.72218470941965,82.17931077286748,49.37615600715237,32.92267749558732
325735,HELLOFRESH SE,3,0.16348490115622835,35.527567536951196,66.34636851688089,96.54500373353225,11.625323783673574,0.2629291776705545,98.67606985234025,53.22693055104006,18.569206408756994
326410,1&1 AG,1,43.51084234895639,76.24737794124994,62.37560398299124,58.51804415158301,75.49979178696623,84.52724237193355,95.83654431383714,48.26852176279908,49.83058571103577
326577,DERMAPHARM HOLDING,0,37.17324469271151,79.49871201616904,48.339484090220544,98.71915293130802,56.07914883634451,78.5380942089033,93.08555426265268,50.386701208927484,49.052827898900894
326765,SIEMENS HEALTHINEE,3,64.0913215538234,82.29293784140997,92.35889490014864,88.26331821990688,71.97250990849145,84.67040904039047,95.4584215806439,50.24541041238725,61.71732449807577
327148,SPRINGER NATURE AG,0,38.81726402703824,60.74339609009544,77.7508114335217,87.69174270840708,49.967284872996295,76.27845157600225,89.74256520676069,50.94420385092528,43.93985183062454
328745,KNORR-BREMSE AKTIE,3,52.70594932822254,66.36699220097293,64.33346171486555,90.8589293890207,90.65136883433168,84.41647552039232,99.72313396484044,53.39620852443774,57.03937643553543
329260,ENCAVIS AG,0,3.2541607587478025,40.082607022171516,82.05340656450446,74.3948467849905,4.131732358251657,45.71864648979948,94.14551670830396,50.78269006601323,17.377430240170224
332311,TRATON SE,3,60.35054625325675,82.88807246525691,72.5450655520168,79.99566278597754,91.88868865620186,78.60942987272385,95.7503754655024,47.034602328391884,62.50070257138212
333885,TEAMVIEWER SE,0,12.93095802500476,27.694374511379905,35.41391991576751,53.21791948439546,49.41147155081252,56.88606452577869,60.95501466823142,51.87007495863975,23.44477079333931
340115,HENSOLDT AG,3,49.12020122300545,71.08052476536356,92.34013805982416,61.81844680003452,71.7159223732715,90.94720258799182,83.70445794267086,50.39386307822005,50.803418478269066
340153,SIEMENS ENERGY AG,3,30.631783419219786,40.480425902653394,59.961047189767626,61.432895566780466,84.48794370574831,87.96886638135656,82.26554777914863,42.2855776831896,39.16527966075889
346413,AUTO1 GROUP SE,2,10.039709925541217,73.37897709891861,26.60498830186674,83.40083633148897,17.591280095161217,54.139849363166846,92.91349263305924,53.108081219266346,29.670455037423295
347036,VANTAGE TOWERS AG,0,13.234135803610547,30.162671740808005,57.17368634348647,54.44709684404958,27.92080825468161,57.34962676598682,83.0564443048807,52.262039675534915,20.95901959221302
347562,SYNLAB AG,3,30.463867203135912,34.71963954533926,81.03432655700155,65.38728231844743,79.50163898910073,91.17120133862713,91.50542184147523,49.166067891861985,37.59344887053207
350278,VITESCO TECHNOLOGIES GROUP,2,61.23236870752049,69.27736692669168,92.95615363441716,84.69744555317241,84.09021440766253,86.47990466643462,86.26986462934731,50.35883473353327,59.43169758481316
351590,DAIMLER TRUCK HOLDING AG,3,57.955231614318905,81.21118720863305,67.91955844752961,86.7332392885935,90.86975014409983,76.0542509047171,98.40966934669414,51.0906411440137,61.7281165379285
354519,DR ING  H C F PORSCHE AG,3,56.485850920077695,62.25628888973779,91.33909051243975,79.32661923469695,95.41452390043969,83.23707526038294,93.91272279780782,51.10663594311063,57.29043865451428
355804,IONOS GROUP SE,0,17.61062760101779,32.78828423191691,94.168092936562,37.313388256689045,46.933801505556964,95.73802762280343,62.358799202278384,53.73992708254457,24.37331693829295
358679,SCHOTT PHARMA AG & CO KGAA,3,36.13269404222571,45.6638008448853,93.58918331808853,57.02502877791961,76.2068627386444,87.53528598521578,90.3066518510695,55.851903851684604,40.719370074455966
358690,RENK GROUP AG,3,51.77056608725427,85.75670854311983,57.64279347597918,80.26001156357067,91.04307560223587,80.376774915987,96.27994990831613,54.08675729764885,59.54203064021813
360887,DOUGLAS AG,0,31.550103825898614,49.09950692722729,91.00685347045417,66.7128573699294,47.576170990309066,74.59106608247282,88.71665921392741,47.94445326165834,36.247654301344205
