ib,cogs,gsubind,dltt,che,emp,at,ebitda,dlc,isin,gvkey,conm,seq,lct,invt,ebit,fyear,ivch,naics,lt,ggroup,datadate,gind,fincf,xint,oibdp,ceq,sale,dp,xsga,loc,ppent,rect,dvt,capx,sic,xrd,ivst,revt,gsector,oancf,act,roa,roe,ebit_margin,ebitda_margin,net_profit_margin,operating_margin,gross_margin,roc,current_ratio,quick_ratio,cash_ratio,cash_ratio_enhanced,working_capital_ratio,debt_to_equity,total_debt_to_equity,equity_ratio,debt_ratio,interest_coverage,net_debt_to_ebitda,debt_to_assets,asset_turnover,revenue_per_employee,receivables_turnover,days_sales_outstanding,capital_intensity,working_capital_turnover,inventory_turnover,asset_quality,capex_to_revenue,capex_to_depreciation,fcf,fcf_margin,reinvestment_rate,cash_conversion,financial_leverage,rnd_intensity,dividend_payout_ratio,retention_ratio,revenue_growth,asset_growth,employee_growth,fcf_growth,capex_growth,margin_trend,leverage_trend,capex_trend,fcf_trend,margin_volatility,leverage_volatility,cf_to_assets,cashflow_volatility,margin_consistency,growth_quality,ebitda_outlier,ebit_outlier,roa_outlier,roe_outlier,ebit_margin_outlier,ebitda_margin_outlier,net_profit_margin_outlier,operating_margin_outlier,gross_margin_outlier,roc_outlier,current_ratio_outlier,quick_ratio_outlier,cash_ratio_outlier,cash_ratio_enhanced_outlier,working_capital_ratio_outlier,debt_to_equity_outlier,total_debt_to_equity_outlier,equity_ratio_outlier,debt_ratio_outlier,interest_coverage_outlier,net_debt_to_ebitda_outlier,debt_to_assets_outlier,asset_turnover_outlier,revenue_per_employee_outlier,receivables_turnover_outlier,days_sales_outstanding_outlier,capital_intensity_outlier,working_capital_turnover_outlier,inventory_turnover_outlier,asset_quality_outlier,capex_to_revenue_outlier,capex_to_depreciation_outlier,fcf_outlier,fcf_margin_outlier,reinvestment_rate_outlier,cash_conversion_outlier,financial_leverage_outlier,rnd_intensity_outlier,dividend_payout_ratio_outlier,retention_ratio_outlier,revenue_growth_outlier,asset_growth_outlier,employee_growth_outlier,fcf_growth_outlier,capex_growth_outlier,margin_trend_outlier,leverage_trend_outlier,capex_trend_outlier,fcf_trend_outlier,margin_volatility_outlier,leverage_volatility_outlier,cashflow_volatility_outlier,margin_consistency_outlier,growth_quality_outlier,years_available,latest_year,cluster,cluster_name,proximity_score,profitability_score,liquidity_score,leverage_score,efficiency_score,cashflow_score,structure_score,relative_score,overall_score
507.1,20445.6,25301020.0,3601.0,2901.6,52.139,17416.7,1727.6,941.2,DE000TUAG505,100676,TUI AG,956.4,10029.3,66.4,872.9,2024.0,,561510.0,15642.4,2530.0,2024-09-30,253010.0,-531.4,492.7,1727.6,956.4,23167.3,854.7,995.0,DEU,6027.8,790.4,88.2,712.5,4700.0,78.5,53.4,23167.3,25.0,1910.8,5268.8,5.011856436638398,53.02174822250105,3.7678106641688935,7.457062324914858,2.1888610239432307,7.457062324914858,11.748024154735342,19.153464694782112,0.5253407515978185,0.5187201499606154,0.2893123149172923,0.2946367144267297,-27.332962042177904,3.7651610204935175,4.74926808866583,5.491281356399318,89.81265107626588,1.7716663283945606,0.9496411206297756,26.079567311832896,1.3301773585122325,444.337252344694,29.31085526315789,12.45272431401156,26.01856927652338,,307.9156626506024,21.1980455539798,3.0754554911448464,0.8336258336258335,1198.3,5.172376582510694,37.28804689135441,218.90250887845116,18.21068590547888,0.3388396576208708,17.393019128377045,82.60698087162295,12.103997406355392,7.827319779104047,-5.11037909258012,23.396148697353517,6.949864905433789,-1.203153195840356,-1.0373654036831224,-0.02992578510301,-0.1176912549925136,15.887563374646732,12.43675751067793,10.971079481187596,8.721879362357937,0.0630841057705388,0.2253039761118564,False,False,False,True,False,False,False,False,False,False,False,False,False,False,False,True,True,False,False,False,False,False,False,False,True,False,False,False,True,False,False,False,False,False,False,False,True,False,False,False,False,False,False,False,False,False,True,False,False,True,True,False,False,False,11,True,1,Lower-Mid,17.549711382851545,58.2492375019826,37.091268085508084,48.64703944798298,85.65859477679409,61.7852025535126,37.21035355553932,49.503111970733094,36.383225214854555
183.012,5106.223,55103010.0,1463.508,796.631,5.447,7876.016,575.97,241.787,DE000A0H52F5,244394,MVV ENERGIE AG,2178.635,3051.368,357.179,372.627,2024.0,,22111.0,5361.493,5510.0,2024-09-30,551030.0,-329.445,60.581,575.97,2178.635,6361.422,203.343,585.169,DEU,2819.963,665.709,82.383,412.129,4931.0,0.304,17.723,6361.422,55.0,498.004,3662.918,4.731161033700287,8.400305695997723,5.857605422183909,9.054107713652703,2.8769039375158574,9.054107713652703,19.73142168527728,10.230982144303503,1.2004183041835663,1.0833629375414568,0.2610733939662473,0.2668816085113299,7.764712514550506,0.6717545619160621,0.7827355201766243,27.661637558887648,68.0736682099173,6.150888892557072,1.5776238345747176,21.651746263593168,0.807695413518713,1167.8762621626583,9.555859992879771,38.19645749016494,44.329129556253314,10.402129016433648,14.295977647062118,18.567001387503527,6.478567213431212,2.02676757990194,85.875,1.3499340241851587,82.75616260110361,133.64678351273523,3.61511496877632,0.0047788057450048,45.0150809782965,54.9849190217035,-4.278055232457534,-17.55867834980779,2.080209895052465,-109.19012400112582,28.519217276058303,0.4304629757397033,-0.0453900198140223,-0.1418118434680071,-0.0285310335025822,3.948103928022732,0.2208531176360416,6.323044544348311,4.467484801843641,0.1307636816719675,0.1652528123788666,False,False,False,False,False,False,False,False,False,False,False,False,False,False,False,False,False,False,False,False,False,False,False,False,False,False,False,False,False,False,False,False,False,False,False,False,False,False,False,False,False,False,False,False,False,False,False,False,False,False,False,False,False,False,11,True,1,Lower-Mid,41.47826848958044,60.00831777024357,85.60207099047601,87.28018823021466,67.3583827816014,58.37997532283552,85.34050938590187,51.7461535339399,47.42474719014257
-632.0,13280.0,25101010.0,5512.0,1281.0,115.055,21370.0,1846.0,1099.0,DE000SHA0100,320124,SCHAEFFLER AG,3814.0,7673.0,3570.0,770.0,2024.0,1242.0,3363.0,17401.0,2510.0,2024-12-31,251010.0,1188.0,275.0,1846.0,3814.0,18188.0,1076.0,2075.0,DEU,7224.0,4609.0,181.0,895.0,3714.0,987.0,0.0,18188.0,25.0,1390.0,9801.0,3.603182030884417,-16.570529627687467,4.2335605893996044,10.149549153287882,-3.474818561689025,10.149549153287882,26.98482515944579,8.256487239974266,1.2773361136452497,0.8120682914114428,0.1669490420956601,0.1669490420956601,9.9578848853533,1.4452018877818562,1.733350812794966,17.847449695835284,81.42723444080487,2.8,2.887323943661972,30.935891436593355,0.8510996724379972,158.08091782191124,3.946192232588414,92.49422696283264,39.7184957114581,8.546992481203008,3.719887955182073,27.562002807674308,4.920826918847592,0.8317843866171004,495.0,2.7215746646140317,64.38848920863309,180.5194805194805,5.6030414263240695,5.426654937321311,,,11.49390057009747,42.40970278555245,38.01852162855979,1.642710472279263,3.948896631823451,-0.8422117865832994,-1.5961540276393669,-0.3702464647338149,0.0412501718813188,2.91794344941175,9.870028829367342,6.504445484323819,3.192472882427832,0.9163925996279358,0.0658763524934664,False,False,False,False,False,False,False,False,False,False,False,False,False,False,False,False,False,False,False,False,False,False,False,False,False,False,False,False,False,False,False,False,False,False,False,False,False,False,False,False,False,False,True,False,False,False,True,False,False,False,True,False,False,False,11,True,1,Lower-Mid,45.306084340789965,68.08625860599972,79.4964007883416,79.92596122971001,70.80494056761457,60.23169484257663,99.77180062866854,53.16893377572944,50.35302266562912
303.732,3164.856,55103010.0,897.252,53.35,3.416,5260.131,312.781,32.4,DE0006553464,248166,MAINOVA AG,2194.145,1131.172,247.028,187.878,2024.0,,221122.0,3058.171,5510.0,2024-12-31,551030.0,55.926,41.779,312.781,2194.145,3891.921,124.903,330.158,DEU,1762.447,720.41,88.2,480.477,4931.0,84.1,0.0,3891.921,55.0,437.463,1179.599,3.571736141172149,13.842840833217496,4.827384728518385,8.036673920154083,7.804166631337071,8.036673920154083,18.681391528759185,6.077446539541832,1.0428113496444396,0.8244289993033773,0.0471634729289621,0.0471634729289621,0.9206424706913175,0.4089301299595058,0.4236967019043864,41.71274441644134,58.1386851392104,4.496948227578447,2.80164715887474,17.673552236626804,0.7398905084303032,1139.3211358313818,5.402369484043809,67.56294642157432,45.28475783552647,80.36675821339351,12.811729844390111,14.709899810480003,12.345497249301824,3.846801117667309,-43.01399999999995,-1.1052125672643396,109.83260298585252,232.8441861207805,2.397348853425822,2.160886616146628,29.03875785231717,70.96124214768282,-16.006285412637222,-5.475967863348242,18.528799444829968,-80.56848058835755,7.256273285547499,0.0191916126029229,-0.017819915000269,0.3953714123804114,-0.8555199452206084,4.065889595596093,0.1394965347190408,8.316579948294063,2.2775737338710096,0.0002450780740219,-0.7711345820673754,False,False,False,False,False,False,False,False,False,False,False,False,False,False,False,False,False,False,False,False,False,False,False,False,False,False,False,True,False,False,False,True,False,False,False,False,False,False,False,False,False,False,False,False,False,False,False,False,False,False,False,False,False,False,11,True,1,Lower-Mid,38.09548223382035,67.71828567019413,92.8477560293976,59.3418031916139,62.96880222186968,62.36067431558943,77.55146834955346,51.36530167872037,44.16135068000881
8.836,5839.121,20104020.0,420.969,1154.12,10.006,5631.15,324.33,79.594,DE000A0D6554,245628,NORDEX SE,990.652,3608.714,909.369,178.605,2024.0,13.65,333611.0,4634.533,2010.0,2024-12-31,201040.0,-37.883,110.808,324.33,990.652,7298.825,145.725,758.885,DEU,537.27,1489.367,88.2,164.19,3510.0,35.272,2.682,7298.825,20.0,429.753,3602.275,3.171732239418236,0.8919378348804626,2.447037708124253,4.44359194801903,0.1210605816689672,4.44359194801903,19.99916424904008,12.652475416560108,0.998215707867124,0.7462231698050884,0.319814759496042,0.3205579605366344,-0.1143460927164052,0.4249413517562171,0.5052864174301369,17.592356801008677,82.30171456984809,1.6118421052631575,-2.015098819103999,8.889178942134377,1.2961517629613846,729.4448331001399,4.900622210643851,74.48033827362623,7.361047839892038,,6.421068895025011,46.94399900553174,2.2495401657116045,1.1267112712300569,265.563,3.638434953571294,38.205666976146766,240.6164441085076,5.68428671218551,0.4832558665264614,998.1892258940696,-898.1892258940696,12.47878740059434,3.856838885650049,1.8007935700478097,837.8218031571139,23.56075314941075,-0.9120628997596782,0.0026417477131352,-0.1716171880664878,-0.5519504143481706,5.193389274065121,0.2533428474044351,7.631709331131296,6.545178817911841,0.3392661357393821,-0.1808729623549338,False,False,False,False,False,False,False,False,False,False,False,False,False,False,False,False,False,False,False,False,False,False,False,False,False,False,False,False,False,False,False,False,False,False,False,False,False,False,True,True,False,False,False,True,False,False,False,False,False,False,False,False,False,False,11,True,1,Lower-Mid,53.94435914894101,72.69319011100797,89.48154115007397,85.51464182473713,85.55581642464225,62.69037532881725,99.59077182890174,49.762513212533,57.50121832794805
33.453,1057.572,45102010.0,142.2,144.674,5.553,1406.896,108.385,51.783,DE0005419105,233025,CANCOM SE,573.998,620.879,68.049,43.341,2024.0,0.77,541512.0,832.529,4510.0,2024-12-31,451020.0,-227.475,6.933,108.385,573.998,1738.992,65.044,472.186,DEU,178.885,511.463,33.1,22.276,7373.0,1.03,0.0,1738.992,45.0,192.876,771.75,3.0806115022005893,5.828069087348736,2.492305887548649,6.2326336176359645,1.9237006265698755,6.2326336176359645,39.18476910762097,6.051538820270372,1.2429958172204243,1.1333947516343763,0.2330148064276614,0.2330148064276614,10.72367822497185,0.2477360548294593,0.3379506548803305,40.79889345054646,59.17487859799161,6.251406317611424,0.4549430271716566,13.788012760005005,1.236048720019106,313.1626148028093,3.4000348021264486,107.3518423316496,10.286706321823216,11.526350325775,15.541330511837057,46.63720701459099,1.2809719653684433,0.3424758624930816,170.6,9.81028089835951,11.54938924490346,445.0197272790199,2.451046867759121,0.0592297146852889,98.94478821032492,1.05521178967507,13.951338164437963,-9.14312468719224,-1.104185218165632,147.80663529138343,-13.612037539750254,-0.1398458261153746,0.0079525472019844,-0.111058806430082,0.2444340131518313,0.9231519418954548,0.0859446659562236,13.709328905619175,5.771812763363266,0.2524325344007958,0.0228674538735926,False,False,False,False,False,False,False,False,False,False,False,False,False,False,False,False,False,False,False,False,False,False,False,False,False,False,False,False,False,False,False,False,False,False,False,False,False,False,False,False,False,False,False,False,False,False,False,False,False,False,False,False,False,False,11,True,1,Lower-Mid,44.52537413562223,66.86650283130679,77.79695834247404,60.87464243859555,90.17144283496556,71.76565512705172,77.87944787282076,54.49116256838142,50.79663088961465
61.79,3243.715,20106020.0,1212.048,964.848,17.685,4978.375,295.497,113.163,DE0005565204,222340,DUERR AG,1219.056,2411.012,627.516,151.456,2024.0,,3339.0,3754.654,2010.0,2024-12-31,201060.0,-375.802,74.982,295.497,1219.056,4290.936,144.041,634.568,DEU,680.643,1221.942,48.441,115.432,3560.0,153.689,133.263,4290.936,20.0,384.265,3140.097,3.0422778517086395,5.068676090351879,3.5296727800181595,6.886539440345883,1.4400121558559718,6.886539440345883,24.405421101596477,6.22992681514242,1.3023979142368434,1.0421271233822147,0.4001838232244384,0.4554564639246921,14.645039797122555,0.9942512895223844,1.087079674764736,24.487026389133,75.41926833555127,2.019898108879464,1.2195149189331873,26.619348683054213,0.8619149822984407,242.63138252756573,3.511570925624948,103.94208396489718,15.86234332089782,5.885371390167126,5.169135129622194,43.925778994149695,2.690135672030532,0.8013829395797031,268.833,6.265136557618198,30.03968615408637,253.71394992605116,4.083795166095733,3.5817127079033577,78.39618061174947,21.60381938825053,-7.269801574729639,-3.444734614239564,-2.978933508887438,28.68364367430949,46.889952153110045,-0.4965662083968718,0.0570575702224736,0.0417947654047258,-0.0019644397701197,2.270022492596523,0.2455452133437113,7.718683305295403,1.7130674126114176,0.5263646183349368,-0.5931023291626563,False,False,False,False,False,False,False,False,False,False,False,False,False,False,False,False,False,False,False,False,False,False,False,False,False,False,False,False,False,False,False,False,False,False,False,False,False,False,False,False,False,False,False,False,False,False,False,False,False,False,False,False,False,False,11,True,1,Lower-Mid,46.52448450474373,72.86459546382666,68.52556585034228,89.99890048570822,72.16799673107897,63.228332116253384,88.54262272230089,52.69888768250925,53.00780245289549
1387.0,30568.0,20302010.0,11413.0,8488.0,66.111,47052.0,3605.0,2819.0,DE0008232125,100103,DEUTSCHE LUFTHANSA AG,11542.0,19581.0,1606.0,1264.0,2024.0,,481111.0,35458.0,2030.0,2024-12-31,203020.0,-1450.0,631.0,3605.0,11542.0,31439.0,2341.0,324.0,DEU,19025.0,4796.0,359.0,3898.0,4512.0,60.0,6698.0,31439.0,20.0,3892.0,16316.0,2.68638952648134,12.016981459019236,4.020484112090079,11.466649702598684,4.411717929959604,11.466649702598684,2.770444352555743,5.50642561533435,0.8332567284612634,0.7512384454317961,0.4334814360860017,0.7755477248352995,-6.939131174020233,0.9888234274822388,1.2330618610292845,24.530306894499702,75.3591770806767,2.0031695721077654,1.5933425797503469,30.247385870951288,0.6681756354671428,475.54869840117374,6.555254378648874,55.68052418970069,60.51401125990012,,19.03362391033624,28.232593726090283,12.398613187442349,1.6651003844510892,-6.0,-0.0190845764814402,100.15416238437822,307.9113924050633,4.076589845780627,0.1908457648144025,25.88320115356885,74.11679884643115,5.055804317316048,3.819421460250205,5.205283259070659,-100.67039106145252,-3.753086419753082,-1.207206223448933,0.1734831766012957,0.1430750796937864,-0.2426599500674155,20.96164871387957,3.129229347576145,8.27169939641248,5.6059201629071325,0.0364841925698212,0.0519767052265873,False,False,False,False,False,False,False,False,False,False,False,False,False,False,False,False,False,False,False,False,False,False,False,False,False,False,False,False,False,False,False,False,False,False,False,False,False,False,False,False,False,False,False,False,False,False,False,False,False,True,True,False,False,False,11,True,1,Lower-Mid,40.516356704260104,65.054852629677,71.51620137225882,90.02870731997277,57.059567636621544,65.56235882142794,88.49249656069429,49.30627336566124,46.77931908512995
-47.812,1657.367,25101010.0,588.86,219.846,12.0,1699.792,111.292,107.438,DE0005895403,213034,GRAMMER AG,251.575,667.94,172.314,39.773,2024.0,18.896,336360.0,1432.868,2510.0,2024-12-31,251010.0,159.764,40.938,111.292,251.575,1921.727,71.519,176.161,DEU,445.825,354.442,88.2,62.163,2531.0,74.034,0.0,1921.727,25.0,25.665,772.589,2.3398745258243365,-19.005068071151744,2.069648810679144,5.791249225306196,-2.487970455741112,5.791249225306196,13.756376425995995,4.732430229583491,1.1566742521783393,0.8986959906578436,0.3291403419468814,0.3291403419468814,6.156576804691398,2.34069363013018,2.76775514260161,14.800340276928,84.29666688630138,0.9715423323073916,4.281098371850627,40.96371791372121,1.130565975131075,160.14391666666668,5.421837705463799,67.3203477913356,23.19918489983229,18.36354862444935,9.618295669533524,33.785780848480286,3.234746662767396,0.8691816160740501,-36.498,-1.8992291829172403,242.2092343658679,64.528700374626,6.756601411110007,3.852472281442681,,,-16.62384462932689,10.77742027774644,-14.56642460486971,-164.26835710512412,-17.79773081907382,-0.3147518253336986,0.1471508494461366,0.0965884634130037,-0.1760285452715683,1.9117388748657056,0.5661857006197091,1.5098906219113868,2.880809907428363,0.2981755691073006,-0.2069643148356287,False,False,False,False,False,False,False,False,False,False,False,False,False,False,False,False,False,False,False,False,False,False,False,False,False,False,False,False,False,False,False,False,False,False,True,False,False,False,False,False,False,False,False,False,False,False,False,False,False,False,False,False,False,False,11,True,1,Lower-Mid,46.58900693379697,76.28401212898565,90.22824872704564,68.08844069272628,95.13222342001117,55.74476183912741,91.54159801832196,49.649406782915946,54.971082781590226
76.0,17833.0,25504020.0,2095.0,1010.0,40.99,10135.0,881.0,535.0,DE0007257503,100746,CECONOMY AG,516.0,7072.0,3114.0,233.0,2024.0,60.0,452311.0,9620.0,2550.0,2024-09-30,255040.0,-585.0,247.0,881.0,516.0,22442.0,648.0,3923.0,DEU,2219.0,2135.0,88.2,193.0,5399.0,84.1,0.0,22442.0,25.0,838.0,6455.0,2.2989639861864823,14.728682170542635,1.038231886641119,3.9256750735228585,0.3386507441404509,3.9256750735228585,20.53738525978077,8.923783990808118,0.9127545248868778,0.4724264705882353,0.1428167420814479,0.1428167420814479,-6.087814504193389,4.060077519379845,5.096899224806202,5.091267883571781,94.9185989146522,0.9433198380566802,1.8388195232690123,25.949679329057723,2.214306857424765,547.4993900951451,10.511475409836066,34.72395508421709,9.887710542732377,,5.726718047527296,31.03108041440553,0.8599946528829873,0.2978395061728395,645.0,2.87407539434988,23.031026252983292,359.656652360515,19.64147286821705,0.3747437839764727,116.05263157894736,-16.05263157894737,0.8991997122560935,5.189413596263615,-0.9065635198839628,-22.10144927536232,9.659090909090915,-0.1293155919597767,0.5199528004209663,-0.0818255358753213,0.1104800583895444,0.5056311095623184,2.111812598476302,8.268376911692156,3.204628345461767,0.7194935357172964,0.1292610913086887,False,False,False,False,False,False,False,False,False,False,False,False,False,False,False,True,True,False,False,False,False,False,False,False,False,False,False,False,False,False,False,False,False,False,False,False,True,False,False,False,False,False,False,False,False,False,True,False,False,False,False,False,False,False,11,True,1,Lower-Mid,16.763284341077835,80.21594127523602,74.07598959669826,46.701084100505454,34.889093665667595,67.86520800004703,33.252759482499215,51.50867603582032,32.651974451379026
775.625,24525.024,20103010.0,7150.546,6531.545,50.961,24654.931,1157.534,1073.329,DE0006070006,100054,HOCHTIEF AG,1071.799,14896.792,569.897,563.119,2024.0,,2362.0,23459.402,2010.0,2024-12-31,201030.0,346.106,431.762,1157.534,1071.799,33301.27,594.415,6479.288,DEU,1834.406,7248.347,406.43,473.704,1540.0,8.171,810.947,33301.27,20.0,2129.372,16688.667,2.2840015248876586,72.36664710454106,1.690983557083559,3.4759455119879816,2.329115376080252,3.4759455119879816,26.35408799724454,6.8486423277057815,1.120285964924529,1.0820296074483688,0.4384531246727483,0.4928908183721703,7.2678159188521025,6.67153636082885,7.672963867292282,4.347199349290412,95.15095377877958,1.304234740435703,1.4620132108430506,33.355903531021845,1.3506941065866296,653.4657875630384,4.594326127046622,79.44581858289489,5.508516642158092,18.584594349494225,43.03413423829218,55.89101831191496,1.4224802837849728,0.796924707485511,1655.668,4.971786361300936,22.246183381767025,378.1389013689823,23.00331592024251,0.0245366017572302,52.4003223207091,47.5996776792909,19.978436409854616,29.72058092884826,38.66184153243359,47.23920051579626,124.72899439724084,-0.0672083220746791,0.6244574442477412,-0.1150017774436076,0.0763504322865962,1.764917999082016,2.6005175905613784,8.636698273460995,2.502316370518563,0.015951066538431,0.1284283150664063,False,False,False,True,False,False,False,False,False,False,False,False,False,False,False,True,True,False,False,False,False,False,False,False,False,False,False,False,False,False,False,False,False,False,False,False,True,False,False,False,False,False,True,False,False,False,True,False,False,False,True,False,False,False,11,True,1,Lower-Mid,16.107979149838215,79.64339891248983,87.07975354546768,33.210778675464525,81.29541309726287,68.69823759005384,25.531723053575874,54.10229188541279,37.887261274569134
-48.9,2740.1,20106020.0,104.2,656.0,12.3985,3998.1,239.3,490.7,DE0006204407,100449,KUKA AG,1185.0,2208.3,533.5,87.6,2024.0,,333999.0,2445.5,2010.0,2024-12-31,201060.0,-167.9,27.4,239.3,1185.0,3732.4,151.7,558.7,DEU,524.2,1500.6,88.2,58.1,3569.0,202.3,0.0,3732.4,20.0,272.9,2690.1,2.191040744353568,-4.1265822784810124,2.3470153252598864,6.411424284642589,-1.3101489658128818,6.411424284642589,26.586110813417648,6.7949115730685685,1.2181768781415567,0.9765883258615224,0.2970610877145315,0.2970610877145315,12.050724093944618,0.0879324894514767,0.5020253164556961,29.6390785623171,61.16655411320377,3.197080291970803,-0.255328040117008,14.879567794702483,0.9335434331307372,301.0364156954471,2.487271757963481,146.74713321187437,14.044582574214983,7.746782897467834,5.136082474226804,53.9406217953528,1.5566391597899476,0.3829927488464074,214.8,5.755010181116707,21.28984976181752,311.5296803652968,3.373924050632912,5.420105026256564,,,-7.926092212053182,0.6647027721127019,-15.805378242564185,-8.244340025630093,-29.575757575757574,-0.360944867861146,0.0298609281874391,-0.1587650196071329,0.1834855572703241,2.9295929636206246,0.1471253933313968,6.825742227558091,4.395828412274297,0.1669782325181008,0.3070419392493664,False,False,False,False,False,False,False,False,False,False,False,False,False,False,False,False,False,False,False,False,False,False,False,False,False,False,False,False,False,False,False,False,False,False,False,False,False,False,False,False,False,False,False,False,False,False,False,False,False,False,False,False,False,False,11,True,1,Lower-Mid,51.26998438283056,79.73188670494963,74.68475752092746,82.95454732279896,77.18058618646165,65.71312666327358,83.73804562983261,53.00216231724248,56.32691375437129
-102.598,1170.277,20104020.0,870.727,421.822,3.912,2126.193,139.665,5.982,DE0006177033,251958,REPOWER SYSTEMS SE,-69.528,1129.736,416.552,43.332,2015.0,,333611.0,2195.55,2010.0,2015-12-31,201040.0,874.428,41.95,139.665,-69.528,1589.278,96.333,154.67,DEU,176.117,327.039,88.2,16.465,3510.0,25.46,2.421,1589.278,20.0,318.052,1224.75,2.038008779071326,147.5635715107583,2.726521099518146,8.787952768489841,-6.455635829603128,8.787952768489841,26.36423583539192,5.4083941692388535,1.084102834644554,0.7153866035958842,0.3733810376937621,0.3755240162303405,4.468738256592881,-12.523400644344724,-12.609437924289493,-3.270070026568613,103.2620274829237,1.032943980929678,3.256986360219096,41.23374500809662,0.7474758876546014,406.2571574642127,4.859597784973658,75.10909670932335,11.081572890331332,16.72677710653169,2.809437957325856,35.22074430684326,1.0360050286985665,0.1709175464274963,301.58700000000005,18.976352784094416,5.176826430898092,733.9887381150189,,1.6019853040185543,,,-19.12116522502927,38.10223444201306,12.835304297663686,273.6535626231215,-58.093662509544416,-1.575698933847265,-6.328776814451174,-0.6731706042318041,7.65063661931683,1.6410025050674593,7.303401867452708,14.95875492017893,4.279496833992412,0.92199378651658,,False,False,False,True,False,False,False,False,False,False,False,False,False,False,False,True,True,False,False,False,False,False,False,False,False,False,False,False,False,False,False,False,False,False,False,True,False,False,False,False,False,False,False,False,False,False,True,False,True,False,True,False,False,False,3,True,1,Lower-Mid,11.300229710727184,80.51320000451912,94.7856641218107,12.172724113438663,64.0884979015293,86.13623549814172,80.19139069327004,48.052921907762205,31.45327898176796
35.94,1506.518,55103010.0,256.7,93.088,1.492,1732.074,90.445,10.628,,220307,PFALZWERKE AG,378.966,264.951,19.184,27.879,2024.0,6.113,221122.0,1347.032,5510.0,2024-12-31,551030.0,33.214,3.177,90.445,378.966,1787.197,62.566,146.151,DEU,793.789,270.851,11.062,134.034,4911.0,84.1,0.0,1787.197,55.0,49.506,441.204,1.609573263036106,9.483700384731083,1.5599287599520366,5.060717984642992,2.0109702511810394,5.060717984642992,15.704983837819777,4.385793797371576,1.665228664922948,1.592822823842899,0.3513404365335477,0.3513404365335477,10.175835443520311,0.6773694737786503,0.7054142060237593,21.879319243866025,77.76988742975183,8.7752596789424,1.9264746531040964,15.433982612752107,1.0318248527487854,1197.853217158177,6.598450808747244,55.31601440691765,44.41530508388275,10.1399522277635,78.52992076730608,21.01174661128797,7.499676868302711,2.142281750471502,-84.52799999999999,-4.729640884580714,270.7429402496667,177.5745184547509,4.570526115799306,4.705692769179894,30.77907623817473,69.22092376182526,-9.603162680691558,-2.583562522145544,6.0412224591329,5505.305039787761,0.8714892079833669,-0.0338291273771425,-0.024185162627496,0.4447856134358746,-0.3934115859431578,1.2853282924683085,0.1731064487616404,2.858191971012785,1.5646567341546296,0.0076198450706863,-0.4018040529017558,False,False,False,False,False,False,False,False,False,False,False,False,False,False,False,False,False,False,False,False,False,False,False,False,False,False,False,False,True,False,False,False,False,False,True,False,False,False,False,False,False,False,False,True,False,False,False,False,False,False,False,False,False,False,11,True,1,Lower-Mid,51.7356814669469,82.74751761803623,73.8841781901861,94.05454441034098,82.59009504268047,60.08308732767248,91.99530164764704,50.603646800305945,59.03774480782217
117.2,2615.8,55103010.0,319.5,26.2,1.842,2996.6,103.0,97.5,DE0007760001,101161,GELSENWASSER AG,1046.7,866.7,73.7,40.3,2024.0,21.9,221310.0,1948.7,5510.0,2024-12-31,551030.0,-39.9,24.0,103.0,1046.7,2980.4,62.7,175.4,DEU,1020.8,403.9,88.2,93.7,4941.0,84.1,0.0,2980.4,55.0,127.7,868.8,1.3448575051725289,11.19709563389701,1.3521674942960675,3.4559119581264257,3.9323580727419136,3.4559119581264257,12.23325728090189,2.949787732396428,1.002422983731395,0.9173877927772008,0.030229606553594,0.030229606553594,0.0700794233464563,0.3052450558899398,0.3983949555746632,34.9295868651138,65.0303677501168,1.6791666666666665,3.7941747572815534,13.915771207368351,0.9945938730561305,1618.0238870792616,7.379054221341917,49.4643336464904,34.250436183062675,1419.2380952381568,35.492537313432834,14.35293332443436,3.1438733055965646,1.4944178628389155,34.0,1.1407864716145484,73.37509788566953,316.87344913151367,2.862902455335817,2.821768890081868,75.25597269624573,24.744027303754265,-26.77329795336724,-24.205787130716303,5.61926605504588,-17.07317073170732,14.129110840438509,-0.450266599825841,0.0426313765401112,-0.3535146911828962,-0.848685611359465,1.763618955958961,0.1565532340592288,4.261496362544217,2.509043149246491,0.7170057433575504,0.0483776114748627,False,False,False,False,False,False,False,False,False,False,False,False,False,False,False,False,False,False,False,False,False,False,False,True,False,False,False,True,False,False,False,False,False,False,False,False,False,False,False,False,False,False,False,False,False,False,False,False,False,False,False,False,False,False,11,True,1,Lower-Mid,52.170518440786914,81.18089126013652,90.01031814087223,71.80406502164742,82.17466758316668,65.95807006052571,80.44155520791882,49.11338686501417,56.610992267981814
-120.0,25222.0,30101020.0,2866.0,816.0,80.951,11736.0,907.0,1153.0,DE000BFB0019,324977,METRO AG,1668.0,6498.0,2258.0,152.0,2024.0,,4244.0,10067.0,3010.0,2024-09-30,301010.0,-625.0,205.0,907.0,1668.0,31029.0,755.0,5347.0,DEU,5404.0,966.0,88.2,378.0,5140.0,43.0,22.0,31029.0,30.0,1079.0,4544.0,1.2951601908657124,-7.194244604316546,0.4898643204743949,2.923071964936028,-0.3867349898482065,2.923071964936028,18.714750717071126,3.352448169386854,0.6992920898738073,0.3518005540166205,0.1255771006463527,0.128962757771622,-16.64962508520791,1.7182254196642686,2.40947242206235,14.212678936605316,85.77880027266531,0.7414634146341463,3.5314222712238146,34.24505794137696,2.6439161554192228,383.3059505132735,32.12111801242236,11.36324083921493,17.415965709497566,,11.17006200177148,15.184049079754605,1.2182152180218504,0.5006622516556292,701.0,2.2591768990299395,35.032437442075995,709.8684210526316,7.035971223021583,0.1385800380289406,,,1.56459690353834,0.7554945054945028,-1.0790136129237404,111.14457831325302,-2.827763496143953,-0.1499686924856836,-0.3275359091005574,-0.0747204332246978,0.114181513204753,0.6057903226135065,2.3519599327908947,9.193933197000682,1.2170855916199268,0.6741386588581022,-0.2815186485960557,False,False,False,False,False,False,False,False,False,False,False,False,False,False,False,False,False,False,False,False,False,False,False,False,True,False,False,False,False,False,False,False,False,False,False,True,False,False,False,False,False,False,False,False,False,False,True,False,False,False,True,False,False,False,11,True,1,Lower-Mid,18.852988311942546,87.83124031310174,52.42735520466712,72.12211822506922,22.634665947004358,85.69700965382852,89.5535784590061,48.67999053844569,35.714855101954946
120.931,1061.984,55101010.0,0.0,1.247,0.459,1736.552,32.615,0.0,DE0006458003,101148,LECHWERKE AG,553.362,1053.733,3.785,19.4,2024.0,,2211.0,1183.19,5510.0,2024-12-31,551010.0,-165.813,38.363,32.615,553.362,1175.02,13.215,57.081,DEU,168.989,179.089,99.245,151.34750000000005,4911.0,84.1,0.0,1175.02,55.0,110.958,191.879,1.1171562959243373,21.85386781166759,1.6510357270514544,2.775697434937278,10.291824820003065,2.775697434937278,9.619921363040634,3.505842468402239,0.1820945154038072,0.1785025238841338,0.0011834117371288,0.0011834117371288,-49.6301867148234,0.0,0.0,31.86555887759192,68.13444112240809,0.505695592106978,-0.0382339414379886,0.0,0.6766396859984614,2559.9564270152505,6.561095321320684,55.63095521778353,14.38179775663393,,280.5770145310436,10.384716380505738,12.88041905669691,11.452705259175184,-40.38950000000003,-3.4373457473064315,136.40071017862616,571.9484536082475,3.138184407313838,7.157324981702439,82.06745995650412,17.932540043495877,-19.977662229758952,-2.234437781810017,20.15706806282722,-168.9328839015233,0.0,-0.6126584818850448,-0.00188254562099,0.1352476680117348,0.0150127579201238,2.6375583772359263,0.0075210937117771,6.389558158926424,2.7573588633657264,0.5935064248640239,-0.0876015555259898,False,False,False,False,False,False,False,False,False,False,False,False,False,False,False,False,False,False,False,False,False,False,False,True,False,False,False,False,True,False,False,True,False,False,False,True,False,False,False,False,False,False,False,False,False,False,False,False,False,False,False,False,False,False,11,True,1,Lower-Mid,15.752658801491807,79.07414898043137,18.02902649054345,77.81164474642247,59.86569846939304,78.12020754500465,82.20088158122793,43.0116101003304,38.8769125617342
-137.849,1295.94,25101010.0,320.667,124.399,9.078,1759.303,119.706,44.687,DE0007856023,220295,ELRINGKLINGER AG,636.859,602.484,419.759,11.636,2024.0,0.029,339991.0,1073.971,2510.0,2024-12-31,251010.0,-59.248,26.431,119.706,636.859,1803.136,108.07,263.662,DEU,715.129,233.211,9.504,108.317,3050.0,133.038,12.7,1803.136,25.0,168.022,851.562,0.6613982923919302,-21.64513652158484,0.6453201533328601,6.638767125718747,-7.644958561084687,6.638767125718747,28.128549371761192,1.2152150437690463,1.4134184476268248,0.7167045099952861,0.2064768524973277,0.2275562504564436,14.157765887968129,0.5035133365470221,0.5736811444919518,36.19950628174908,61.0452548537688,0.4402406265370209,2.012889913621706,20.766974193757413,1.024914980534905,198.62701035470369,7.731779375758433,47.20776192145241,39.66029184709306,7.239242325697171,3.0873429753739647,20.326799874723115,6.007145329026762,1.0022855556583696,59.705,3.3111756406616037,64.46596279058696,1443.984187005844,2.7624686155020184,7.378145630723362,,,-2.3812204946078164,-12.393031092378804,-5.200501253132838,2.079023406110569,52.10498230635285,-0.8535960562738824,-0.0118516520726113,-0.841471770727287,0.709805219909235,3.378508538878221,0.1335823210376088,9.550486755266146,2.782741537123024,0.7021783634218506,-0.5065758480843952,False,False,False,False,False,False,False,False,False,False,False,False,False,False,False,False,False,False,False,False,False,False,False,False,False,False,False,False,False,False,False,False,False,False,False,True,False,False,False,False,False,False,False,False,False,False,False,False,False,False,False,False,False,False,11,True,1,Lower-Mid,50.06565400338046,90.66556429621832,68.95031976776156,69.24074280665522,83.43170429379447,71.55604568547386,79.8091005884092,52.42800902300218,57.59820438533054
-266.0,11045.0,15101050.0,2437.0,509.0,17.503,13631.0,910.0,702.0,DE0006062144,320448,COVESTRO AG,6658.0,3576.0,2851.0,68.0,2024.0,75.0,325211.0,6952.0,1510.0,2024-12-31,151010.0,-565.0,160.0,910.0,6658.0,14179.0,842.0,1870.0,DEU,5898.0,2290.0,88.2,781.0,2821.0,392.0,0.0,14179.0,15.0,870.0,5766.0,0.4988628860685203,-3.9951937518774407,0.4795824811340715,6.417942026941251,-1.8760138232597503,6.417942026941251,22.103110233443825,0.7476635514018692,1.6124161073825505,0.8151565995525727,0.142337807606264,0.142337807606264,16.06631941897146,0.3660258335836587,0.471462901772304,48.84454552123835,51.00139388159343,0.425,2.89010989010989,23.02839116719243,1.0402024796419924,810.0896989087585,6.191703056768559,58.9498554199873,41.596727554834615,6.474429223744292,3.874079270431428,20.534076736849823,5.508145849495733,0.9275534441805224,89.0,0.6276888356019465,89.77011494252874,1279.4117647058824,2.0473115049564434,2.7646519500670004,,,-1.377199693955622,-0.0439979467624862,8.17007601507942,-61.63793103448276,2.091503267973849,-0.7668193612743537,-0.1055812634592256,0.1209633527139021,-0.7485806712997983,6.191469390614984,0.6845625915860161,6.382510454111951,5.464956741910282,0.1687296339289087,0.381439870009742,False,False,False,False,False,False,False,False,False,False,False,False,False,False,False,False,False,False,False,False,False,False,False,False,False,False,False,False,False,False,False,False,False,False,False,True,False,False,False,False,False,False,False,False,False,False,False,False,False,False,False,False,False,False,11,True,1,Lower-Mid,38.94559865915919,96.71445799444436,63.50819186984119,48.56770170825942,84.0020810147088,79.84406831586904,75.4470792390186,52.87806264356509,52.37821338558481
-177.0,4508.0,15101020.0,2428.0,615.0,12.338,9711.0,583.0,584.0,DE0005470405,271763,LANXESS AG,4586.0,1773.0,1348.0,23.0,2024.0,,325.0,5119.0,1510.0,2024-12-31,151010.0,-97.0,47.0,583.0,4586.0,6366.0,560.0,1177.0,DEU,2140.0,1043.0,88.2,320.0,2800.0,104.0,0.0,6366.0,15.0,508.0,3449.0,0.2368448151580681,-3.8595726122982983,0.3612943763744894,9.158027018535972,-2.780395852968897,9.158027018535972,29.186302230600063,0.3279155973766752,1.945290468133108,1.1849971799210377,0.3468697123519458,0.3468697123519458,17.258778704561838,0.5294374182293938,0.6567815089402529,47.22479662238698,52.71341777365873,0.4893617021276595,4.111492281303602,31.01637318504789,0.6555452579548965,515.9669314313503,6.103547459252157,59.80128809299404,33.61608545397424,3.798329355608592,3.344213649851632,17.073421892699,5.026704366949419,0.5714285714285714,188.0,2.9531888155827835,62.99212598425197,2208.695652173913,2.117531617967728,1.6336789192585612,,,-5.183199285075957,0.4759441282979892,12.35770876969311,-63.28125,-1.8404907975460127,-0.5081288468194866,-0.0223329345061284,-0.1440721425093482,-0.0530169942194592,2.958311804424543,0.1851838475220946,5.231181134795593,2.6774683386281595,0.3245282395020797,0.2648902700877009,False,False,False,False,False,False,False,False,False,False,False,False,False,False,False,False,False,False,False,False,False,False,False,False,False,False,False,False,False,False,False,False,False,False,False,True,False,False,False,False,False,False,False,False,False,False,False,False,False,False,False,False,False,False,11,True,1,Lower-Mid,25.742614041364153,90.3354186931708,57.8890748068876,50.80189644260934,58.6361099525887,42.995753624913604,75.86460630365944,53.78151069281867,42.23973549232906
-136.4,2601.1,30101030.0,672.8,496.6,21.783,2632.7,266.2,241.5,DE000A161408,325735,HELLOFRESH SE,891.7,976.1,237.2,2.6,2024.0,,454.0,1744.3,3010.0,2024-12-31,301010.0,-26.9,38.6,266.2,891.7,7661.3,263.6,4734.8,DEU,1201.3,50.7,88.2,112.2,5960.0,167.7,9.9,7661.3,30.0,239.3,887.4,0.0987579291221939,-15.296624425255132,0.0339367992377272,3.474606137339616,-1.7803766984715388,3.474606137339616,66.04884288567216,0.16618728028124,0.9091281630980432,0.6661202745620326,0.5087593484274152,0.5189017518696855,-3.369164735822541,0.7545138499495345,1.0253448469216102,33.87017130702321,66.2551752953242,0.0673575129533678,1.569120961682945,34.72860561400844,2.9100543168610176,351.7100491208741,151.11045364891518,2.4154516857452397,15.680106509339144,,10.965851602023609,20.78854408022183,1.4645034132588464,0.4256449165402124,127.1,1.6589873781212066,46.88675302966987,9203.846153846152,2.95245037568689,2.188923550833409,,,0.8516968117315615,1.991244721651864,14.575005259835905,-4.722638680659664,-55.191693290734825,3.4122079361327287,0.0412579131174063,0.1015984710785699,2.427733443519362,14.281215114286391,0.6547261115670869,9.08952786113116,27.8212903455183,0.6279619665767598,0.2684672011111413,False,False,False,False,False,False,False,False,False,False,False,False,False,False,False,False,False,False,False,False,False,False,True,False,True,False,False,False,False,False,False,False,False,False,False,True,False,False,False,False,False,False,False,False,False,True,False,False,False,True,False,True,False,False,11,True,1,Lower-Mid,0.2927292510058693,50.34608605957561,80.32936790339093,73.51850847768146,17.278181143735427,0.4071456571799103,81.00968404786117,55.84012235737697,20.129886931645935
1184.0,28593.0,20104020.0,3287.0,6363.0,98.0,50874.0,1283.0,480.0,DE000ENER6Y0,340153,SIEMENS ENERGY AG,9075.0,33471.0,9792.0,-86.0,2024.0,,333611.0,41510.0,2010.0,2024-09-30,201040.0,-2258.0,332.0,1283.0,9075.0,34465.0,1369.0,3388.0,DEU,5286.0,12551.0,88.2,1514.0,3510.0,1456.0,0.0,34465.0,20.0,2889.0,30079.0,-0.1690450917954161,13.046831955922864,-0.2495285071811983,3.722617147831133,3.4353692151458004,3.722617147831133,17.037574350790656,-0.695680310629348,0.8986585402288548,0.6061067790027188,0.1901048668997042,0.1901048668997042,-6.667452922907575,0.3622038567493112,0.4150964187327823,17.838188465620945,81.59374140032236,-0.2590361445783132,-2.0233826968043647,7.404568148759681,0.6774580335731415,351.68367346938777,2.7459963349533902,132.92078920644133,15.337298708835052,,2.9200367647058822,37.17812635137791,4.39286232409691,1.1059167275383492,1375.0,3.989554620629624,52.40567670474212,,5.60595041322314,4.224575656463078,7.449324324324325,92.55067567567568,10.752273530640457,6.1932494207527,4.255319148936176,248.9847715736041,23.289902280130303,-1.1688684584344808,0.0495080491592968,0.2572684982290206,0.4572455042576099,4.957404049954364,0.1629694089870938,5.678735699964618,1.378252774716857,0.3335599460224706,0.2844420654943981,False,False,False,False,False,False,False,False,False,False,False,False,False,False,False,False,False,False,False,False,False,False,False,False,False,False,False,False,False,False,False,False,False,False,False,False,False,False,False,False,False,False,False,False,False,False,False,False,False,False,False,False,False,False,8,True,1,Lower-Mid,43.8595903084989,90.43808225431144,72.66663364524045,86.14160826995088,59.902846879070516,58.779465652499184,99.79461355293643,48.96196131180292,53.23104043311751
-1506.0,30188.0,15104050.0,650.0,5879.0,98.12,29333.0,631.0,823.0,DE0007500001,103176,THYSSENKRUPP AG,9583.0,11852.0,8434.0,-139.0,2024.0,,331.0,18975.0,1510.0,2024-09-30,151040.0,-1640.0,65.0,631.0,9583.0,35041.0,770.0,4227.0,DEU,4403.0,5222.0,93.0,1525.0,3390.0,689.0,12.0,35041.0,15.0,1353.0,20918.0,-0.4738690212388777,-15.715329228842744,-0.3966781769926657,1.8007476955566335,-4.297822550726292,1.8007476955566335,13.849490596729549,-1.3583504348675852,1.764934188322646,1.053324333445832,0.4960344245696929,0.497046911913601,30.90716939965227,0.0678284462068245,0.1537096942502347,32.669689428288955,64.6882350935806,-2.1384615384615384,-6.98256735340729,5.021647973272423,1.194593120376368,357.12392988177737,6.710264266564535,54.39428098513171,12.565280671213722,3.865100375027576,3.5793217927436567,37.844748235775405,4.352044747581404,1.9805194805194808,-172.0,-0.4908535715304928,112.71249076127124,,3.060941250130439,1.9662680859564512,,,-6.64695225916454,-11.88909915592803,-1.861353657194853,-146.9945355191257,-10.188457008244988,-0.4866538935409118,-0.3269394328331497,0.1787910301487371,-0.2243098503425337,5.490050618634013,1.4504766397896958,4.612552415368357,4.033652808264548,0.0864331602732358,-0.5552316299129579,False,False,False,False,False,False,False,False,False,False,False,False,False,False,False,False,False,False,False,False,False,False,False,False,False,False,False,False,False,False,False,False,False,False,False,False,False,False,False,False,False,False,False,False,False,False,True,False,False,False,False,False,False,False,11,True,1,Lower-Mid,32.310202631681136,85.23735453920351,39.796773748274674,76.25093180654991,93.03967570986568,58.77738335161246,81.70337291430523,50.59631852064231,51.552596497648
35.098,2445.023,20103010.0,0.0,801.819,13.983,1907.528,45.313,106.455,,220293,ZUBLIN ANLAGEN & PROJEKTE AG,522.571,1185.562,67.732,-16.325,2015.0,,236220.0,1383.882,2010.0,2015-12-31,201030.0,32.892,6.243,45.313,522.571,3270.03,61.638,678.737,DEU,313.786,637.346,88.2,88.395,1540.0,1.749,0.0,3270.03,20.0,63.58,1518.048,-0.8558196786626461,6.716407913948534,-0.4992308939061721,1.3857059415357045,1.0733234863288714,1.3857059415357045,25.229340403604866,-3.123977411681857,1.2804458982322309,1.2233151872276609,0.676319753838264,0.676319753838264,17.430202859407572,0.0,0.2037139450907149,27.395194198984235,72.54845014070567,-2.6149287201665863,-15.34579480502284,5.580783086801347,1.7142762779891043,233.8575413001502,5.130698239260935,71.1404146139332,9.595814105680986,9.83509080081567,36.09849111202977,75.44659894900624,2.703186209300832,1.4340990947142995,-24.815,-0.7588615394965794,139.02956904687008,,3.650275273599185,0.0534857478371758,251.2963701635421,-151.2963701635421,0.2296678934216034,4.082256241024229,12.77977174658227,-172.56484486943296,-5.85159070817668,,,,,,,3.333109658154428,,,,False,False,False,False,False,False,False,False,False,False,False,False,False,False,False,False,False,False,False,False,True,False,False,False,False,False,False,False,False,False,False,False,False,False,False,False,False,False,True,True,False,False,False,False,False,False,False,False,False,False,False,False,False,False,2,True,1,Lower-Mid,39.644738642130015,88.78641950912281,62.824974277331606,87.7244855011903,57.721937439839344,58.77647783398604,85.57666038602311,50.296891510044276,51.0459185247715
-882.4,8569.7,25301040.0,5399.6,3808.7,42.711,12420.4,131.3,267.8,DE000A2E4K43,324859,DELIVERY HERO SE,2592.3,3732.7,174.6,-264.5,2024.0,,454110.0,9707.9,2530.0,2024-12-31,253010.0,1579.6,316.9,131.3,2592.3,12294.7,395.8,3751.2,DEU,710.6,659.6,88.2,139.1,5961.0,415.2,0.0,12294.7,25.0,638.3,5196.3,-2.129561044732859,-34.03927014620221,-2.151333501427444,1.0679398439978205,-7.177076301170422,1.0679398439978205,30.29760791235248,-3.30960097098312,1.39210223162858,1.3453264393066682,1.020360596886972,1.020360596886972,11.783839489871504,2.0829379315665624,2.186243876094588,20.871308492480114,78.16092879456377,-0.8346481539917956,14.15613099771516,45.62977037776562,0.9898795529934624,287.8579288707828,18.63963007883566,19.58193367873962,5.779726223494676,8.400314293522818,49.08190148911799,35.975491932626966,1.1313818149283836,0.3514401212733704,499.19999999999993,4.060286139556068,21.79226069246436,,4.79126644292713,3.377064914149999,,,23.665496534867604,18.42712484982552,-4.261185331300998,-398.56459330143537,-5.822613405551791,8.972026520287347,0.3008027572527716,-0.0801579304416634,6.9184227417801,32.619992422082234,1.266528482981589,5.139125954075554,5.329311162187991,0.832158532973581,0.6939970776631674,False,False,False,True,False,False,False,False,False,False,False,False,False,False,False,False,False,False,False,False,True,False,False,False,True,False,False,False,False,False,False,False,False,False,False,False,False,False,False,False,False,False,False,True,False,True,False,False,True,True,False,False,False,False,11,True,1,Lower-Mid,46.74947098747191,75.45255045911536,74.29582968727657,76.13571354308341,80.0574490722594,58.77930095644734,93.60521204294751,48.60700656866853,53.41248720195909
-432.0,8325.0,20106010.0,679.0,789.0,36.569,18090.0,648.0,2418.0,DE0005937007,100042,MAN SE,5935.0,7099.0,2219.0,-413.0,2020.0,5.0,336120.0,12155.0,2010.0,2020-12-31,201060.0,-524.0,82.0,648.0,5935.0,10838.0,1061.0,1805.0,DEU,6280.0,1541.0,16.0,362.0,3711.0,566.0,148.0,10838.0,20.0,570.0,4549.0,-2.283029297954671,-7.278854254422915,-3.8106661745709545,5.978962908285661,-3.985975272190441,5.978962908285661,23.186934858830043,-6.2443302086483214,0.6407944780955064,0.3282152415833216,0.1111424144245668,0.1319904211860825,-14.096185737976782,0.1144060657118786,0.5218197135636057,32.808181315644006,67.191818684356,-5.036585365853658,3.561728395061728,17.119955776672192,0.5991155334438917,296.3712434028822,7.033095392602206,51.89749031186566,57.94427016054623,,3.751689950428121,12.880044223327806,3.3400996493818043,0.3411875589066918,208.0,1.919173279202805,63.50877192982456,,3.0480202190395955,5.222365750138402,,,-14.412066650872625,-4.011461318051579,0.6495472435527061,170.12987012987014,-17.35159817351598,-0.6133146416011801,0.0257370724738015,0.0528575838968084,0.657805222079259,2.5504076581144326,0.1011788679758263,3.150912106135987,3.2180062657300605,0.2698697699082267,-0.3905236664983529,False,False,False,False,False,False,False,False,False,False,False,False,False,False,False,False,False,False,False,False,False,False,False,False,False,False,False,False,False,False,False,False,False,False,False,False,False,False,False,False,False,False,False,False,False,False,False,False,False,False,False,False,False,False,7,True,1,Lower-Mid,33.42311316728907,74.49472169109443,56.31081906799602,76.03715042817385,53.72812828769384,58.78156589547301,81.62044544728609,47.353676948589964,43.93112389110597
-70.1,932.7,20106020.0,266.2,137.7,5.612,1422.7,8.9,116.8,DE0007193500,102365,KOENIG & BAUER AG,330.4,606.5,382.7,-37.8,2024.0,,333248.0,1091.5,2010.0,2024-12-31,201060.0,1.3,26.0,8.9,330.4,1274.4,46.7,278.0,DEU,229.1,359.9,88.2,43.1,3555.0,54.5,4.0,1274.4,20.0,73.4,890.0,-2.656919940957334,-21.21670702179177,-2.966101694915254,0.6983678593848085,-5.500627746390458,0.6983678593848085,26.81261770244821,-6.335903452899766,1.4674361088211048,0.8364385820280297,0.2270403957131079,0.2336356141797196,19.926899557180008,0.8056900726392252,1.1592009685230025,23.223448372812257,76.72032051732621,-1.4538461538461538,27.56179775280899,26.92064384620792,0.8957615800941872,227.0848182466144,3.540983606557377,103.0787037037037,17.977087256748273,4.495238095238095,2.437157042069506,34.97575033387221,3.381983678593848,0.9229122055674518,30.300000000000004,2.3775894538606406,58.71934604904632,,4.305992736077482,4.276522284996861,,,-3.949351823937286,-0.3083175670940963,-2.246995296986576,-136.07142857142858,-17.432950191570885,-0.4195442744605716,0.0878649621611637,0.1466525081213176,-0.0541028431974802,3.9213757803727134,0.3307502124778461,5.159204329795459,3.1307234661994072,0.1259132280354158,0.2009867182997537,False,False,False,False,False,False,False,False,False,False,False,False,False,False,False,False,False,False,False,False,True,False,False,False,False,False,False,False,False,False,False,False,False,False,False,False,False,False,False,False,False,False,False,False,False,False,False,False,False,False,False,False,False,False,11,True,1,Lower-Mid,41.00846597386724,72.41631197418346,57.40655915058125,93.27911893691727,74.79367204551072,58.781554420631764,90.10243022113607,50.649857961403214,51.433611484901924
-604.904,4357.033,25101010.0,436.392,247.024,95.09,2661.635,98.77,1179.268,DE0005408884,101286,LEONI AG,-377.957,2386.093,511.992,-96.223,2022.0,,335929.0,3039.592,2510.0,2022-12-31,251010.0,-86.763,58.844,98.77,-377.957,5093.363,194.993,530.403,DEU,769.179,674.353,88.2,222.907,3357.0,143.356,36.302,5093.363,25.0,62.796,1527.786,-3.615183900121541,160.04571948660825,-1.889184022422906,1.9391902756587345,-11.876318259664586,1.9391902756587345,14.456656633348144,-164.66672371010526,0.6402877004374935,0.4257143372031183,0.1035265599454841,0.1187405520237476,-32.24735923595834,-1.154607534719558,-4.274719081800311,-14.200181467406312,114.20018146740632,-1.635221942763918,13.856798623063684,60.70178668374889,1.913621890304268,53.56360290251341,7.552962617501517,48.3254079868252,15.101593976317806,,8.5099630462976,34.616955367659344,4.376420844145606,1.1431538568051165,-160.11100000000002,-3.143522266133398,354.970061787375,,,2.8145647580979403,,,-0.4993237835380526,-22.831252120112143,-6.196977469123621,1202.9866536458323,37.09592107852784,-1.0817639148309188,0.2062567569801784,-0.1904853890339378,-0.2958536093885309,4.807328580449961,3.3655803941232927,2.359301707409168,2.9367883662116334,0.3797682293272281,-0.2042292803037124,False,False,False,True,False,False,False,False,False,True,False,False,False,False,False,False,True,False,False,False,True,False,False,False,False,False,False,False,False,False,False,False,False,False,True,False,False,False,False,False,False,False,False,True,False,False,False,False,False,False,True,False,False,False,9,True,1,Lower-Mid,15.342240086501723,65.55680079157786,32.08604230723788,34.144560156370794,47.397205292173524,58.764542627413995,80.19139069327004,41.381085585163966,29.77229300237937
-1155.2,18989.3,20105010.0,2051.7,355.5,22.111,10852.4,-158.9,3728.7,DE0005194062,100010,BAYWA AG,-263.9,7773.1,2918.4,-461.3,2024.0,,424510.0,10817.1,2010.0,2024-12-31,201050.0,-436.0,546.6,-158.9,-263.9,21181.7,302.4,1709.3,DEU,2728.7,1463.6,88.2,601.2,9997.0,2.1,0.9,21181.7,20.0,941.5,7109.3,-4.250672662268254,437.7415687760516,-2.177823309743788,-0.7501758593502882,-5.4537643343074445,-0.7501758593502882,10.35044401535288,-25.80266249021144,0.9146029254737492,0.5391542627780421,0.0457346489817447,0.0458504329032175,-6.116619365301687,-7.774535809018568,-21.9037514209928,-2.431720172496406,99.6747263278169,-0.8439443834613977,,53.26379418377501,1.951798680476208,957.971145583646,14.472328505056028,25.22054414895877,12.88234655386489,,6.506750274122807,16.76219085179315,2.838299097806125,1.9880952380952384,340.29999999999995,1.606575487331045,63.85554965480617,,,0.0099142184055104,,,-11.710911872220342,-13.31048751068402,-4.463359834082259,-492.95612009237857,11.004431314623345,-0.0393191042204327,-0.8098200228053252,0.1385568362548212,0.1168159615733018,1.031984378037889,8.028889319410508,8.675500350152962,4.881921896458088,0.0159681156400033,0.1816939575119068,False,False,False,True,False,False,False,False,False,True,False,False,False,False,False,True,True,False,False,False,False,False,False,False,False,False,False,False,False,False,False,False,False,False,False,False,False,False,False,False,False,False,False,True,False,False,True,False,False,False,True,False,False,False,11,True,1,Lower-Mid,15.987961697376113,60.21509578514526,74.02545967975264,23.772880942997475,45.548661606802234,58.781425781394525,80.19139069327004,41.88671894044768,27.64779117129958
-88.0,27270.0,55103010.0,15277.0,1285.0,34.523,48464.0,-1730.0,2623.0,DE000A2AADD2,322597,INNOGY SE,7426.0,17339.0,492.0,-2991.0,2019.0,,22111.0,39640.0,5510.0,2019-12-31,551030.0,-2791.0,511.0,-1730.0,7426.0,33535.0,1261.0,3253.0,DEU,12885.0,5527.0,88.2,1856.0,4931.0,352.0,717.0,33535.0,55.0,1574.0,20119.0,-6.171591284252228,-1.185025585779693,-8.919039809154615,-5.1587893245862535,-0.2624124049500522,-5.1587893245862535,18.68197405695542,-13.174470334317052,1.1603321990887594,1.1319568602572236,0.074110386988869,0.1154622527250706,5.736216573126445,2.057231349313224,2.4104497710746027,15.322713766919776,81.79267084846484,-5.853228962818004,,36.93463189171344,0.6919569164740839,971.3813979086406,6.067486882576443,60.15670195318325,38.42254361115253,12.06294964028777,55.426829268292686,14.05579399141631,5.534516177128373,1.471847739888977,-282.0,-0.8409124794990308,117.91613722998729,,6.526259089684891,1.0496496198002088,,,-4.357870119499186,-2.8271243533704915,-19.53430915532352,129.2682926829268,-30.952380952380956,-2.607379585532984,0.3078057027016783,0.3334368728758708,-0.5562945140016146,5.898614840057967,0.6047896808554947,3.2477715417629582,0.9119385548062038,0.6838746222982153,0.5242867155408714,False,True,False,False,False,False,False,False,False,False,False,False,False,False,False,False,False,False,False,False,False,False,False,False,False,False,False,False,False,False,False,False,False,False,False,False,False,False,False,False,False,False,False,False,False,False,False,False,False,False,False,False,False,False,6,True,1,Lower-Mid,33.337896637234095,47.838824182756966,91.43462106977435,71.0808657564688,60.5871107354974,58.77618299110908,93.21388557170476,46.03408798435001,39.09907667741652
-117.728,1238.436,45301010.0,41.058,208.957,3.771,1541.226,-59.294,155.171,DE000A0DJ6J9,289333,SMA SOLAR TECHNOLOGY AG,553.316,699.393,563.565,-98.052,2024.0,,335999.0,987.91,4530.0,2024-12-31,453010.0,117.227,9.39,-59.294,553.316,1529.999,38.758,235.42,DEU,233.285,241.575,88.2,46.823,3620.0,134.969,13.125,1529.999,45.0,-112.823,1062.46,-6.361948215252014,-21.276811080829034,-6.408631639628523,-3.875427369560372,-7.694645552055916,-3.875427369560372,19.05641768393313,-16.496683906092795,1.5191172917086673,0.7133256981411022,0.2987690754697287,0.3175353485093502,23.557025381092718,0.0742035292671818,0.3546418321537782,35.901029440198904,64.09897055980109,-10.44217252396166,,12.732006856878872,0.9927155394471672,405.7276584460356,6.333432681361896,57.63067492200975,15.247395586533065,4.214095469982125,2.197503393574831,29.23205292410068,3.0603287976005213,1.2080860725527631,-159.646,-10.434385904827389,,,2.78543544737546,8.821509033666034,,,-19.64539964360348,-4.974921620430162,-69.58503044723152,-265.6697521896144,5.426339134937974,0.631703926132041,0.0101288988112108,0.0156746926683547,-0.6755921728203186,8.866138806401356,0.0891388503083084,-7.320341079114938,6.925471752266059,0.0558406911377593,0.867733769754151,False,False,False,False,False,False,False,False,False,False,False,False,False,False,False,False,False,False,False,False,False,False,False,False,False,False,False,False,False,False,False,False,False,False,False,False,False,False,False,False,False,False,True,False,False,False,False,False,False,False,False,False,False,False,11,True,1,Lower-Mid,29.709416421310387,48.683845317571084,51.061026332281735,69.70090147048091,82.13453631796793,58.68495406097141,79.95328797142851,45.76724979522914,40.91080622678165
-123.9,551.0,20106020.0,63.3,206.4,6.276,1171.6,-28.9,15.5,DE000A0V9A22,241840,SCHULER AG,369.3,486.2,157.4,-132.3,2019.0,0.4,333517.0,756.6,2010.0,2019-12-31,201060.0,-21.2,10.0,-28.9,369.3,1136.3,103.4,445.6,DEU,286.4,319.4,88.2,22.9,3540.0,84.1,12.1,1136.3,20.0,108.3,745.3,-11.29224991464664,-33.54995938261576,-11.643052010912612,-2.5433424271759217,-10.90381061339435,-2.5433424271759217,51.50928451993312,-30.58252427184466,1.5329082682023858,1.2091731797614151,0.4245166598107774,0.4494035376388318,22.115056333219528,0.1714053614947197,0.2133766585431898,31.520996927278937,64.57835438716286,-13.23,,6.725844998292933,0.969870262888358,181.05481198215423,3.557608015028178,102.59702543342426,25.20461145824166,4.385565418757237,3.5006353240152475,44.878798224650055,2.015312857520021,0.2214700193423597,85.4,7.515620874768988,21.1449676823638,,3.172488491741132,7.401214468010209,,,-6.253609438165164,-5.0490315260556144,-4.547528517110266,3184.6153846153834,-24.67105263157895,-3.157324460998459,-0.0257328787692315,-0.1351628198685601,0.45670439716668,7.146851054548595,0.1052148275437987,9.243769204506656,7.354999848113174,0.6830885575182309,-0.7216541018234701,False,False,False,True,False,False,False,False,False,True,False,False,False,False,False,False,False,False,False,False,False,False,False,False,False,False,False,False,False,False,False,False,False,False,False,False,False,False,False,False,False,False,False,True,False,False,False,False,False,False,False,False,False,False,6,True,1,Lower-Mid,19.883594775939244,26.21401188475856,53.34020514605534,78.9015918787113,80.81547744852647,58.76378356000751,82.42279809216002,50.156558360033486,33.20872109247751
