dp,dvt,loc,lct,naics,ebit,oancf,ib,lt,act,revt,fyear,ceq,sic,seq,gvkey,ebitda,emp,ivst,che,sale,fincf,invt,xsga,xint,ggroup,conm,gind,ivch,gsector,ppent,capx,isin,dltt,at,cogs,oibdp,rect,xrd,gsubind,datadate,dlc,roa,roe,ebit_margin,ebitda_margin,net_profit_margin,operating_margin,gross_margin,roc,current_ratio,quick_ratio,cash_ratio,cash_ratio_enhanced,working_capital_ratio,debt_to_equity,total_debt_to_equity,equity_ratio,debt_ratio,interest_coverage,net_debt_to_ebitda,debt_to_assets,asset_turnover,revenue_per_employee,receivables_turnover,days_sales_outstanding,capital_intensity,working_capital_turnover,inventory_turnover,asset_quality,capex_to_revenue,capex_to_depreciation,fcf,fcf_margin,reinvestment_rate,cash_conversion,financial_leverage,rnd_intensity,dividend_payout_ratio,retention_ratio,revenue_growth,asset_growth,employee_growth,fcf_growth,capex_growth,margin_trend,leverage_trend,capex_trend,fcf_trend,margin_volatility,leverage_volatility,cf_to_assets,cashflow_volatility,margin_consistency,growth_quality,ebit_outlier,ebitda_outlier,roa_outlier,roe_outlier,ebit_margin_outlier,ebitda_margin_outlier,net_profit_margin_outlier,operating_margin_outlier,gross_margin_outlier,roc_outlier,current_ratio_outlier,quick_ratio_outlier,cash_ratio_outlier,cash_ratio_enhanced_outlier,working_capital_ratio_outlier,debt_to_equity_outlier,total_debt_to_equity_outlier,equity_ratio_outlier,debt_ratio_outlier,interest_coverage_outlier,net_debt_to_ebitda_outlier,debt_to_assets_outlier,asset_turnover_outlier,revenue_per_employee_outlier,receivables_turnover_outlier,days_sales_outstanding_outlier,capital_intensity_outlier,working_capital_turnover_outlier,inventory_turnover_outlier,asset_quality_outlier,capex_to_revenue_outlier,capex_to_depreciation_outlier,fcf_outlier,fcf_margin_outlier,reinvestment_rate_outlier,cash_conversion_outlier,financial_leverage_outlier,rnd_intensity_outlier,dividend_payout_ratio_outlier,retention_ratio_outlier,revenue_growth_outlier,asset_growth_outlier,employee_growth_outlier,fcf_growth_outlier,capex_growth_outlier,margin_trend_outlier,leverage_trend_outlier,capex_trend_outlier,fcf_trend_outlier,margin_volatility_outlier,leverage_volatility_outlier,cashflow_volatility_outlier,margin_consistency_outlier,growth_quality_outlier,years_available,latest_year,cluster,cluster_name,static_score
570.733,,DEU,1763.21,515210.0,858.442,1267.322,534.523,4678.726,229.793,2631.54,2020.0,-525.588,4841.0,-525.588,104357,1429.175,3.021,0.0,1.933,2631.54,-774.186,33.858,734.662,73.101,5020.0,KABEL DEUTSCHLAND HOLDING AG,502010.0,,50.0,3231.179,417.469,DE000KD88880,2589.29,4153.164,512.873,1429.175,177.121,20.234,50201030.0,2021-03-31,155.399,20.669590702413874,-101.7000007610524,32.62127879492617,54.30945377991594,20.312174620184383,54.30945377991594,80.51053755595584,41.597187966091994,0.13032650676890445,0.11112402946897987,0.001096295960208937,0.001096295960208937,-36.921657801136675,-4.926463313469866,-5.222130261725915,-12.655122696816209,112.65449666808244,11.743231966730962,1.919118372487624,66.08669920089841,0.6336229438567801,871.082423038729,14.857300941164514,24.567046292285127,122.78661924196479,,15.147764191623844,4.3112672651501365,15.864056788040463,0.7314611210495977,849.8529999999998,32.29489196440107,32.94103629543242,147.63047474377998,,0.7689033797700207,0.0,100.0,3.383981481917986,-1.4404597396735608,-5.059710873664358,35.373472404521245,-2.201622519426427,1.0855360562517546,-0.5214025199937786,-1.3064711510114162,1.6733753246814624,3.7063329177757907,1.418678577261145,30.514614881569806,3.6471205110281133,0.5146961303863442,0.3530826581344067,False,False,False,True,False,False,False,False,False,False,False,False,False,False,False,True,True,False,False,False,False,False,False,False,False,False,False,False,False,False,False,False,False,False,False,False,False,False,False,False,False,False,False,False,False,False,True,True,False,False,False,False,False,False,8,True,2,High Performers,8.645464889548641
111.383,,DEU,360.112,518210.0,321.934,386.803,169.666,1484.826,269.639,1560.301,2024.0,158.616,7370.0,158.616,355804,433.317,4.182,0.993,31.173,1560.301,-279.366,0.054,425.527,24.012,4510.0,IONOS GROUP SE,451020.0,,45.0,309.976,76.872,DE000A3E00M1,1070.865,1643.586,689.849,433.317,202.642,,45102030.0,2024-12-31,14.368,19.58729266372432,106.96651031421797,20.632813796825104,27.771372318546234,10.873927530649535,27.771372318546234,55.78744101298403,26.18454453545846,0.748764273337184,0.7486143199893367,0.08656473541564845,0.08932221086773003,-5.5046100417015,6.751305038583749,6.841888586271246,9.650605444436739,90.34063322515524,13.407213060136598,2.4325378418109604,66.02836724089886,0.9493272636783229,373.09923481587754,7.699790764007461,47.4038855323428,19.866423209367937,,12774.981481481482,14.225906037165077,4.926741699197783,0.6901591804853524,309.931,19.863539150458788,19.873682468853655,120.14978225350536,10.36204418217582,,0.0,100.0,9.592171009472272,2.9644827143362695,-4.170485792850586,33.133588491260646,-5.908273051077739,-0.3682413121916899,-29.924378341048133,-0.552064089903569,2.1330384601756167,2.0671587018981805,163.58876286179517,23.534089484821603,5.675463328849005,0.14808946354942037,-0.6071737893549983,False,False,False,True,False,False,False,False,False,False,False,False,False,False,False,True,True,False,False,False,False,False,False,False,False,False,False,False,True,False,False,False,False,False,False,False,True,False,False,False,False,False,False,False,False,False,True,False,False,False,True,False,False,False,7,True,2,High Performers,17.652883906209297
46.169,,DEU,547.954,511210.0,206.371,249.178,123.081,969.856,134.323,671.422,2024.0,100.485,7372.0,100.485,333885,252.54,,0.0,55.265,671.422,-254.393,0.237,284.278,14.724,4510.0,TEAMVIEWER SE,451030.0,7.45,45.0,41.457,3.201,DE000A2YN900,329.143,1070.341,34.665,252.54,36.257,79.95,45103010.0,2024-12-31,115.49,19.280864696391152,122.48693834900732,30.73640720738969,37.612708549913464,18.331392179583034,37.612708549913464,94.83707712883998,48.034811511354015,0.24513554057457382,0.24470302251648865,0.10085700624504977,0.10085700624504977,-38.64478703515982,3.275543613474648,4.424869383490073,9.388129577396363,90.61187042260364,14.015960336864984,1.541807238457274,41.541247135258764,0.6272972818942749,,18.518410238023005,19.710115247936468,6.174507239858093,,146.26582278481013,8.550732897272924,0.4767493469085017,0.0693322359158743,245.977,36.63523089800454,1.2846238431964299,120.74274001676591,10.651749017266258,11.907563350620027,0.0,100.0,7.13799029502673,-3.70587288006744,,8.585693600791068,-4.075516931375489,2.123393221414488,1.4774174578854269,-0.08060112468838011,-5.029500080864851,15.042714857597067,4.9609845578420115,23.280244333347973,5.376025306526689,0.14944096730055284,0.2325696354778396,False,False,False,True,False,False,False,False,False,True,False,False,False,False,False,False,True,False,False,False,False,False,False,False,False,False,False,False,True,False,False,False,False,True,False,False,True,False,False,False,False,False,False,False,False,False,True,False,True,True,True,False,False,False,9,True,2,High Performers,11.30346845686468
47.073,95.6,DEU,261.963,519130.0,254.787,257.017,162.104,640.157,119.003,588.798,2024.0,1432.336,7370.0,1432.336,317079,301.86,1.066,1.649,57.125,588.798,-171.725,0.0,65.891,5.073,5020.0,SCOUT24 SE,502030.0,1.759,50.0,54.2,0.884,DE000A12DM80,41.794,2072.493,142.932,301.86,52.84,43.059,50203010.0,2024-12-31,162.761,12.293744779837617,11.31745623931815,43.27239562634384,51.267157836813304,27.53134351679184,51.267157836813304,75.7247816738508,17.28388948057498,0.45427407687345156,0.45427407687345156,0.21806514660467316,0.22435992869221988,-6.897972634889481,0.029178907742317444,0.14281216139229902,69.11174127005496,30.88825872994505,50.224127735068,0.4884052209633605,9.8699971483619,0.28410132145199046,552.343339587242,11.143035579106737,32.75588571972052,9.20519431112198,,,5.305928656936357,0.15013637953933268,0.018779342723004695,256.133,43.500996946321145,0.34394612029554467,100.8752408874864,1.4469321444130427,7.313034351339508,58.97448551547154,41.02551448452846,10.702118538907568,2.628435773942339,1.0426540284360408,27.904700553799433,20.108695652173925,2.7933164819655585,-0.07479711518675228,-0.08761913702092726,0.9961506824352137,11.444048391748495,0.30555334563971004,12.401344660753981,2.909322990334067,0.6553504498423376,0.5786809364117763,False,False,False,False,True,False,True,False,False,False,False,False,False,False,False,False,False,False,False,True,False,False,False,False,False,False,False,False,False,False,False,False,False,True,False,False,False,False,False,False,False,False,False,False,False,False,False,False,False,False,False,False,False,False,11,True,2,High Performers,18.263510755844145
213.842,,DEU,2607.51,325412.0,597.696,543.299,342.446,4078.689,2245.783,3734.843,2023.0,1087.889,2834.0,1087.889,214700,811.538,11.667,116.314,308.001,3734.843,-275.677,1098.103,1058.977,205.643,3520.0,STADA ARZNEIMITTEL AG,352020.0,,35.0,448.143,97.426,DE0007251803,1198.796,5237.176,1771.527,811.538,782.005,114.627,35202010.0,2023-12-31,25.363,11.412562801021007,31.478027629657074,16.00324297433654,21.728838400971608,9.168953018908695,21.728838400971608,52.5675644197092,26.13809947587884,0.8612749327902864,0.4401440454686654,0.11812073587445492,0.16272804322898088,-6.906909372532072,1.1019469817233194,1.1252609411438117,20.772435373567735,77.87954806177984,2.906473840587815,1.12891571312742,23.374410178309837,0.7131406315159161,320.1202537070369,4.775983529517075,76.42404915012492,11.998978270304802,,1.6132612332358622,20.812857921902943,2.6085701594417756,0.45559805837955125,445.873,11.938199276381898,17.932298789432707,90.89888505193274,4.814072023892145,3.069124994009119,0.0,100.0,-1.6423650330361195,-9.002933631538369,-11.499658651293332,-32.92691915993365,31.96169526879682,0.31611864846724946,0.05140329990559522,0.028396379328935132,0.5169261219865164,1.9875906892154203,0.6409153663650177,10.373892341979722,1.8116481283432762,0.23187704907908258,0.16562072164804803,False,False,False,False,False,False,False,False,False,False,False,False,False,False,False,False,False,False,False,False,False,False,False,False,False,False,False,False,False,False,False,False,False,False,False,False,False,False,False,False,False,False,False,False,False,False,False,False,False,False,False,False,False,False,10,True,2,High Performers,44.86929899964242
145.016,,DEU,1149.5,517312.0,379.455,370.7,297.6,1857.8,818.1,2502.3,2024.0,1489.2,4812.0,1489.2,205934,524.471,3.196,0.0,181.6,2502.3,-306.6,46.7,115.0,29.026,5010.0,FREENET AG,501020.0,,50.0,330.81,43.7,DE000A0Z2ZZ5,424.0,3342.0,1736.329,524.471,426.55,23.308,50102010.0,2024-12-31,273.1,11.354129263913823,19.983883964544724,15.16424889102026,20.95955720736922,11.893058386284618,20.95955720736922,30.610678176078014,19.833524984319464,0.7117007394519357,0.6710743801652892,0.1579817311874728,0.1579817311874728,-9.916217833632555,0.284716626376578,0.46810367982809564,44.56014362657092,55.58946738479952,13.072934610349341,0.9828951457754576,20.858767205266307,0.7487432675044884,782.9474342928661,5.866369710467707,62.21905846621108,13.220237381608918,,37.180492505353314,18.197187312986234,1.7463933181473046,0.30134605836597345,327.0,13.067977460736122,11.788508227677369,97.69274354007722,2.244157937147462,0.9314630539903288,0.0,100.0,-5.6376800663700095,-2.134762364930165,-13.387533875338754,-4.497663551401865,-21.402877697841728,0.23416359208551413,-0.032451088795577857,0.0942780207374616,0.4941639748726735,2.497609395369671,0.4815695622178052,11.092160383004188,1.64079002328772,0.09669018461985812,0.7530993208542217,False,False,False,False,False,False,False,False,False,False,False,False,False,False,False,False,False,False,False,False,False,False,False,False,False,False,False,False,False,False,False,False,False,False,False,False,False,False,False,False,False,False,False,False,False,False,False,False,False,False,False,False,False,False,11,True,2,High Performers,35.06846686214381
1280.0,2741.0,DEU,19079.0,513210.0,8142.0,5220.0,3124.0,28314.0,21401.0,34176.0,2024.0,45440.0,7372.0,45440.0,103487,9422.0,109.121,1478.0,11087.0,34176.0,-3412.0,0.0,10276.0,545.0,4510.0,SAP SE,451030.0,,45.0,4337.0,797.0,DE0007164600,6720.0,74122.0,7884.0,9422.0,7828.0,6603.0,45103010.0,2024-12-31,3433.0,10.984592968349478,6.875000000000001,23.82373595505618,27.569054307116104,9.140917602996254,27.569054307116104,76.9311797752809,15.609662576687116,1.1217044918496777,1.1217044918496777,0.5811101210755281,0.658577493579328,3.132673160465179,0.14788732394366197,0.2234375,61.30433609454683,38.199185127222684,14.939449541284404,-0.09912969645510507,13.697687596125308,0.4610776827392677,313.19361076236476,4.365866121614716,83.60311329588015,12.690191947565543,14.718346253229974,,25.518739375623973,2.3320458801498125,0.62265625,4423.0,12.941830524344569,15.268199233716476,64.1120117907148,1.631205985915493,19.32057584269663,87.74007682458387,12.259923175416134,9.513891114173113,8.468573937221047,1.411683797698915,-20.263205336217773,1.5286624203821653,-0.4645395458999519,-0.018145112819190283,-0.2241374508052263,0.1373582371713566,2.746373490621218,0.12476026092883238,7.042443539030248,1.930148409512513,0.31471603455531205,-0.4500436442306867,True,True,False,False,False,False,False,False,False,False,False,False,False,False,False,False,False,False,False,False,False,False,False,False,False,False,False,False,False,False,False,False,True,False,False,False,False,False,False,False,False,False,False,False,False,False,False,False,False,False,False,False,False,False,11,True,2,High Performers,36.761608512853535
211.838,96.6,DEU,846.714,456130.0,251.093,410.093,152.108,1455.804,545.615,2264.116,2024.0,899.131,3851.0,899.131,204820,462.931,20.221,7.394,101.683,2264.116,-44.269,259.32,1035.488,41.865,2550.0,FIELMANN GROUP AG,255040.0,,25.0,1001.027,79.716,DE0005772206,467.188,2368.947,455.587,462.931,151.336,,25504040.0,2024-12-31,406.664,10.599350681969668,16.917223407934994,11.090111990728388,20.446434723309228,6.71820701766164,20.446434723309228,79.87793028272404,18.37733355094967,0.6443911403378236,0.3381247977475275,0.12009131772948127,0.1288239003961196,-12.710246366845693,0.5195994799422998,0.9718850757008711,37.954880375120254,61.453633196521494,5.997683028782992,1.6680001987337205,36.887781786591255,0.9557478491498543,111.96854754957717,14.960855315324839,24.397000860379947,44.21270818279629,,1.7568525374055222,10.680652627517627,3.520844338364289,0.37630642283254184,330.377,14.591876034620135,19.438517604543357,163.32315118302782,2.634707289594064,,63.50750782338864,36.49249217661136,14.983444044934702,19.249541666792513,23.389065169636304,66.18895752429626,-5.087570991439372,-1.0244609249876622,0.10100085972834867,0.11005620800271869,0.2189692028739411,3.8098689071109475,0.3591593367234257,17.31119353873261,4.742164496181577,0.7953593973621308,0.38282161701463385,False,False,False,False,False,False,False,False,False,False,False,False,False,False,False,False,False,False,False,False,False,False,False,False,False,False,False,False,False,False,False,False,False,False,False,False,False,False,False,False,False,False,False,False,False,False,False,False,False,False,False,False,False,False,11,True,2,High Performers,43.462705321938586
315.0,223.0,DEU,3696.0,325620.0,1356.0,1231.0,912.0,4516.0,6441.0,9850.0,2024.0,8475.0,2844.0,8475.0,100083,1671.0,22.791,1296.0,2503.0,9850.0,-1029.0,1612.0,4076.0,45.0,3030.0,BEIERSDORF AG,303020.0,,30.0,2719.0,437.0,DE0005200000,0.0,13011.0,3775.0,1671.0,2042.0,354.0,30302010.0,2024-12-31,114.0,10.42195065713627,10.761061946902654,13.766497461928934,16.96446700507614,9.258883248730964,16.96446700507614,61.6751269035533,16.0,1.7426948051948052,1.306547619047619,0.6772186147186147,1.0278679653679654,21.097532856813466,0.0,0.013451327433628318,65.13719160710168,34.70909230650987,30.133333333333333,-1.4296828246558946,0.8761816924141111,0.7570517254630698,432.18814444298187,4.823702252693438,75.66802030456853,27.604060913705585,3.588342440801457,2.3418114143920596,34.931980631773115,4.436548223350254,1.3873015873015873,794.0,8.060913705583756,35.49959382615759,90.78171091445427,1.535221238938053,3.5939086294416245,24.451754385964914,75.54824561403508,4.265904519953434,3.024784226779631,3.7936059750432793,87.26415094339623,-15.473887814313347,-0.15217338384611181,0.001411245399574809,0.19141476229111393,-0.09660360856517004,0.969901098575644,0.020856717844209276,9.461225117208516,2.0022533568888843,0.2707791238919422,0.011869084333577692,False,False,False,False,False,False,False,False,False,False,False,False,False,False,False,False,False,False,False,False,False,False,False,False,False,False,False,False,False,False,False,False,False,False,False,False,False,False,False,False,False,False,False,False,False,False,False,False,False,False,False,False,False,False,11,True,2,High Performers,26.87877452692274
1865.0,455.0,DEU,5146.0,334413.0,2963.0,2780.0,1780.0,11420.0,9793.0,14955.0,2024.0,17219.0,3674.0,17219.0,132740,4828.0,58.065,395.0,2201.0,14955.0,-615.0,3990.0,1412.0,157.0,4530.0,INFINEON TECHNOLOGIES AG,453010.0,10.0,45.0,6476.0,2432.0,DE0006231004,4595.0,28639.0,6760.0,4828.0,2770.0,2558.0,45301020.0,2024-09-30,573.0,10.346031635182792,10.337417968523143,19.81277164827817,32.283517218321634,11.90237378803076,32.283517218321634,54.79772651287195,13.583020078848445,1.9030314807617568,1.1276719782355227,0.42771084337349397,0.5044694908666926,16.2261252138692,0.26685637958069575,0.300133573378245,60.124306016271525,39.87569398372848,18.872611464968152,0.6145401822700911,18.045322811550683,0.522190020601278,257.55618703177475,5.398916967509026,67.60615178869942,43.3032430625209,3.2182052937378955,1.694235588972431,17.357449631621215,16.262119692410565,1.3040214477211796,348.0,2.3269809428284853,87.4820143884892,93.82382720215998,1.663220860677159,17.10464727515881,25.56179775280899,74.43820224719101,-8.302164449077198,0.70325960828439,-0.8960573476702649,-71.49877149877149,-11.208470244614821,1.045090374696417,0.019441579304853733,0.3902246472647871,0.0763927750024315,4.675615587678315,0.1857166236036557,9.70704284367471,2.8184744444689387,0.5495697063287116,0.034623261573779957,True,True,False,False,False,False,False,False,False,False,False,False,False,False,False,False,False,False,False,False,False,False,False,False,False,False,False,False,False,False,False,False,False,False,False,False,False,False,False,False,False,False,False,False,False,False,False,False,False,False,False,False,False,False,11,True,2,High Performers,30.7033599212726
78.081,159.346,DEU,2497.395,561599.0,418.33,506.419,318.867,2884.745,2406.091,2808.579,2024.0,1026.957,7990.0,1026.957,234919,496.411,4.434,229.785,1748.388,2808.579,-193.853,15.555,309.873,12.323,5020.0,CTS EVENTIM AG & CO KGAA,502020.0,,50.0,217.881,142.276,DE0005470306,96.723,4067.28,1989.932,496.411,353.584,15.39,50202010.0,2024-12-31,24.575,10.285252060344996,31.04969341462203,14.894720782288836,17.67480993057343,11.353321377109207,17.67480993057343,29.148085206077525,37.22857041150505,0.963440304797599,0.9572118147109289,0.7000846882451515,0.7920945625341606,-2.244841761570388,0.09418407976185954,0.11811400087832304,25.249232902578626,70.92565547491198,33.94709080581027,-3.277707383599477,2.982287917232155,0.6905300348144214,633.4188092016238,7.9431733336350065,45.951408167617856,7.757695261553973,,127.92876888460303,51.680041698629054,5.06576457347292,1.822159039971312,364.143,12.965382138084774,28.094522519889658,121.05729926134869,3.960516360470789,0.5479639347869509,49.97255909203523,50.02744090796477,19.08064778728644,27.287902785901608,25.43140028288544,-25.79035857304437,2.04555887078266,-1.5039697320762582,-0.034587777432309216,0.3551110241865341,0.3248755201716945,21.20389538993195,0.2043468968732351,12.451048366475876,8.660978644354024,0.055340053068831774,-0.03791956543392789,False,False,False,False,False,False,False,False,False,False,False,False,False,False,False,False,False,False,False,False,False,False,False,False,False,False,False,False,True,False,False,False,False,False,False,False,False,False,False,False,False,False,False,False,False,False,False,False,False,True,False,False,False,False,11,True,2,High Performers,34.85452733736534
288.58,,DEU,856.623,5418.0,278.147,454.493,130.797,2409.816,425.443,2046.841,2024.0,465.5,7310.0,465.5,295079,566.727,11.858,0.0,75.491,2046.841,-252.922,40.586,629.284,74.509,5020.0,STROEER SE & CO KGAA,502010.0,,50.0,1147.243,95.536,DE0007493991,1436.188,2886.43,860.222,566.727,259.608,48.07,50201010.0,2024-12-31,363.131,9.636367415804298,28.098174006444683,13.589086792769933,27.68788586900497,6.390188588170748,27.68788586900497,57.973188928695485,14.626321457568222,0.49665138573211315,0.4492723169935899,0.08812628192331982,0.08812628192331982,-14.938176224609641,3.085258861439313,3.86534693877551,16.127188256773938,83.48776862768194,3.7330658041310443,3.0417255574553534,62.337177759377504,0.7091254594776246,172.61266655422497,7.884352562324735,46.294226078136994,56.049443996871275,,21.195042625535898,11.609462207640581,4.6674851637230255,0.33105551320257814,358.957,17.53712183799328,21.02034574789931,163.40028833674282,6.200708915145005,2.348497025416239,0.0,100.0,6.922056280787525,5.303192261696732,3.0771905424200385,32.91454681448241,-27.107923549383894,0.48529252216321134,0.3778397427159388,-0.11288322520050043,0.45127996823427174,2.2858091070332587,1.342797646479037,15.745852142612154,1.1303645716434663,0.4958153482817816,0.34752059293587245,False,False,False,False,False,False,False,False,False,False,False,False,False,False,False,False,False,False,False,False,False,False,False,False,False,False,False,False,False,False,False,False,False,False,False,False,False,False,False,False,False,False,False,False,False,False,True,False,False,False,False,False,False,False,11,True,2,High Performers,40.783517194087025
316.4,,DEU,1424.4,4561.0,386.3,683.6,84.0,3718.7,1245.1,4451.0,2024.0,762.6,5990.0,762.6,360887,702.7,19.02,0.0,98.9,4451.0,-689.3,793.5,937.1,280.3,2550.0,DOUGLAS AG,255040.0,9.7,25.0,1280.1,151.3,DE000BEAU1Y4,2108.1,4481.3,2443.7,702.7,114.0,,25504040.0,2024-09-30,296.1,8.620266440541807,11.014948859166012,8.67894855088744,15.787463491350259,1.887216355875084,15.787463491350259,45.097730847000676,13.456648204270735,0.8741224375175511,0.31704577365908443,0.06943274361134513,0.06943274361134513,-4.0010711177560125,2.764358772619984,3.152635719905586,17.017383348581884,82.98261665141811,1.3781662504459506,3.2806318485840325,53.64961060406578,0.9932385691651976,234.0168243953733,39.04385964912281,9.348461019995506,28.759829251853514,,3.0796471329552615,4.750853546961819,3.3992361267130984,0.47819216182048047,532.3,11.959110312289372,22.13282621416033,176.960911208905,5.876344086021505,,0.0,100.0,8.722733823493488,-0.3358242149274826,4.224889035015611,12.015993265993252,38.17351598173517,2.7505162680335276,-0.386332071580355,-0.015487685059056356,0.2748948067127794,5.235584664334608,4.392062608346757,15.254502041818222,2.993392295349665,0.6899824917532128,0.9939962230801268,False,False,False,False,False,False,False,False,False,False,False,False,False,False,False,False,False,False,False,False,False,False,False,False,True,False,False,False,False,False,False,False,False,False,False,False,False,False,False,False,False,False,False,False,False,False,True,False,False,False,True,False,False,False,5,True,2,High Performers,34.05214102310432
655.0,850.368,DEU,9089.0,3256.0,3018.0,3120.0,2007.0,13445.0,11031.0,21586.0,2024.0,21732.0,2840.0,21732.0,101942,3673.0,47.15,599.0,3488.0,21586.0,171.0,2568.0,7259.0,113.0,3030.0,HENKEL AG & CO KGAA,303010.0,473.0,30.0,3802.0,626.0,DE0006048432,2642.0,35267.0,10009.0,3673.0,4144.0,634.0,30301010.0,2024-12-31,1647.0,8.55757507017892,9.235229155162894,13.98128416566293,17.015658297044382,9.297692949133697,17.015658297044382,53.631983693134444,12.382046442930992,1.2136648696226207,0.9311255363626362,0.383760589723842,0.44966442953020136,5.506564210168146,0.12157187557518866,0.197358733664642,61.62134573397226,38.123458190376276,26.707964601769913,0.21807786550503674,12.161510760767856,0.6120736098902657,457.81548250265115,5.208976833976834,70.07134253682942,17.613267858797368,11.115345005149331,3.8975856697819315,21.64062721524371,2.90002779579357,0.9557251908396946,2494.0,11.553784860557768,20.064102564102566,103.37972166998013,1.6228142830848518,2.9370888538867783,42.37010463378177,57.62989536621823,0.3346657990145996,11.154185577407972,-1.2565445026178068,-5.780128447298827,2.960526315789469,-0.48889910488203714,0.0008631799503090962,-0.03402060392359553,-0.03899096897869586,2.383246050438567,0.0606688304581914,8.846797289250574,2.0605702008432156,0.4629066347167239,-0.49276762579012523,True,False,False,False,False,False,False,False,False,False,False,False,False,False,False,False,False,False,False,False,False,False,False,False,False,False,False,False,False,False,False,False,True,False,False,False,False,False,False,False,False,False,False,False,False,False,False,False,False,False,False,False,False,False,11,True,2,High Performers,36.72561163928937
296.001,167.7,DEU,1925.204,325620.0,709.061,894.914,478.224,4305.061,3106.288,4998.513,2024.0,3981.18,2844.0,3981.18,281772,1005.062,12.956,0.0,709.492,4998.513,-281.876,1283.31,998.114,79.893,1510.0,SYMRISE AG,151010.0,,15.0,1749.839,227.423,DE000SYM9999,1648.716,8324.708,2739.073,1005.062,1070.501,275.649,15101050.0,2024-12-31,897.068,8.517548002884906,12.012117010534565,14.185438749484097,20.107219887194454,9.567325322550927,20.107219887194454,45.20224314711195,12.594566578139277,1.6134851163824717,0.9469012115079753,0.3685282183082936,0.3685282183082936,14.187692829586334,0.4141274697451509,0.6394546340532203,47.82365940042581,51.71425832593767,8.875132990374626,1.8270435057737728,30.58106062098514,0.6004430425667783,385.80680765668416,4.669321186995622,78.16982070467758,35.007191138644636,4.232140135671975,2.134381404337222,21.3820472742107,4.549813114420228,0.7683183502758437,667.491,13.353791417567585,25.41283296495529,126.21114403415221,2.091015226641348,5.514620048002276,35.06724882063635,64.93275117936365,5.672629855859812,6.106533676845904,2.370417193426033,41.82653796221734,-8.617017856855835,-0.16395144603314366,-0.03824117939882956,-0.01516358334860434,0.06055689941465871,0.9746357666051831,0.15240703317274348,10.750094778099124,1.6883816613494942,0.311270883538305,-0.530394311251048,False,False,False,False,False,False,False,False,False,False,False,False,False,False,False,False,False,False,False,False,False,False,False,False,False,False,False,False,False,False,False,False,False,False,False,False,False,False,False,False,False,False,False,False,False,False,False,False,False,False,False,False,False,False,11,True,2,High Performers,39.76443854553901
73.053,21.75,DEU,260.817,333310.0,147.082,167.12,91.0,772.813,588.719,1115.787,2024.0,960.337,3827.0,960.337,218000,220.135,4.071,0.676,85.573,1115.787,-62.385,267.009,165.76,22.468,4520.0,JENOPTIK AG,452030.0,,45.0,419.917,83.235,DE000A2NB601,463.899,1740.009,669.586,220.135,232.805,99.441,45203010.0,2024-12-31,17.217,8.452944783618936,9.475840251911569,13.181906582528743,19.729123927774744,8.15567845834375,19.729123927774744,39.989800920785065,10.32708062427856,2.257210994682095,1.233470210914166,0.3280959446661835,0.3306878002584187,18.84484505539914,0.4830585513210467,0.500986632817438,55.19149613593952,44.414310500692814,6.546288054121417,1.7968201331001432,27.650201809300984,0.6412535797228636,274.0817980840089,4.792796546465927,76.15595539291996,37.634154188926736,3.402806326280413,2.50772820391822,18.297491564698802,7.459757104178485,1.1393782596197282,83.885,7.518011950309512,49.80552896122546,113.62369290599803,1.8118733319657578,8.912184852485286,23.9010989010989,76.0989010989011,4.665737377679058,4.3851745023132604,-11.806759098786824,-5.059136438232148,5.848466351289483,0.4407378857090055,0.03502205472110263,0.383648736051978,0.007218571883573462,1.6762282502380685,0.18782838723287446,9.604548022452757,2.5902597818907727,0.7604788523854166,0.32283116788596705,False,False,False,False,False,False,False,False,False,False,False,False,False,False,False,False,False,False,False,False,False,False,False,False,False,False,False,False,False,False,False,False,False,False,False,False,False,False,False,False,False,False,False,False,False,False,False,False,False,False,False,False,False,False,11,True,2,High Performers,27.984515903446994
97.0,24.713,DEU,2339.6,518210.0,486.6,749.6,347.4,3932.2,3925.5,2061.3,2018.0,1922.7,7374.0,1922.7,242158,583.6,5.369,139.6,2859.4,2061.3,303.4,10.6,234.7,29.4,4510.0,WIRECARD AG,451020.0,113.0,45.0,81.5,23.5,DE0007472060,1375.9,5854.9,1102.5,583.6,1055.4,82.9,45102020.0,2018-12-31,133.9,8.310987378093564,18.0683413949134,23.606461941493233,28.312230146024355,16.853442002619705,28.312230146024355,46.51433561344783,14.751712847874854,1.6778509146862712,1.6733202256796034,1.2221747307232007,1.2818430500940332,27.08671369280432,0.7156082592188069,0.7852499089821606,32.83916036140669,67.16083963859332,16.551020408163268,-2.312542837559972,25.78694768484518,0.3520640830757144,383.9262432482772,1.9530983513359863,186.8825498471838,3.953815553291612,1.299766693990794,104.00943396226415,66.86365266699688,1.1400572454276428,0.2422680412371134,726.1,35.22534323000048,3.135005336179295,154.0484997944924,3.0451448483902843,4.021733857274536,7.113701784686241,92.88629821531376,34.26399063610766,29.318008685106033,14.428815004262564,32.386939620907704,56.478891996271145,0.4879204244472153,0.17433069286363506,-2.233302976072102,6.82208304997171,1.220848560660378,0.2773352738296344,12.80295137406275,3.2125722627169773,0.3993138869511902,-0.36875584684393276,False,False,False,False,False,False,False,False,False,False,False,False,False,False,False,False,False,False,False,False,False,False,False,False,False,False,False,False,True,False,False,False,False,False,False,False,False,False,False,False,False,False,False,False,False,False,False,True,True,False,False,False,False,False,5,True,2,High Performers,26.168110814679906
187.0,11.344,DEU,1685.0,515210.0,454.0,1203.0,51.0,4139.0,1510.0,3918.0,2024.0,1318.0,4841.0,1318.0,205865,641.0,,0.0,608.0,3918.0,-72.0,65.0,1064.0,81.0,5020.0,PROSIEBENSAT.1 MEDIA SE,502010.0,6.0,50.0,410.0,209.0,DE000PSM7770,1987.0,5608.0,2245.0,641.0,565.0,,50201020.0,2024-12-31,263.0,8.095577746077034,3.8694992412746583,11.587544665645739,16.360387953037264,1.3016845329249618,16.360387953037264,42.700357325165896,13.73676248108926,0.8961424332344213,0.857566765578635,0.3608308605341246,0.3608308605341246,-3.120542082738944,1.507587253414264,1.7071320182094083,23.502139800285306,73.8052781740371,5.604938271604938,2.561622464898596,40.121255349500714,0.698644793152639,,6.934513274336283,52.635273098519654,10.464522715671261,,34.53846153846154,20.91654778887304,5.334354262378764,1.1176470588235294,994.0,25.370086778968865,17.373233582709894,264.9779735682819,4.254931714719271,,22.24313725490196,77.75686274509803,1.7133956386292892,-5.0135501355013545,,-2.6444662095984284,-4.5662100456621,-1.8838439217292735,-0.1508001627890378,0.21779228615245366,-1.9649167767436926,6.828304803040811,0.8583932037399492,21.451497860199716,4.628110177557051,0.8372530217792904,0.8081290542589302,False,False,False,False,False,False,False,False,False,False,False,False,False,False,False,False,False,False,False,False,False,False,False,False,False,False,False,False,False,False,False,False,False,False,False,False,False,False,False,False,False,False,False,False,False,False,False,False,False,False,False,False,False,False,11,True,2,High Performers,40.447013832742286
21638.0,4400.0,DEU,35182.0,517111.0,24399.0,39874.0,11209.0,206294.0,37161.0,118397.0,2024.0,63296.0,4813.0,63296.0,221616,46037.0,198.194,6.0,8478.0,118397.0,-20282.0,2451.0,0.0,6713.0,5010.0,DEUTSCHE TELEKOM,501010.0,,50.0,92727.0,11198.0,DE0005557508,134361.0,304934.0,67748.0,46037.0,22303.0,21.0,50101020.0,2024-12-31,15391.0,8.001403582414556,17.708859959555106,20.607785670245025,38.8835865773626,9.467300691740501,38.8835865773626,42.778955547860164,12.344111263451332,1.0562503552953215,0.9865840486612473,0.24097549883463135,0.24114604058893752,0.648992896823575,2.1227407735085944,2.3658998988877653,20.75727862422688,67.65201650193157,3.6345896022642634,3.0687056063601017,49.10964339824355,0.3882709045236018,597.3793353986498,5.30856835403309,68.75676748566264,78.31870739968073,59.826680141485596,27.64096287229702,10.094315491221051,9.458009915791784,0.5175154820223681,28676.0,24.22020828230445,28.083462908160705,163.4247305217427,4.817587209302325,0.017736935902092115,39.25417075564279,60.74582924435721,3.2312910341700807,5.039182928299546,-0.7302706709674811,14.740717029449414,-9.003738013976925,0.9083638954089496,0.09609006619788991,-0.022447142565844867,1.3659145704370923,3.561205423752282,0.641028743180756,13.076272242518053,1.4031013189131987,0.7156791433631443,-0.37895880169637797,True,True,False,False,False,False,False,False,False,False,False,False,False,False,False,False,False,False,False,False,False,False,False,False,False,False,False,True,False,False,False,False,True,False,False,False,False,False,False,False,False,False,False,False,False,False,False,False,False,False,False,False,False,False,11,True,2,High Performers,46.89409363269942
1806.0,284.0,DEU,11294.0,325412.0,4086.0,4586.0,2777.0,21580.0,13450.0,21156.0,2024.0,29912.0,2834.0,29912.0,220301,5892.0,59.02,558.0,3075.0,21156.0,-985.0,4484.0,5895.0,267.0,3520.0,MERCK KGAA,352020.0,,35.0,10025.0,1702.0,DE0006599905,6997.0,51567.0,6826.0,5892.0,4900.0,2279.0,35202010.0,2024-12-31,3273.0,7.923672115888068,9.2838994383525,19.313669880884856,27.850255246738513,13.126299867649841,27.850255246738513,67.73492153526186,11.070470616922702,1.190897821852311,0.7938728528422171,0.27226846112980346,0.3216752257836019,4.180968448814164,0.2339194971917625,0.3433404653650709,58.006089165551614,41.848468982100954,15.303370786516854,1.2211473183978276,19.915837648108287,0.41026237710163477,358.4547610979329,4.317551020408163,84.53866515409341,47.38608432595954,9.812615955473099,1.5223015165031222,15.465316966276882,8.044999054641709,0.9424141749723145,2884.0,13.632066553223671,37.112952464020935,112.23690651003426,1.7239569403583845,10.772357723577237,10.2268635217861,89.7731364782139,0.7764492926213507,6.334673677698732,-6.180453996312075,45.877592311583214,-5.810736026563368,0.48009625781099513,-0.04695215369896828,0.40790498000839015,-0.24171394464961865,2.6364905768608735,0.2329913084873707,8.893284464870945,1.5872687760401074,0.36475132640648655,0.2689354965133424,True,True,False,False,False,False,False,False,False,False,False,False,False,False,False,False,False,False,False,False,False,False,False,False,False,False,False,False,False,False,False,False,True,False,False,False,False,False,False,False,False,False,False,False,False,False,False,False,False,False,False,False,False,False,11,True,2,High Performers,44.821826699791096
1305.3,546.2,DEU,7258.7,327310.0,2864.9,3231.7,1745.7,17326.8,9201.2,21201.9,2024.0,18795.6,3241.0,18795.6,100373,4170.2,50.692,12.9,3233.0,21201.9,-1450.1,2857.3,3621.3,272.2,1510.0,HEIDELBERG MATERIALS AG,151020.0,,15.0,13372.7,1323.1,DE0006047004,6713.2,37301.7,7667.1,4170.2,2674.3,182.8,15102010.0,2024-12-31,1605.2,7.680347008313294,9.287812041116007,13.512468222187636,19.668991929968538,8.233696036675958,19.668991929968538,63.83767492536047,11.23102615567961,1.2676099025996392,0.8739719233471559,0.4453965586124237,0.44717373634397345,5.2075374580783205,0.3571686990572262,0.44257166570899575,50.38805201907688,46.45042987316932,10.524981631153564,1.2194618963119275,22.300324113914378,0.5683896444397978,418.24942791762015,7.928018546909471,46.03924648262656,63.073120805210856,10.91474903474903,2.683337416442096,15.836543642783038,6.240478447686291,1.0136367118670038,1908.6,9.002023403562887,40.94130024445338,112.8032392055569,1.9845974589797613,0.8621868794777826,31.28830841496248,68.71169158503753,-0.02122000905386834,5.159635200090196,-0.5980743965331325,-1.272501551831151,4.025473700762627,0.19303997330217662,-0.01748493157396788,-0.06011296676448384,0.4297125882430861,1.3860037580955615,0.12919145131074974,8.663680207604479,1.6178022369055896,0.2133822877909015,-0.14491067451900302,True,False,False,False,False,False,False,False,False,False,False,False,False,False,False,False,False,False,False,False,False,False,False,False,False,False,False,False,False,False,False,False,False,False,False,False,False,False,False,False,False,False,False,False,False,False,False,False,False,False,False,False,False,False,11,True,2,High Performers,49.111951517163185
280.1,25.9,DEU,819.4,511130.0,404.4,531.2,68.3,3574.6,852.9,1847.1,2024.0,1810.7,2731.0,1810.7,327148,684.5,9.136,0.0,300.1,1847.1,-369.1,35.6,671.9,156.4,5020.0,SPRINGER NATURE AG,502010.0,,50.0,186.5,11.0,DE000SPG1003,1873.2,5388.6,237.6,684.5,461.7,,50201040.0,2024-12-31,20.6,7.504732212448502,3.7720218699950294,21.893779438038006,37.058091061664236,3.697688268095934,37.058091061664236,87.13659249634563,10.977496674719726,1.040883573346351,0.9974371491335123,0.3662435928728338,0.3662435928728338,0.6216828118620792,1.034517037609764,1.0458938532059423,33.60241992354229,66.33633968006532,2.5856777493606136,2.3282688093498902,35.14456445087777,0.3427792005344616,202.17819614711033,4.000649772579597,91.23517947052136,10.096908667641168,55.13731343283582,6.674157303370786,14.137252718702445,0.5955281251691842,0.03927168868261335,520.2,28.16306642845542,2.0707831325301203,131.35509396636996,2.975976141823604,,37.920937042459734,62.079062957540266,-0.31840259039396246,-0.41765227675930605,-0.10933741526352181,8.533277696640962,-12.698412698412698,0.8104904438494789,-26.07405839138555,-0.05004242365600309,0.2953670217378043,3.477855100505245,340.8222605351467,9.857848049586163,1.8199733616180795,0.7392075753636814,-0.12390943393823423,False,False,False,False,False,False,False,False,False,False,False,False,False,False,False,False,False,False,False,False,False,False,False,False,False,False,False,True,False,False,False,False,False,False,False,False,False,False,False,False,False,False,False,False,False,False,True,False,False,False,True,False,False,False,9,True,2,High Performers,40.30380496213447
415.9,20.2,DEU,3098.7,517810.0,483.6,797.5,473.1,5492.5,599.8,1095.3,2022.0,5543.3,4899.0,5543.3,347036,899.5,0.711,0.0,177.5,1095.3,-364.4,0.0,68.6,88.3,5010.0,VANTAGE TOWERS AG,501010.0,,50.0,3561.8,398.4,DE000A3H3LL2,1751.5,11035.8,46.1,899.5,418.2,,50101020.0,2023-03-31,2460.8,4.382101886587289,8.534627388017968,44.152287044645306,82.12361909979002,43.193645576554374,82.12361909979002,95.79110745914362,6.629379832209245,0.19356504340529898,0.19356504340529898,0.05728208603607965,0.05728208603607965,-22.643578172855612,0.3159670232532968,0.7598903180415998,50.23016002464706,49.769839975352944,5.4767836919592305,4.485603112840467,38.16941227640951,0.09924971456532376,1540.506329113924,2.6190817790530847,139.36181867981375,325.1894458139323,,,5.397886877254029,36.373596274993155,0.9579225775426785,399.1,36.43750570619922,49.956112852664575,164.90901571546732,1.9908357837389279,,4.269710420629887,95.73028957937011,7.036059806508366,2.9305327563050154,33.39587242026265,-36.418671339812015,38.237335183900065,-3.4009206978608333,-0.017038389323645986,8.59046786226722,-0.9005132019462643,3.603036892031549,0.017314030801691624,7.226481088820022,2.871600803488531,0.8909546372101826,,False,False,False,False,True,True,True,True,False,False,False,False,False,False,False,False,False,False,False,False,False,False,False,True,False,False,True,False,False,False,True,False,False,True,False,False,False,False,False,False,False,False,True,False,False,False,False,True,False,False,False,False,False,False,3,True,2,High Performers,10.968701762181416
102.493,,DEU,182.821,221114.0,57.325,153.037,27.221,1818.313,277.428,222.432,2017.0,692.012,4911.0,692.012,248220,159.818,0.108,71.188,195.576,222.432,10.085,0.339,18.688,60.596,5510.0,CAPITAL STAGE AG,551050.0,,55.0,1455.168,93.92,,1364.777,2519.698,7.431,159.818,65.523,,55105020.0,2017-12-31,124.608,2.2750742350869038,3.9336023074744375,25.771921306286867,71.85027334196519,12.23789742483096,71.85027334196519,96.65920371169615,2.7871113663093303,1.517484315259188,1.515630042500588,1.0697676962712162,1.4591540359149113,3.7546959992824536,1.97218689849309,2.1522531401189577,27.464084981612874,72.16392599430567,0.9460195392435146,8.095514898196697,59.10966314217021,0.08827724592391628,2059.5555555555557,3.394716359141065,107.52002859300819,654.2080276219249,2.3511156679738283,21.920353982300885,10.362313261351161,42.22414041145159,0.9163552632862733,59.117000000000004,26.577560782621205,61.37077961538713,266.96380287832534,3.6411189401339863,,0.0,100.0,56.881995725862765,7.0482288829495365,16.129032258064523,-27.111434419155177,563.4173906901179,-3.79282540857258,-0.2862321351009119,-2.113981426911015,1.5653646814037216,6.149028151568778,0.6377291110357374,6.073624696292969,0.8969912486643496,0.6341054565400587,-0.45110585783594304,False,False,False,False,False,True,False,True,False,False,False,False,False,False,False,False,False,False,False,False,False,False,False,True,False,False,True,False,False,False,True,False,False,False,False,False,False,False,False,False,True,False,False,False,True,True,False,True,False,False,False,False,False,False,4,True,2,High Performers,2.7534538517604448
164.776,,DEU,1150.37,22111.0,72.748,207.068,-173.159,3148.809,669.399,410.804,2024.0,766.293,4911.0,766.293,329260,237.524,0.423,102.833,478.049,410.804,266.853,6.902,48.345,107.572,5510.0,ENCAVIS AG,551050.0,21.524,55.0,2684.594,215.539,DE0006095003,1584.684,3923.899,45.87,237.524,160.594,,55105020.0,2024-12-31,1003.269,1.8539722862387642,-22.596970088464854,17.708688328253867,57.81930068840615,-42.15124487590189,57.81930068840615,88.8340911967751,3.0943731053089847,0.581898867320949,0.5758990585637664,0.41556108034806194,0.5049523196884481,-12.25747655584407,2.0679870493401347,3.3772369054656637,19.528866568685892,80.2469431552647,0.6762726360019337,8.88290867449184,65.95360889768061,0.10469280682300945,971.1678486997636,2.5580283198625104,142.68802153825183,653.497531669604,,6.645899739206027,16.275724731956657,52.467600120738844,1.3080727775889691,-8.470999999999975,-2.062053923525568,104.09092665211428,284.637378347171,5.120624878473378,,,,-12.994010454171933,9.803794820563837,7.360406091370542,-105.83635336429151,140.19769541088104,-1.7933585055783152,0.0002615165379069288,1.1090660343816516,-3.167883605059035,7.241835752217022,0.5631549626380469,5.277098110833128,1.5789561790488267,0.45993679648027314,0.3029086122153937,False,False,False,False,False,True,True,True,False,False,False,False,False,False,False,False,False,False,False,False,False,False,False,False,False,False,True,False,False,False,True,False,False,False,False,False,False,False,False,False,False,False,False,False,True,False,False,False,True,False,False,False,False,False,9,True,2,High Performers,2.60555928049669
