conm,oancf,datadate,gsector,dvt,ib,at,dp,act,lct,lt,ggroup,sic,dlc,gvkey,ivst,cogs,capx,che,emp,rect,oibdp,seq,gsubind,ivch,revt,ebit,invt,ceq,xrd,dltt,ppent,xint,gind,isin,ebitda,sale,fyear,xsga,fincf,naics,loc,roa,roe,ebit_margin,ebitda_margin,net_profit_margin,operating_margin,gross_margin,roc,current_ratio,quick_ratio,cash_ratio,cash_ratio_enhanced,working_capital_ratio,debt_to_equity,total_debt_to_equity,equity_ratio,debt_ratio,interest_coverage,net_debt_to_ebitda,debt_to_assets,asset_turnover,revenue_per_employee,receivables_turnover,days_sales_outstanding,capital_intensity,working_capital_turnover,inventory_turnover,asset_quality,capex_to_revenue,capex_to_depreciation,fcf,fcf_margin,reinvestment_rate,cash_conversion,financial_leverage,rnd_intensity,dividend_payout_ratio,retention_ratio,revenue_growth,asset_growth,employee_growth,fcf_growth,capex_growth,margin_trend,leverage_trend,capex_trend,fcf_trend,margin_volatility,leverage_volatility,cf_to_assets,cashflow_volatility,margin_consistency,growth_quality,ebit_outlier,ebitda_outlier,roa_outlier,roe_outlier,ebit_margin_outlier,ebitda_margin_outlier,net_profit_margin_outlier,operating_margin_outlier,gross_margin_outlier,roc_outlier,current_ratio_outlier,quick_ratio_outlier,cash_ratio_outlier,cash_ratio_enhanced_outlier,working_capital_ratio_outlier,debt_to_equity_outlier,total_debt_to_equity_outlier,equity_ratio_outlier,debt_ratio_outlier,interest_coverage_outlier,net_debt_to_ebitda_outlier,debt_to_assets_outlier,asset_turnover_outlier,revenue_per_employee_outlier,receivables_turnover_outlier,days_sales_outstanding_outlier,capital_intensity_outlier,working_capital_turnover_outlier,inventory_turnover_outlier,asset_quality_outlier,capex_to_revenue_outlier,capex_to_depreciation_outlier,fcf_outlier,fcf_margin_outlier,reinvestment_rate_outlier,cash_conversion_outlier,financial_leverage_outlier,rnd_intensity_outlier,dividend_payout_ratio_outlier,retention_ratio_outlier,revenue_growth_outlier,asset_growth_outlier,employee_growth_outlier,fcf_growth_outlier,capex_growth_outlier,margin_trend_outlier,leverage_trend_outlier,capex_trend_outlier,fcf_trend_outlier,margin_volatility_outlier,leverage_volatility_outlier,cashflow_volatility_outlier,margin_consistency_outlier,growth_quality_outlier,years_available,latest_year,cluster,cluster_name,static_score
FUCHS SE,390.0,2024-12-31,15.0,152.615,302.0,2610.0,97.0,1285.0,580.0,710.0,1510.0,2990.0,60.0,103200,0.0,2222.0,83.0,153.0,6.781,551.0,533.0,1897.0,15101010.0,2.0,3525.0,436.0,567.0,1897.0,79.0,52.0,813.0,9.0,151010.0,DE000A3E5D64,533.0,3525.0,2024.0,697.0,-228.0,324191.0,DEU,16.704980842911876,15.919873484449129,12.368794326241135,15.120567375886527,8.567375886524822,15.120567375886527,36.9645390070922,22.370446382760388,2.2155172413793105,1.2379310344827585,0.2637931034482759,0.2637931034482759,27.011494252873565,0.027411702688455455,0.05904059040590406,72.68199233716474,27.203065134099617,48.44444444444444,-0.07692307692307693,4.291187739463601,1.3505747126436782,519.8348326205574,6.397459165154265,57.05390070921986,23.06382978723404,5.0,3.9188712522045854,26.97318007662835,2.354609929078014,0.8556701030927835,307.0,8.709219858156029,21.28205128205128,89.44954128440367,1.3758566157090142,2.2411347517730498,50.534768211920536,49.465231788079464,-0.45184975995481436,7.71770532397853,8.115433673469386,-33.26086956521739,0.0,-0.500585552284974,0.0055430427954161,-0.10227467469361243,-0.23684786043372466,1.8049902090443215,0.028183022880020083,14.942528735632186,5.175547287786805,0.8460569672791028,-0.22120291987798313,False,False,False,False,False,False,False,False,False,False,False,False,False,False,False,False,False,False,False,True,False,False,False,False,False,False,False,False,False,False,False,False,False,False,False,False,False,False,False,False,False,False,False,False,False,False,False,False,False,False,False,False,False,False,11,True,3,Upper-Mid,24.428338728131397
KWS SAAT SE & CO KGAA,226.537,2025-06-30,30.0,41.25,139.98,2676.221,102.887,1550.007,521.392,1074.69,3020.0,100.0,56.737,102926,33.022,516.311,108.116,407.009,4.791,603.264,356.161,1601.531,30202010.0,,1676.628,253.274,420.328,1601.531,348.951,426.798,623.634,11.651,302020.0,DE0007074007,356.161,1676.628,2025.0,464.725,-236.849,111.0,DEU,9.463867146995709,8.740386542627023,15.106153541513084,21.242696650658345,8.34890029273041,21.242696650658345,69.20539320588705,12.486830292324372,2.972824669346672,2.166659634209961,0.7806199558105993,0.8439542609015864,38.4353534330685,0.26649374879412263,0.3019204748456321,59.843002502409185,40.15699749759082,21.738391554373017,0.2148635027417376,18.06782773171573,0.6264908615544083,349.95366311834687,2.779260821133036,131.32988355198648,37.195728569485894,1.6299859519839783,1.228352619858777,37.74998402598291,6.44841908879012,1.0508227472858573,118.421,7.063045589122931,47.725537108728375,89.44344859717145,1.6710391494139045,20.81266685275446,29.468495499357054,70.53150450064294,-0.08878994206604762,-9.467631769365848,3.7462104807275853,-6141.887755102017,-20.537997942084374,0.34305048544131467,0.02442768772756635,0.0026673672731636717,0.2807733865456231,2.4249338116019827,0.18664624453625198,8.464809146927701,1.934299544562904,0.2601714579267073,0.05452210288460373,False,False,False,False,False,False,False,False,False,False,False,False,False,False,False,False,False,False,False,False,False,False,False,False,False,False,False,False,False,False,False,False,False,False,False,False,False,True,False,False,False,False,False,True,False,False,False,False,False,False,False,False,False,False,12,True,3,Upper-Mid,41.53598638178244
DMG MORI AG,171.974,2024-12-31,20.0,,170.43,2544.259,70.849,1642.446,964.615,1094.563,2010.0,3540.0,35.149,101937,1.774,1073.407,37.147,137.938,7.498,709.185,307.915,1419.503,20106020.0,4.81,2235.785,237.066,714.117,1419.503,85.737,39.285,456.516,12.437,201060.0,DE0005878003,307.915,2235.785,2024.0,662.307,-176.324,3335.0,DEU,9.317683459113244,12.006314886266532,10.603255679772431,13.772120306737904,7.622825987293054,13.772120306737904,51.98970384003828,16.25088772323326,1.7026958942168635,0.9623829196104144,0.14299798365150862,0.14483705934491997,26.641587982984433,0.02767517927049115,0.052436662691096814,55.79239377752029,43.0208952783502,19.06134919996784,-0.20623873471574944,2.92556693324068,0.8787568404002893,298.18418244865296,3.152611800870013,115.77702015175878,20.41860017846081,3.298440171665209,1.5031248380867561,33.29547031178822,1.661474605116324,0.5243122697568067,134.827,6.0304099007731065,21.600358193680442,72.54266744282182,1.7923590157963738,3.8347604979906387,0.0,100.0,-10.989016676433872,-8.07479290932811,-0.22621423819028097,12.482376006340456,-47.39353943324883,0.16743301524572757,0.00034554890007888414,-0.2301677019405922,0.49366690707914274,1.8554738142197378,0.015856381169796863,6.759296125119336,2.103300434638087,0.08957054621112989,0.34221558686317843,False,False,False,False,False,False,False,False,False,False,False,False,False,False,False,False,False,False,False,False,False,False,False,False,False,False,False,False,False,False,False,False,False,False,False,False,False,False,False,False,False,False,False,False,False,False,False,False,False,False,False,False,False,False,11,True,3,Upper-Mid,56.511598497729864
KSB SE & CO KGAA,268.6,2024-12-31,20.0,46.635,118.1,2867.9,90.9,1938.0,983.0,1532.5,2010.0,3560.0,20.8,101390,0.0,1359.5,135.0,369.3,,784.8,334.1,1092.5,20106020.0,1.3,2967.4,243.2,764.8,1092.5,69.0,37.5,667.8,20.5,201060.0,DE0006292030,334.1,2967.4,2024.0,1026.1,-88.8,3339.0,DEU,8.480072526936084,10.810068649885583,8.195726898968795,11.259014625598168,3.9799150771719347,11.259014625598168,54.18548224034508,21.522123893805308,1.9715157680569684,1.1934893184130213,0.37568667344862666,0.37568667344862666,33.299626904703786,0.034324942791762014,0.05336384439359267,38.0940758045957,53.4363122842498,11.863414634146341,-0.9308590242442382,2.0328463335541684,1.0346943756755815,,3.7810907237512748,96.53299184471253,22.504549437217765,3.1072251308900523,1.7775889121338913,40.24198891174727,4.549437217766394,1.4851485148514851,133.60000000000002,4.5022578688414105,50.26061057334326,110.44407894736842,2.6250800915331807,2.3252679113028236,39.48772226926334,60.51227773073666,5.1916253655244216,7.419266998998819,,-23.149048279194417,26.806999746386005,0.4410495948978004,-0.02547266617184261,0.07613679636297159,0.2430585178199154,1.8354355116224006,0.09722052204035422,9.365737996443391,3.0125366934278937,0.635168979838396,-0.3195692048150439,False,False,False,False,False,False,False,False,False,False,False,False,False,False,False,False,False,False,False,False,False,False,False,False,False,False,False,False,False,False,False,False,False,False,False,False,False,False,False,False,False,False,False,False,False,False,False,False,False,False,False,False,False,False,11,True,3,Upper-Mid,49.53500923852603
KRONES AG,452.17,2024-12-31,20.0,82.142,276.919,4749.469,137.965,3198.498,2392.927,2827.932,2010.0,3560.0,42.073,103269,0.0,2665.788,120.727,442.483,19.788,1910.958,513.295,1921.706,20106020.0,2.973,5352.733,375.33,664.752,1921.706,219.539,94.55,832.211,10.421,201060.0,DE0006335003,513.295,5352.733,2024.0,1587.532,-114.995,333993.0,DEU,7.90256763440292,14.410060644031915,7.011932035466742,9.589400405363016,5.173413282523152,9.589400405363016,50.197628015445574,18.615195689436263,1.3366467092393541,1.0588480133326257,0.18491287030486095,0.18491287030486095,16.96128556687074,0.049201074461962445,0.07109464194835213,40.46149158990195,59.54206670261454,36.01669705402553,-0.5958756660399965,2.87659525728034,1.1270171465483827,270.50399231857693,2.8010730743428165,130.307203815322,15.547403541331128,6.644644606124104,4.01019929236768,49.55166567041495,2.2554272742541053,0.8750552676403436,331.443,6.192033116540652,26.699471437733596,120.47265073402073,2.47148575276343,4.101437527334166,29.662825591598992,70.33717440840101,12.32308441606813,6.083389973306419,6.887052341597788,1528.9526711554522,2.9435088467277826,-0.12255632355370764,0.00998748349980334,0.022541713268301386,0.21021302451786922,1.9361907124627618,0.04549506508788372,9.520432705213993,3.7945051787778494,0.044072518531728284,0.8244201419566822,False,False,False,False,False,False,False,False,False,False,False,False,False,False,False,False,False,False,False,False,False,False,False,False,False,False,False,False,False,False,False,False,False,False,False,False,False,False,False,False,False,False,False,True,False,False,False,False,False,False,False,False,False,False,11,True,3,Upper-Mid,42.40749620863609
SIXT SE,1079.847,2024-12-31,20.0,127.078,243.913,6550.656,222.954,5240.0,1595.496,4421.998,2030.0,7510.0,327.736,103533,0.0,886.577,89.925,163.577,7.864,693.228,737.268,2128.658,20304040.0,0.003,4002.172,514.314,175.534,2128.658,10.105,2757.739,1124.128,154.362,203040.0,DE0007231326,737.268,4002.172,2024.0,983.991,-832.872,5321.0,DEU,7.851335805146843,11.458533968350013,12.85087197651675,18.421697018518945,6.094515677986853,18.421697018518945,77.84760375116312,10.525423947337885,3.2842451500975245,3.1742266981553073,0.10252423070944709,0.10252423070944709,55.63571037770873,1.2955293898785056,1.4494930608862486,32.495340924634114,67.50465907536588,3.3318692424301317,3.9631423037484335,47.10177118139008,0.6109574369345605,508.92319430315365,5.773240550006636,63.222725060292255,28.08794824410345,1.0981390060211211,5.050742306333816,13.07968240127401,2.246904930622672,0.40333432008396347,989.922,24.734619101827708,8.327568627777824,209.9587022713751,3.077364236058587,0.25248789907080454,52.09972408194725,47.90027591805275,10.54169455178815,1.5664001758860957,-9.97137950772753,-754.143566090226,46.78756814991347,0.591288928605766,-0.07683017051151256,-0.1037442110480408,2.9388099158284624,5.450365938236021,0.3931101754976629,16.48456276745413,8.727931700986776,0.12946156599137126,0.31510746201486417,False,False,False,False,False,False,False,False,False,False,False,True,False,False,False,False,False,False,False,False,False,False,False,False,False,False,False,False,False,False,False,False,False,False,False,False,False,False,False,False,False,False,False,True,False,False,False,False,True,False,False,False,False,False,11,True,3,Upper-Mid,20.59845295315985
1&1 AG,311.418,2024-12-31,50.0,8.8,212.764,8130.073,281.453,1844.042,730.556,2036.103,5010.0,4813.0,20.218,326410,4.161,2561.735,290.956,8.3,3.281,1382.958,872.141,6093.97,50102010.0,,4064.254,590.688,119.568,6093.97,,392.741,801.586,20.477,501020.0,DE0005545503,872.141,4064.254,2024.0,545.326,-129.677,517.0,DEU,7.265469818044684,3.491385746894061,14.53373731070942,21.458821225248226,5.235007457703185,21.458821225248226,36.96912151651939,9.106124814254866,2.5241624187605054,2.360495293995258,0.011361209818275396,0.01705687175247346,13.695891783505509,0.06444747840898461,0.06776518427232166,74.95590752998159,25.044092470018413,28.84641304878644,0.4639834613898441,5.079400886068305,0.4999037524017312,1238.7241694605302,2.938812313895288,124.19983347497475,19.722832283612195,3.6500270322213306,21.4249213836478,17.112490871853183,7.158902962265647,1.0337640742859378,20.46199999999999,0.503462628073934,93.42940998914642,52.72123354461239,1.3341176605726643,,4.1360380515500745,95.86396194844993,-0.7920275363029972,5.035550274110623,-1.1746987951807175,-129.17100292251763,-1.6133122778778985,0.17617649291895807,0.1694473200119703,0.9389856741287159,-1.3252129635961196,2.677655973876076,0.8203732220725649,3.830445310884662,2.8639220354942614,0.032467408723126624,-0.014924651183731628,False,False,False,False,False,False,False,False,False,False,False,False,False,False,False,False,False,False,False,False,False,False,False,False,False,False,False,False,False,False,False,False,False,False,False,False,False,False,False,False,False,False,False,False,False,False,False,False,False,False,False,False,False,False,9,True,3,Upper-Mid,40.64906767835049
CLAAS KG,424.686,2024-09-30,20.0,,252.767,4983.088,114.048,3509.758,1623.759,2716.064,2010.0,3310.0,105.235,210332,609.855,3776.884,142.634,1323.153,11.905,545.587,473.446,2260.313,20106015.0,,4997.427,359.398,1376.085,2260.313,300.07,717.038,755.414,59.251,201060.0,,473.446,4997.427,2024.0,542.325,-142.791,3312.0,DEU,7.212355069788052,11.182831758256489,7.19166082866243,9.473795215017649,5.057942817373821,9.473795215017649,24.42342829620122,12.071065856864038,2.161501799220204,1.314033055397999,0.8148703101876572,1.190452524050675,37.84799706527358,0.3172295164430767,0.36378722769811084,45.35968459718151,54.50563987631766,6.065686655077552,-1.057945362301086,16.50127390886936,1.0028775329675093,419.77547249055016,9.159725213394013,39.84835696449393,15.116058723819279,2.649750609623865,2.7446589418531557,37.50164556596231,2.854148744944148,1.2506488496071828,282.052,5.643944373774746,33.58575512260823,118.16593303245982,2.2046008672250257,6.004489910507948,0.0,100.0,-18.6687387521983,-3.312746018924606,,85.19379386872052,4.145096636170464,0.23266940049949655,-0.024025591652146554,-0.011950839729509433,0.4422914798358045,1.5606331645909395,0.09934033432402803,8.52254666182897,4.332754157635812,0.24449476424472993,-0.07960969337146147,False,False,False,False,False,False,False,False,False,False,False,False,False,False,False,False,False,False,False,False,False,False,False,False,False,False,False,False,False,False,False,False,False,False,False,False,False,False,False,False,False,False,False,False,False,False,False,False,False,False,False,False,False,False,11,True,3,Upper-Mid,50.851262038538515
ALTANA AG,438.997,2024-12-31,15.0,,161.329,4460.234,179.544,2117.433,646.347,1430.794,1510.0,2800.0,28.917,100004,126.731,1909.906,179.539,684.943,8.382,559.556,468.383,3005.005,15101050.0,3.088,3168.838,288.839,626.463,3005.005,213.23,420.534,1219.89,53.735,151010.0,DE0007600801,468.383,3168.838,2024.0,575.095,-95.191,325.0,DEU,6.475870996902852,5.368676591220314,9.114981579998723,14.780907070667542,5.091109106871351,14.780907070667542,39.72850615904001,8.431928522781378,3.276000352751695,2.3067640137573164,1.0597140545248915,1.2557867523172537,32.982260571978955,0.13994452588265244,0.14956747160154477,67.37325889179805,32.07889989628347,5.375248906671629,-0.502776573872237,10.076847986002528,0.7104645182293127,378.0527320448581,5.66312933826105,64.45199786167674,38.496445700285086,2.1540807267556077,3.048713172206499,27.90210110052522,5.665767704123719,0.9999721516731274,259.458,8.187796283685062,40.89754599689746,151.9867469420681,1.4842684121989815,6.72896500231315,0.0,100.0,15.58711150586447,7.722761277389667,14.570803717878622,-1.9262608011974658,21.080246289140202,-0.6327483285192008,-0.005988329583724867,0.19637177923485444,-0.6761885055462092,2.4440278110633824,0.06366105700483804,9.842465664357519,2.210320931129537,0.7372969057825468,-0.763409682844701,False,False,False,False,False,False,False,False,False,False,False,False,False,False,False,False,False,False,False,False,False,False,False,False,False,False,False,False,False,False,False,False,False,False,False,False,False,False,False,False,False,False,False,False,False,False,False,False,False,False,False,False,False,False,11,True,3,Upper-Mid,59.50334581773843
DILLINGER HUTTENWERKE,80.317,2024-12-31,15.0,,175.0,3283.682,56.322,1436.768,592.104,1364.71,1510.0,3444.0,30.518,210340,200.1,1597.617,129.731,427.034,,345.856,257.102,1918.972,15104050.0,,2287.461,200.78,629.266,1918.972,,76.047,546.86,24.218,151040.0,,257.102,2287.461,2024.0,306.257,-163.99,332322.0,DEU,6.1144775894864365,9.119466047446236,8.777417407335033,11.239623320353877,7.650403657155248,11.239623320353877,30.157628916952024,10.06406455276867,2.426546687744045,1.363784064961561,0.721214516368746,1.0591619039898397,25.7230754987846,0.0396290305434368,0.0555323371054919,58.43964184107963,41.56035815892039,8.290527706664465,-1.2464663829919644,3.2452898910430426,0.6966146539159395,,6.613911570133234,55.186707008338075,23.906855679725254,2.708131280603885,2.5388579710329178,23.53729746059454,5.671397239122329,2.3033805617698233,-49.414,-2.1602116932266826,161.5237122900507,40.00249028787727,1.7111672291205915,,0.0,100.0,-12.515756993504457,3.2837927820787094,,-116.48490590586249,58.737014695265934,0.7012634716984315,-0.0026104661303392707,-0.32588238893138993,0.30546853907366694,6.604694185805702,0.032352501240949516,2.4459433038887446,3.7684579077865705,0.124007997077796,0.06795846578236642,False,False,False,False,False,False,False,False,False,False,False,False,False,False,False,False,False,False,False,False,False,False,False,False,False,False,False,False,False,False,False,False,False,False,False,False,False,False,False,False,False,False,False,False,False,False,False,False,False,False,False,False,False,False,11,True,3,Upper-Mid,64.31227979221151
BIOTEST AG,60.9,2024-12-31,35.0,0.791,26.4,1434.0,40.5,809.5,160.1,903.3,3520.0,2836.0,35.1,200759,11.7,461.9,28.7,119.5,2.495,206.8,127.3,530.7,35201010.0,,726.2,86.8,479.5,530.7,56.8,635.9,485.3,32.2,352010.0,DE0005227235,127.3,726.2,2024.0,91.3,-35.4,325414.0,DEU,6.052998605299861,4.9745618993781795,11.952630129440925,17.52960616909942,3.635362159184797,17.52960616909942,36.394932525475085,7.440425167152409,5.056214865708932,2.061211742660837,0.7464084946908183,0.8194878201124297,45.28591352859135,1.1982287544752213,1.2643678160919538,37.00836820083682,62.99163179916317,2.695652173913043,4.3322859387274155,46.79218967921897,0.5064156206415621,291.062124248497,3.511605415860735,103.94106306802534,66.82732029743872,1.1182630120110872,0.9632950990615223,22.754532775453278,3.9520793169925637,0.7086419753086419,32.2,4.43404020930873,47.12643678160919,70.16129032258065,2.7020915771622382,7.821536766730927,2.9962121212121215,97.00378787878788,6.076541045866213,1.6372528173506318,2.844187963726297,-189.196675900277,-14.071856287425144,0.7673929856368608,0.07471180601243102,-1.6891059506214752,1.4078414274526312,9.923660820056671,0.332314845625025,4.2468619246861925,3.8294908447747145,0.06577858263679129,-0.03229871771023296,False,False,False,False,False,False,False,False,False,False,True,False,False,False,False,False,False,False,False,False,False,False,False,False,False,False,False,False,False,False,False,False,False,False,False,False,False,False,False,False,False,False,False,False,False,False,False,True,False,False,False,False,False,False,11,True,3,Upper-Mid,28.938313413914194
CARL ZEISS MEDITEC AG,247.319,2024-09-30,35.0,52.522,178.726,3393.2,66.712,1212.483,568.835,1336.721,3510.0,3845.0,27.071,238442,0.0,910.785,86.814,20.285,5.73,582.935,254.122,2041.697,35101010.0,,2066.127,187.41,536.556,2041.697,409.148,526.757,263.889,29.424,351010.0,DE0005313704,254.122,2066.127,2024.0,558.131,176.249,334510.0,DEU,5.523105033596605,8.753796474207485,9.07059440198981,12.299437546675495,8.650291100208264,12.299437546675495,55.91824703902519,7.29660721975165,2.131519684970158,1.188265489992704,0.03566060456898749,0.03566060456898749,18.968761051514793,0.2579995954345821,0.27125866374883245,60.17025226924437,39.3941117529176,6.369290375203915,2.0995545446675217,16.321702227985384,0.6089022161971,360.58062827225126,3.5443522862754855,102.98073400134648,12.77215776184136,3.2100262876603365,1.6974649430814304,17.77731934457149,4.201774624696352,1.3013250989327256,160.505,7.7683995223914115,35.102034214920806,131.96681073581985,1.6619508183633516,19.802654919082904,29.386882714322482,70.61311728567752,-1.1091274589575595,11.878833759105078,18.80572257930748,-13.338912585713503,32.23560951089854,0.2882926311304993,0.016400196964128914,0.26529472024557876,0.522632697340081,3.893627057909703,0.07538619842482269,7.288665566426972,3.437645346854512,0.06030468679328077,0.04666658506071393,False,False,False,False,False,False,False,False,False,False,False,False,False,False,False,False,False,False,False,False,False,False,False,False,False,False,False,False,False,False,False,False,False,False,False,False,False,True,False,False,False,False,False,False,False,False,False,False,False,False,False,False,False,False,11,True,3,Upper-Mid,56.433996849440064
SGL CARBON SE,120.3,2024-12-31,20.0,,-80.3,1336.9,59.7,673.9,243.3,772.3,2010.0,3620.0,13.5,206703,17.8,737.8,97.3,148.0,4.277,161.1,131.9,554.9,20104010.0,,1026.4,72.2,345.6,554.9,25.9,242.8,461.3,33.5,201040.0,DE0007235301,131.9,1026.4,2024.0,132.9,-90.5,335991.0,DEU,5.4005535193357765,-14.47107586952604,7.034294621979735,12.850740452065471,-7.8234606391270445,12.850740452065471,28.11769290724865,9.051021687351133,2.769831483764899,1.3493629264282776,0.6083025071927661,0.6814632141389232,32.208841349390376,0.4375563164534151,0.4618850243287079,41.50647019223577,57.76797067843518,2.155223880597015,0.8210765731614861,19.171216994539606,0.7677462787044655,239.98129530044426,6.371198013656115,57.28906858924395,44.94349181605612,2.3836507199256856,2.134837962962963,23.120652255217294,9.479734996102883,1.6298157453936346,23.0,2.240841777084957,80.88113050706566,166.62049861495845,2.409262930257704,2.5233826968043642,,,-5.757047103112645,-9.214993888360713,-11.044093178036595,-70.01303780964798,11.710677382319169,0.8376659291904817,-0.14612918964180593,0.03482512686567028,1.8329504023455392,3.0241561724586945,0.7389257212918894,8.998429201884957,5.035041880087601,0.8439679569270401,0.384105227784315,False,False,False,False,False,False,False,False,False,False,False,False,False,False,False,False,False,False,False,False,False,False,False,False,False,False,False,False,False,False,False,False,False,False,False,False,False,False,False,False,False,False,False,False,False,False,False,False,False,False,False,False,False,False,11,True,3,Upper-Mid,58.85033623041369
DRAEGERWERK AG,167.308,2024-12-31,35.0,37.473,124.408,3093.435,134.376,1884.764,978.482,1556.639,3510.0,3841.0,108.652,102218,0.0,1724.047,59.895,230.599,15.444,913.964,298.517,1535.15,35101010.0,,3370.88,164.141,662.585,1535.15,333.066,286.928,507.144,18.744,351010.0,DE0005550636,298.517,3370.88,2024.0,1014.549,-161.385,339112.0,DEU,5.306107935030152,8.103963782040841,4.869381289158914,8.855758733624453,3.6906683121321433,8.855758733624453,48.854690763242836,9.008450790800392,1.926212234869931,1.2490561911205316,0.23567015029402685,0.23567015029402685,29.296946598199085,0.18690551411914144,0.2576816597726606,49.62606293650909,50.320727605396584,8.756988903115664,0.552668692235283,12.78772626546218,1.0896883238212538,218.26469826469827,3.6881977845954546,98.96432385608506,15.0448547560281,3.7194603887090336,2.602001252669469,36.999743004136185,1.7768357224226317,0.4457269155206287,107.41299999999998,3.1864972944750325,35.79924450713654,101.92943871427613,2.0150701885809204,9.880683975697739,30.12105330846891,69.8789466915311,-0.07778262601733088,-0.035998783667667844,1.799485861182526,-13.79996629456942,-7.950144464252773,-0.09834571863561763,-0.003910554709133832,-0.15836151694121012,0.07193280686720843,3.781958291545897,0.05147184937576963,5.4084860357499025,5.268129800927575,0.007438239047710455,0.5193124570410924,False,False,False,False,False,False,False,False,False,False,False,False,False,False,False,False,False,False,False,False,False,False,False,False,False,False,False,False,False,False,False,False,False,False,False,False,False,False,False,False,False,False,False,False,False,False,False,False,False,False,False,False,False,False,11,True,3,Upper-Mid,62.268784782914324
PAUL HARTMANN AG,198.663,2024-12-31,35.0,28.4,108.452,2097.867,89.401,1094.778,465.595,901.799,3510.0,3842.0,26.377,102529,0.0,1044.456,138.601,160.906,10.079,427.654,198.021,1148.549,35101020.0,15.625,2425.8,108.62,500.172,1148.549,93.5,263.815,569.902,14.835,351010.0,DE0007474041,198.021,2425.8,2024.0,795.331,-31.748,339113.0,DEU,5.177639955249784,9.44252269602777,4.477698078984252,8.163121444471926,4.4707725286503415,8.163121444471926,56.94385357407866,7.690651984899077,2.3513525703669496,1.2770884567059353,0.3455921992289436,0.3455921992289436,29.991558092100213,0.22969416193823686,0.2526596601451048,54.748418274371055,42.986471497001475,7.321873946747556,0.6528903500133825,13.832716754684638,1.156317345189185,240.67863875384464,5.6723425947144195,64.34731222689422,23.493363014263334,3.8554760697603085,2.088193661380485,28.055162696205237,5.713620248990024,1.5503294146597912,60.06200000000001,2.4759666914007754,69.76689167081942,182.8972564905174,1.8265367868501912,3.8543985489323105,26.18670010695976,73.81329989304024,2.4629459892122174,5.590936522133472,-0.8752950432730056,-48.96245814992947,22.544052766062794,-0.4151692876159462,0.017269178160031304,0.21377380582425518,-0.38951427406652395,2.2819621022878303,0.08763507010663858,9.469761429108708,4.4642434716616926,0.36410468546596986,0.22549322370812225,False,False,False,False,False,False,False,False,False,False,False,False,False,False,False,False,False,False,False,False,False,False,False,False,False,False,False,False,False,False,False,False,False,False,False,False,False,False,False,False,False,False,False,False,False,False,False,False,False,False,False,False,False,False,11,True,3,Upper-Mid,58.103905622991
SOFTWARE GMBH,-1.343,2023-12-31,45.0,3.7,-5.227,2364.646,59.254,1513.244,444.979,907.905,4510.0,7372.0,6.648,222247,0.0,181.482,9.646,130.007,4.707,160.769,157.018,1456.741,45103020.0,0.875,1000.181,97.764,0.0,1456.741,196.191,425.563,58.113,63.766,451030.0,,157.018,1000.181,2023.0,412.629,-266.48,511210.0,DEU,4.13440320453886,-0.3588146417242324,9.774630791826679,15.69895848851358,-0.5226054084210758,15.69895848851358,81.85508422975441,5.193847540036041,3.4007087974938144,3.4007087974938144,0.2921643493288448,0.2921643493288448,45.176529594704654,0.29213360508147984,0.2966972165951257,61.605035172283706,38.39496482771628,1.5331681460339366,1.9246455820351807,18.278042463861397,0.42297282553075594,212.48799660080732,6.221230461096356,58.67006571810502,5.810248345049546,0.9362667502913604,,12.296808909240536,0.9644254389955418,0.16279069767441862,-10.989,-1.098701135094548,,-1.3737162963872183,1.6232439397257303,19.61554958552502,,,4.384176970129605,-11.71439718787861,-5.784627702161737,-322.7199027158492,-28.36242109171927,-1.5867969667914168,-0.0046997039002349235,-0.050987146877700895,-2.1419414468350735,6.221738615381914,0.08577094075354849,-0.0567949705791057,3.8603215177489156,0.5962530846146866,-0.36520526259992725,False,False,False,False,False,False,False,False,False,False,False,True,False,False,False,False,False,False,False,False,False,False,False,False,False,False,False,False,False,False,False,False,False,False,False,False,False,False,False,False,False,False,False,False,False,False,False,False,False,False,False,False,False,False,10,True,3,Upper-Mid,29.46416142804253
NORMA GROUP SE,136.985,2024-12-31,20.0,12.7,14.696,1436.628,93.342,535.902,259.501,715.258,2010.0,3580.0,69.603,297222,0.0,498.732,54.919,127.13,6.041,161.888,149.363,720.994,20106020.0,,1161.69,56.021,219.941,720.994,50.8,401.327,319.013,25.687,201060.0,DE000A1H8BV3,149.363,1161.69,2024.0,346.665,-114.121,3333.0,DEU,3.8994785010455044,2.0382971286862306,4.822370856252529,12.857388804242095,1.2650534996427618,12.857388804242095,57.06840895591767,4.991530943464482,2.0651249898844326,1.2175714159097655,0.48990177301821575,0.48990177301821575,19.23956654053799,0.5566301522620161,0.6531677101335102,50.186547944213814,49.78727965764276,2.180908630824931,2.3017748706172214,32.78023260022776,0.8086226914691904,192.300943552392,7.1758870330104765,50.86479181192917,27.461112689271662,4.202915329539328,2.2675717578805226,20.117803634622188,4.727509060076267,0.5883632234149686,82.06600000000002,7.064363126135201,40.09125086688323,244.52437478802597,1.9925658188556352,4.372939424459193,86.41807294501905,13.581927054980952,-5.229435336500798,-3.793667354638597,0.7841174507841275,40.99475990035222,-9.53432058905893,-1.180630036173918,-0.05391390023971358,-0.047865723365811505,-0.5602892538547872,4.532879852160701,0.18549399524169477,9.535175424675005,1.856927146182786,0.7462286605808969,-0.35906789008979645,False,False,False,False,False,False,False,False,False,False,False,False,False,False,False,False,False,False,False,False,False,False,False,False,False,False,False,False,False,False,False,False,False,False,False,False,False,False,False,False,False,False,False,False,False,False,False,False,False,False,False,False,False,False,11,True,3,Upper-Mid,56.28600528354929
WACKER CHEMIE AG,310.4,2024-12-31,15.0,124.195,241.0,9409.9,472.7,4055.3,1522.8,4572.9,1510.0,2821.0,221.2,276585,168.7,4262.4,651.6,1215.4,16.637,948.7,718.2,4669.2,15101050.0,,5721.8,245.5,1795.5,4669.2,208.5,1725.5,3596.5,52.3,151010.0,DE000WCH8881,718.2,5721.8,2024.0,573.9,145.9,325211.0,DEU,2.60895439909032,5.161483765955624,4.29060785067636,12.551994127722047,4.211961270928729,12.551994127722047,25.50595966304311,3.8391167685739753,2.663054898870502,1.4839768846861048,0.7981350144470712,0.9089177830312584,26.913144666787108,0.3695493874753705,0.41692367000771013,49.620080978543875,48.596690719348764,4.694072657743786,1.018240044555834,20.68778626765428,0.6080617222287166,343.9201779166917,6.031200590281438,60.51863050089133,62.85609423607955,2.2593484698914117,2.373934837092732,22.998119002327343,11.388024747457095,1.3784641421620478,-341.20000000000005,-5.963158446642666,209.92268041237114,126.43584521384928,2.0153131157371713,3.6439581949736093,51.53319502074688,48.46680497925312,-10.627596763612502,6.273717022045533,1.5813896690682672,-214.99831479609037,1.8761726078799335,0.455456032142309,-0.02742528516664312,-0.3080933203303266,0.3533045854370772,5.297143149401356,0.20147112465319497,3.2986535457337487,2.842252816782154,0.08132090122133334,0.1366247830647122,False,False,False,False,False,False,False,False,False,False,False,False,False,False,False,False,False,False,False,False,False,False,False,False,False,False,False,False,False,False,False,False,False,False,False,False,False,False,False,False,False,False,False,False,False,False,False,False,False,False,False,False,False,False,11,True,3,Upper-Mid,49.59758156891072
RHOEN-KLINIKUM AG,127.6,2024-12-31,35.0,6.694,43.351,1856.481,62.6,904.11,404.853,530.509,3510.0,8060.0,34.646,207096,129.6,1658.114,70.4,409.464,14.067,431.158,109.749,1295.93,35102020.0,,1595.619,47.149,37.46,1295.93,,114.998,764.444,3.4,351020.0,DE0007042301,109.749,1595.619,2024.0,4.9,-3.3,622110.0,DEU,2.5396974167793798,3.3451652481229694,2.954903394858046,6.878145722757124,2.716876647871453,6.878145722757124,-3.916661809617467,3.3417013483324447,2.233180932338404,2.140653521154592,1.011389319086187,1.331505509407118,26.892653358693142,0.08873781762903861,0.11547228631176067,69.80572383988847,28.57605329653253,13.86735294117647,-2.3674019808836526,8.060626529439299,0.8594857690436907,113.4299424184261,3.7007755857481475,98.62797447260282,47.908930640710594,3.195987237034233,44.263587827015485,45.280398775963775,4.412080828819412,1.124600638977636,57.19999999999999,3.5848156734157715,55.17241379310346,270.631402574816,1.4325472826464392,,15.441396968928053,84.55860303107195,8.99193226132342,4.854890416622437,40.431266846361204,23.809523809523768,12.101910828025497,-0.1400670073171272,0.004227725429199027,-0.45870708128161475,0.5846086077556072,1.8697237568722591,0.0511333182101326,6.873218740186406,1.8982389773883552,0.06173187836728122,0.1124389032950867,False,False,False,False,False,False,False,False,False,False,False,False,False,False,False,False,False,False,False,False,False,False,False,False,False,False,False,False,False,False,False,False,False,False,False,False,False,False,False,False,False,False,True,False,False,False,False,False,False,False,False,False,False,False,11,True,3,Upper-Mid,27.684787140313404
K&S AG,590.8,2024-12-31,15.0,26.9,-66.8,9353.5,521.2,2145.2,709.8,3137.2,1510.0,2870.0,62.5,100736,206.5,2824.3,505.2,524.1,10.835,804.8,477.6,6212.3,15101030.0,,3653.1,-43.6,678.3,6212.3,12.8,683.4,6060.5,55.3,151010.0,DE000KSAG888,477.6,3653.1,2024.0,187.4,-65.7,32531.0,DEU,-0.4661356711391458,-1.075286125911498,-1.1935068845637953,13.07382770797405,-1.8285839424050807,13.07382770797405,22.68758041115764,-0.6322780863436634,3.0222597914905607,2.066638489715413,0.7383770076077769,1.0293040293040294,15.346127118191049,0.11000756563591584,0.12006825169421953,66.41684930774576,33.54038595178275,-0.7884267631103075,0.46440536013400324,7.974554979419468,0.3905596835409205,337.15736040609136,4.539140159045726,80.41170512715229,165.9001943554789,2.5450048766894247,4.163791832522484,14.207515903137862,13.829350414716268,0.9693016116653874,85.59999999999997,2.3432153513454317,85.51117129316181,,1.5056420327414968,0.350387342257261,,,-5.668026648763103,-1.2698178133378257,-5.346378963920662,-75.61253561253562,7.4893617021276615,-0.31333950646612385,-0.03628605540096484,-2.1490312769738873,2.6709777141917024,10.652563837611792,0.4571640690932067,6.316352167637781,3.270369579329774,0.009517320711997845,-0.7609845683457818,False,False,False,False,False,False,False,False,False,False,False,False,False,False,False,False,False,False,False,False,False,False,False,False,False,False,True,False,False,False,False,False,False,False,False,False,False,False,False,False,False,False,False,False,False,False,False,True,False,False,False,False,False,False,11,True,3,Upper-Mid,25.78717345697253
EVOTEC SE,18.22,2024-12-31,35.0,,-196.078,1912.502,101.1,681.964,344.585,959.977,3520.0,8731.0,46.677,232623,90.413,580.986,117.468,396.8,4.74,204.232,22.181,952.525,35203010.0,,796.967,-78.919,31.122,952.525,50.451,392.743,823.937,14.323,352030.0,DE0005664809,22.181,796.967,2024.0,188.201,-161.421,541714.0,DEU,-4.126479344858201,-20.58507650717829,-9.902417540500421,2.783176718734904,-24.60302622316859,2.783176718734904,27.100369275013897,-5.8664147218249445,1.97908788832944,1.8887705500819831,1.1515301014263535,1.4139123873645112,17.640713578338747,0.41231778693472615,0.46132122516469387,49.80517667432505,50.19482332567495,-5.5099490330238075,1.921464316306749,22.97618512294366,0.4167143354621329,168.13649789029535,3.9022631125386815,93.5354663367492,103.38407989289394,2.3622306071213672,18.668016194331983,31.426476939631957,14.739380676991646,1.161899109792285,-99.248,-12.453213244714023,644.7200878155872,,2.0078234167082227,6.330375034348975,,,1.9887999631442943,-15.093044607070993,-6.342620035566093,-43.890277133908484,-44.93369147903863,-0.8325694190209383,0.03863097794431662,1.9179508914088061,-2.290958640246113,9.297187349360202,0.2626236081321498,0.9526787422967401,7.231034069487787,0.08821256077322058,-0.12149034181171033,False,False,False,False,False,False,True,False,False,False,False,False,False,False,False,False,False,False,False,False,False,False,False,False,False,False,False,False,False,False,False,False,False,False,True,False,False,False,False,False,False,False,False,False,False,False,False,True,False,False,False,False,False,False,11,True,3,Upper-Mid,21.3172571177402
