gvkey,company_name,years_available,roa_trend,roa_trend_r2,roa_volatility,roe_trend,roe_trend_r2,roe_volatility,ebit_margin_trend,ebit_margin_trend_r2,ebit_margin_volatility,revt_trend,revt_trend_r2,revt_volatility,revt_cagr,debt_to_equity_trend,debt_to_equity_trend_r2,debt_to_equity_volatility,fcf_trend,fcf_trend_r2,fcf_volatility,cluster,cluster_name,static_proximity_score,static_profitability_score,static_liquidity_score,static_leverage_score,static_efficiency_score,static_relative_score,static_overall_score,proximity_score,trends_score,relative_score,overall_score,cluster_name_enriched
17436,BASF SE,11,-0.5203910451744728,0.4618113988120526,2.421572580770398,-1.73819822403739,0.5355901335057,7.510745009251506,-0.5584299133540365,0.5278355347349147,2.430632843352111,568.4818181818182,0.042123343710344194,8759.012785423172,-1.292391284636929,0.009783718602490584,0.23775978726264546,0.06345045655132886,-116.9909090909091,0.11235853006194121,1103.695041123975,0,Lower-Mid,67.02400027542936,86.01557497993144,86.02863925312994,71.93906130449594,92.37922331318008,50.75597146705172,65.06350473358464,26.505136354928776,75.0064296961455,49.19946333322222,10.602054541971512,Lower-Mid (Strongly Growing)
17828,MERCEDES BENZ GROUP AG,11,0.07122143360776512,0.017552498218325822,1.6999699420134697,-0.24603295279874668,0.033953051857163144,4.2223465039431725,0.3217632319941527,0.12006513144456506,2.9364862071335196,90.5,0.0005314302406127889,12414.391787540197,1.14927981301447,-0.048266734018703114,0.29235502880583786,0.28228813787041723,2624.263636363637,0.6589083787831032,10223.390447788535,0,Lower-Mid,66.0286257011687,81.82829348405001,96.54484197457566,93.38822061206166,70.10420255452104,51.221209294439625,62.63156142166181,0.6978305472850962,2.646295706787436,54.6748038263186,0.2791322189140385,Lower-Mid (Strongly Growing)
19349,SIEMENS AG,11,0.053867822909594944,0.03957489262524719,0.8562873951571512,-0.2601259080517099,0.08604901865672825,2.8042107404142556,0.42746573000797133,0.598083204742289,1.7479157657238145,-562.6545454545455,0.0435183113190721,8529.1512187554,0.5440493330430618,0.024189964481627198,0.30192877867166124,0.1392140203350838,538.9454545454546,0.8694510628374966,1827.7729347012573,0,Lower-Mid,57.7791941079538,64.31175518040676,96.61602043464814,94.10287178528766,72.75619288356673,50.554604989308345,56.29774479032665,15.893683949921117,52.18893203391606,49.93216867634555,6.357473579968447,Lower-Mid (Strongly Growing)
100004,ALTANA AG,11,-0.4294549207168278,0.7007472582499218,1.6223213352994577,-0.5452305191279143,0.5225549415582613,2.3851416588241015,-0.6327483285192007,0.7372969057825468,2.3302890849247295,112.35146363636363,0.8245511120904775,391.2640478104163,4.962984628067524,-0.004314428789918095,0.048022379470009535,0.06225890350962745,-6.002609090909093,0.0580634562612465,78.77503769868824,4,Upper-Mid,53.222715608926066,75.60507313411703,60.22070244627765,79.40315084134964,90.87069045213907,50.383426561189495,57.98101952234966,27.710168514534395,88.83064969456377,47.609410508840256,11.084067405813759,Upper-Mid (Strongly Growing)
100010,BAYWA AG,11,-0.11533689911326936,0.035326134849652926,1.9405293236001875,19.327966136148117,0.240182522094857,124.71407087885252,-0.03931910422043276,0.015968115640003326,0.9839584971450079,993.285990909091,0.6815896952618818,3804.6332794286823,3.369252419736979,-0.1564983842852986,0.024611136032805347,3.154598029706818,9.9831,0.006797988925645139,382.8910324843854,2,High Performers,17.883421842564093,19.402290359894927,98.47223037727868,85.91087007653995,60.6114828860268,52.78759224993543,28.71663624956264,44.937514171153325,98.24217981280655,51.86080731891197,17.975005668461332,High Performers (Strongly Growing)
100022,BAYERISCHE MOTOREN WERKE AKT,11,-0.10730136513996362,0.06792746527834247,1.3019147361570051,-0.3146579923066314,0.05804011733372972,4.130233704730176,-0.32164706862213466,0.21494507685424222,2.193895041339535,6683.054545454545,0.8104576568589781,23475.229185724984,5.881175402100247,-0.0543750060409246,0.6511705363045719,0.21308454296293025,1102.4545454545455,0.29544514992115367,6413.901114308845,0,Lower-Mid,65.23729624619975,87.61384639332215,85.46227720341115,93.86849956920884,69.13140609743063,50.374335577244736,63.3742486486798,2.793069017990231,23.315823731920975,56.28247085167976,1.1172276071960925,Lower-Mid (Strongly Growing)
100042,MAN SE,7,-0.44793853774317977,0.34739349441494116,1.5199789832710475,-0.16028040694243867,0.003480138817942163,5.433906335897462,-0.6133146416011801,0.26986976990822664,2.3612186724961832,-495.7857142857143,0.7008141040379622,1184.4659693942504,-4.499330360890596,-0.017684891748890996,0.25592446600409813,0.06991598790538839,88.10714285714285,0.1154336387291758,518.6506433003996,0,Lower-Mid,37.21805328185105,42.3398582963929,66.22157885701017,87.41845437865382,79.91140456764808,44.18864881293847,44.08374909503159,38.62167301818209,99.43511983238528,47.22355012821684,15.448669207272838,Lower-Mid (Strongly Growing)
100054,HOCHTIEF AG,11,-0.14084986850625408,0.0301158991903557,2.5666020009856867,6.083255581648264,0.5480483281186025,25.985234156541445,-0.06720832207467915,0.01595106653843105,1.6827832852108888,892.2464909090907,0.5967033578690626,3652.6293771794976,4.185843296378322,0.5610995548342446,0.6963027607723038,2.1263799353333384,57.22258181818182,0.19735381212053,407.32839778632365,0,Lower-Mid,22.88941485313757,51.32726183918733,88.93332005547845,30.709728986364972,56.70851750043793,54.32646444075378,30.998468832794682,29.57646712369903,96.22358123495792,49.94960116009456,11.830586849479612,Lower-Mid (Strongly Growing)
100080,BAYER AG,11,-0.4288697186165794,0.476740795898359,1.9641932955671328,-2.7608516899841358,0.22424349667620563,18.43669830419003,-0.245515221629714,0.06171449807406264,3.125250421271386,535.8454545454546,0.16729925597450732,4142.786442013664,0.9887089806627225,0.05305825952896785,0.4464733623542867,0.2511049206481051,-170.84545454545454,0.1538049135320641,1377.5847411351012,0,Lower-Mid,56.39706128076379,68.91129181972191,85.14423937292106,89.26371435333753,67.83301419325791,47.121704791011325,55.44240644057234,35.63450663660188,69.44738859899374,48.07606069093095,14.25380265464075,Lower-Mid (Strongly Growing)
100083,BEIERSDORF AG,11,-0.5141279617984581,0.7410026651051637,1.8886928639604161,-0.6823819037512362,0.7678657660515291,2.462548815089021,-0.15217338384611181,0.2707791238919422,0.9247644127600778,326.76363636363635,0.8449818090711269,1124.1131821489294,4.595522763056659,5.913830031739115e-21,1.1375123894502603e-35,0.005544862366089663,11.918181818181818,0.031801371066971354,211.3426187008641,4,Upper-Mid,68.68082866473578,78.67730874602378,83.0199965160058,84.20030504342594,86.9869012701357,50.88277703884839,64.67585890996202,23.7604817513918,91.1362771394249,47.42346937359039,9.50419270055672,Upper-Mid (Strongly Growing)
100102,BILFINGER SE,11,0.5695337436079179,0.5407423370573197,2.449200127145734,2.216103725208977,0.5646084230355811,9.326450882408352,0.4126368727273161,0.5153294296066725,1.8177140365653564,-203.60272727272726,0.2851087648468285,1205.8084050760576,-4.150858180766304,-0.00039443784884686886,0.00011585635504330679,0.11588271217694306,33.9990909090909,0.49024155259863117,153.5543928718678,0,Lower-Mid,47.243431583736275,78.51364472946396,91.57995717156413,83.7990844867067,50.572717878265536,51.47561134215642,50.5659177097978,25.856498205317923,93.08082039712856,49.719893205611804,10.34259928212717,Lower-Mid (Strongly Growing)
100103,DEUTSCHE LUFTHANSA AG,11,-0.5617290508643753,0.08446491297315478,6.112075571426645,-6.387833899167409,0.018611724777764963,148.06769098685936,-1.2072062234489331,0.03648419256982129,19.98614785759215,46.86363636363636,0.0004661649346416676,6863.824700606882,2.5721015688386695,0.14158429666347322,0.03523631741263323,2.385172706027584,13.236363636363654,0.0007369246689316404,1541.9033156170149,0,Lower-Mid,63.626958352305486,77.22655804301317,77.43625025468816,79.32204458872435,87.25544755102979,48.18408812878084,61.91661654105173,19.732969704352392,90.35807549776887,47.413061778506126,7.893187881740957,Lower-Mid (Strongly Growing)
100301,DEUTZ AG,11,0.21197415125334537,0.036479633601421785,3.509600402398492,0.2092975066329128,0.004556116621216392,9.80542988594786,0.16627029306584634,0.03559413064403614,2.7869261922681132,59.577272727272714,0.4760333806359712,273.06240742201663,1.7142322953800138,0.001160085900905159,0.009036280568642568,0.03859182308139652,-0.15818181818181729,0.0002516857190550234,31.530239977803074,0,Lower-Mid,48.684047558422286,72.19677016815747,81.26518310414764,59.99523677979957,71.99623070521145,49.210416683818465,50.71193134076209,25.752561298713054,88.64397714159024,46.412936454388756,10.301024519485223,Lower-Mid (Strongly Growing)
100312,RHEINMETALL AG,11,0.578396508408886,0.7175370644572376,2.1592528069765526,1.1620389357177765,0.3281579411565578,6.414742398592563,1.0327341372410506,0.891806426079012,3.4582249060277586,317.83636363636367,0.6255426776159074,1270.7938691429226,7.598484724871546,-0.009712289647486834,0.04335106980541291,0.14751008597108756,60.39090909090909,0.37170725005807737,313.2355541708096,0,Lower-Mid,49.079247697225654,51.972224796938995,82.72790643031138,85.96501252043575,86.99103194904542,50.816197132104826,51.67130008267845,24.25054133919506,96.66048790450321,51.47127314760931,9.700216535678024,Lower-Mid (Strongly Growing)
100368,GEA GROUP AG,11,0.3449355390204477,0.2593886434230235,2.1417188718681035,0.8172597569698119,0.1320900259650116,7.110908680532153,0.2639485037882495,0.1260541894012099,2.3509346797945727,87.73794545454541,0.7485932492329053,320.67455977361215,1.846141977168525,0.0018460692198529894,0.005350550787981459,0.07980842419687105,26.384145454545454,0.24668232586212144,167.98635828188526,0,Lower-Mid,53.12199770879709,58.629348523949986,83.30724306022945,77.63322565612101,87.57020772328288,51.240065075943875,53.873522512413366,37.299379701841744,92.07282673978828,47.960418007107315,14.919751880736698,Lower-Mid (Strongly Growing)
100373,HEIDELBERG MATERIALS AG,11,0.29976659766120317,0.6970450987441217,1.1354102219757254,0.4437188060540137,0.038565727399904874,7.145079612124689,0.19303997330217654,0.21338228779090146,1.3215027318979153,855.3354545454547,0.9045646146825234,2843.9154262628026,5.321263252377473,-0.009568571831354273,0.07139085233289552,0.11324677363892496,128.66363636363639,0.5993185532746373,525.5656348439513,4,Upper-Mid,60.65569344305569,95.0401094124054,65.18050091157377,78.04176606551556,94.92825884255501,47.239132517400165,65.31371469263817,29.92219107566509,92.85647031093916,50.98696202695305,11.968876430266036,Upper-Mid (Strongly Growing)
100431,HAPAG-LLOYD AG,11,2.5153795524104443,0.30517904056281964,14.398795860909525,4.526882045332825,0.39938513651476454,22.651826648539384,3.2416051113864057,0.38985637212202556,16.417528918537297,1855.957272727273,0.5687827111004545,7782.063680738829,10.874428478067655,-0.06938069097005194,0.633443062615315,0.2756670308819258,885.729090909091,0.28338444250350053,5261.540367752357,4,Upper-Mid,55.86403286225874,84.45878920887105,78.72255305926534,93.8862004275324,60.69744921843475,53.227353958819435,57.730608412196155,6.128284774928266,31.455020505575053,68.34405664895434,2.4513139099713066,Upper-Mid (Strongly Growing)
100449,KUKA AG,11,-0.4631867169898605,0.2589915992437452,2.878148896773809,-1.2210333941050815,0.29397707669412515,7.121489005938096,-0.36094486786114616,0.16697823251810096,2.7932572925293893,130.22363636363636,0.5638096764752917,548.4329706589358,5.941448534420446,-0.01362931827404445,0.15818439525793732,0.10836581812182924,9.960909090909091,0.03771622486076117,162.19403133794071,0,Lower-Mid,65.48946520021546,70.79086629560575,91.60429762470032,84.86180145588989,85.3203225792072,47.4583660562661,61.6381878716774,43.887730026356294,89.93587866714621,47.79561577152214,17.55509201054252,Lower-Mid (Strongly Growing)
100590,E.ON SE,11,0.03402854240760465,0.002231522086502647,2.2779424713954035,16.28362400704672,0.10827437131745132,156.4905909234999,0.09306907973327722,0.007391161642140396,3.423332392383334,974.1454545454546,0.009276371911631612,31984.144017190716,-3.0948670455667293,0.4619599543941336,0.15185723191699296,3.7487509618182173,-76.46363636363637,0.007721965738015083,2751.6361894349816,0,Lower-Mid,44.98995207239284,65.7545699157019,79.4059213928402,61.18049712179998,66.40420227536696,52.45244359561502,47.22557486558255,7.103834655651039,79.4813258175334,49.78015284065283,2.841533862260416,Lower-Mid (Strongly Growing)
100609,CONTINENTAL AG,11,-0.9386322634986553,0.7222590861166057,3.492600976314973,-1.9999289570596204,0.3588278342991959,10.557753224576512,-0.7538652456830095,0.7364185025449633,2.777994466503304,38.436363636363765,0.0012213128285132322,3477.994044662922,1.4169969075610744,0.004158316593092615,0.013238943149874383,0.11428543682602121,-198.93818181818187,0.6929302661759232,755.7416872524897,0,Lower-Mid,66.54711483413351,86.4734691990607,89.3306184630815,81.75367367433823,73.90695031233898,50.1354039586277,63.174949687750214,17.329340357030233,66.71306738144898,49.5904307339958,6.931736142812094,Lower-Mid (Strongly Growing)
100676,TUI AG,11,-0.6537878863754826,0.0770570550665644,7.447845619031899,17.261455110431278,0.07547133086007224,198.69475313156897,-1.2031531958403563,0.06308410577053887,15.148197311994114,-147.50818181818175,0.00775585181868818,5296.6510066220535,2.1572645288610914,-0.8554466557067674,0.07900796887971324,9.62404143682412,52.750909090909076,0.01825869067396316,1234.5114801189395,0,Lower-Mid,30.549583597104203,64.59763928652694,66.97866966529898,41.63122945588208,58.54470333024528,51.237919356451364,38.08418974127207,19.840244300805935,95.61030395466534,48.117434934587166,7.936097720322374,Lower-Mid (Strongly Growing)
100736,K&S AG,11,-0.0731814294916662,0.0016178148930955634,5.753557715786718,-0.39687827961316746,0.0017869634139065667,29.689268749862986,-0.31333950646612385,0.009517320711997845,10.156821098713301,19.732727272727285,0.006932182733449585,749.4663050993947,-0.45017593280665125,-0.041467407233691564,0.19829467122244818,0.2944769863945724,111.17,0.5506862073236135,473.7350371827541,4,Upper-Mid,29.55688820912865,32.75402234481412,68.62842936473112,81.5163919490208,78.87151165294502,42.22207984775509,38.35592569545812,20.22668174800037,95.20842093937958,48.599105873020626,8.090672699200148,Upper-Mid (Strongly Growing)
100737,VOLKSWAGEN AG,11,0.1759738510613116,0.40197492609232893,0.8777051696596321,0.1936288876674181,0.027098422074707838,3.7196163594729925,0.4229811248683181,0.6087469152289842,1.7143622738765163,11444.763636363637,0.8164301856440268,40054.12982308188,4.835615451471287,-0.0014811092179576396,0.003270337588635242,0.08190129934863848,1683.2545454545457,0.22947784958896217,11111.671922311732,0,Lower-Mid,68.74662468696803,86.29812640260096,87.19510655110662,88.91212224786774,74.56648367704602,49.035765742350975,64.83445993165108,0.2130370799670136,10.16215501197253,61.58088578266642,0.08521483198680545,Lower-Mid (Strongly Growing)
100746,CECONOMY AG,11,-0.3118494264262327,0.6535841014263727,1.2198156751662448,0.590690363912066,0.008673802168773219,20.056499168889847,-0.12931559195977674,0.7194935357172966,0.48210034692640985,-4209.045454545454,0.5994903095030376,17190.659260720102,-9.812161164028998,0.4261993072051868,0.7054665713415734,1.6046285672638447,-40.06363636363636,0.11607259120516987,371.8651892934649,0,Lower-Mid,17.23790627808089,70.56001626748703,73.96395664331159,40.30659482057894,23.866905332935996,52.44060008330431,28.617861046728056,9.347793058529028,83.72762265657563,49.08082845437006,3.7391172234116112,Lower-Mid (Strongly Growing)
100764,SUEDZUCKER AG,12,0.16065444511932503,0.04656169261071453,2.5701339738968767,0.2952630618997704,0.009693729123219823,10.352400734362153,0.06756510498531743,0.007410046954755938,2.709501349522008,278.12972027972023,0.5158186354006954,1336.830300327981,2.0732520626496553,0.03513257208794163,0.779531077205346,0.13736327128119746,2.7972027972028006,0.0022610280505941326,203.07121835016952,0,Lower-Mid,65.58329881051093,79.2070340131938,83.68015105148099,90.98375608242083,74.97583163269836,50.32394803207809,62.41947667998997,25.292313779418297,89.01935979416577,47.84658707459666,10.11692551176732,Lower-Mid (Strongly Growing)
100953,RWE AKTIENGESELLSCHAFT,11,0.24802652368191275,0.08041591029768799,2.7658405214599946,5.284303510812511,0.1270851613799514,46.87489755067454,1.6612269284570658,0.22018780595825962,11.19521221450407,-2108.881818181818,0.2676152840860624,12891.302098125074,-6.241995317139281,-0.25492870272791274,0.41536870442733853,1.2508402566732175,-254.1454545454545,0.07590540373486145,2917.064280493134,0,Lower-Mid,27.706588848872215,34.01930598659873,92.81356477077182,92.04984613015716,50.29465175986508,54.138688568450014,34.63567911386411,17.3613571709765,61.64932411486919,48.119639093744304,6.9445428683906005,Lower-Mid (Strongly Growing)
101059,AXEL SPRINGER SE,6,-0.08820577785865769,0.027366493116438066,0.9106067374242526,-0.7843262341505066,0.06884000374334924,5.105281551929277,0.05111189900903693,0.002646521889421396,1.6967883393440708,8.597142857142808,0.0076021389213806086,168.39517428424784,0.48379155526803164,0.06581861481809068,0.43503504324194564,0.1704237103777891,4.368571428571429,0.02547563427119939,46.743404169287174,0,Lower-Mid,62.32245143478392,85.43413634230494,79.887963121606,95.2801901735296,68.23868214972312,47.49831993781444,61.779629182185985,23.283702686258458,89.21959643400386,45.50035131554741,9.313481074503384,Lower-Mid (Strongly Growing)
101120,AUDI AG,10,-0.17659246329481898,0.059111423120356686,2.0862359806057134,0.3360099725213973,0.038950663480745364,4.890144715201465,0.022936803339705342,0.0011104428507367247,1.9770231696722917,622.7575757575758,0.11651943772306837,5240.187218983689,2.948556180753359,-0.0016069696213261775,0.2753350218604008,0.008796378595312572,556.4303030303031,0.5470839993800347,2160.7809444735485,0,Lower-Mid,50.48176643083575,61.41376585479578,91.92083459310648,66.79975077899384,78.32654756979646,53.792956525929924,50.90441695666231,22.26001705279893,50.90033910419732,48.80194407497469,8.904006821119571,Lower-Mid (Strongly Growing)
101148,LECHWERKE AG,11,-0.5832397455941732,0.7030878006977734,2.1995930084700666,-0.43642453454299746,0.03667530966494188,7.206464683998575,-0.6126584818850448,0.5935064248640239,2.514813239645769,-6.372154545454549,0.0032850618714805315,351.5721974912265,-5.704406556061259,-0.0011097331706411417,0.5734104517223242,0.004634317296851961,2.0985409090909073,0.024665504640221304,42.25444844545663,1,Mid,22.96200888334005,61.76321919708895,55.975936740718566,74.83538694950872,29.24114216374877,45.09762904968859,33.407157412267,11.96625538719032,96.97074645425529,48.059519151000025,4.7865021548761275,Mid (Strongly Growing)
101161,GELSENWASSER AG,11,-0.22518690042393544,0.5627124993858171,0.9492920461609283,-0.1656099226230269,0.09021678878685682,1.7435831846248306,-0.45026659982584094,0.71700574335755,1.6815446961912393,634.6327272727274,0.31955646934434084,3550.165974562619,12.617147819605211,0.025536537839014918,0.8287809000643339,0.08870378462007979,-3.4345454545454563,0.18926771440543586,24.96496718958107,0,Lower-Mid,43.87183560433092,66.2539784368169,84.25489384096745,88.56379425034484,50.55654346189829,52.22047130975947,47.239390873414976,25.387054721909397,88.22967472401882,50.44344313738566,10.15482188876376,Lower-Mid (Strongly Growing)
101286,LEONI AG,9,-1.6094285211425592,0.4392066925078745,6.270347201124659,2.8259160867436663,0.010245574288206558,72.08509561390623,-1.0817639148309188,0.37976822932722826,4.532392851504088,85.58336666666666,0.3256418439590064,387.23413571171005,2.738246026454627,0.2860922980683059,0.1230760052538784,2.1055901529007994,-14.822900000000006,0.18517120465670056,88.94075734810403,2,High Performers,26.884366824309243,45.3175009468707,90.15133174416803,38.97807091077101,63.887918237790785,44.849738014135944,33.29824174584356,44.93751417115331,98.24217981280655,48.13919268108803,17.975005668461325,High Performers (Strongly Growing)
101390,KSB SE & CO KGAA,11,0.49095135967911474,0.6693411049499705,1.897643901016072,0.9089021466721219,0.3375409282403176,4.9471366766516445,0.4410495948978004,0.635168979838396,1.7500190953048023,66.11860909090912,0.6611164574392494,257.14893188835595,3.1047074705184308,-0.016148784720528893,0.6537568565391042,0.06315848684764931,7.9535,0.1277153156119126,70.3779795860294,0,Lower-Mid,57.12408100111851,67.34362813741798,81.2513124794068,81.0997971375943,76.71938105077318,51.44415845852525,55.9362448993064,32.03930450746948,89.67810487810007,50.95683610473878,12.815721802987794,Lower-Mid (Strongly Growing)
101768,MCKESSON EUROPE AG,8,-0.6210729632826416,0.7340577515866493,1.660952302316648,0.14848281407662062,0.0004273139008541144,16.45819982702202,-0.19183236718778282,0.5935207828580938,0.5705366821312954,-1491.7095238095242,0.7100768386679762,4056.124161607359,-11.817815281051235,-0.01300241777040013,0.038117339513185106,0.1525957638036961,-3.520238095238097,0.007806100332609992,91.29240025188297,1,Mid,39.541092059401905,52.20659755123278,76.73933077208254,81.03901958736688,56.591170846705076,49.242688314207726,42.85033391974977,11.241795007283503,97.75295300520483,47.54911988841927,4.4967180029134015,Mid (Strongly Growing)
101937,DMG MORI AG,11,0.00159940605292435,7.268328986588069e-06,1.8760372052470016,0.0900149458826342,0.008502481121148275,3.0870366572228707,0.16743301524572762,0.08957054621112989,1.7691248671833464,-3.5553454545454564,0.002219358197169932,238.65366294484514,-0.04180399465474327,-0.0006305358425151361,0.0343632074558301,0.01075630062905353,11.037563636363638,0.2908646714921436,64.71839420849084,4,Upper-Mid,63.93513114032308,83.46162092051722,74.99508306868387,90.24631169478063,76.17413337066992,48.95936984688299,62.71712781531123,22.059469877627908,91.02159426878862,43.49157853329341,8.823787951051164,Upper-Mid (Strongly Growing)
101942,HENKEL AG & CO KGAA,11,-0.5473890250484145,0.7328551278800158,2.022027325018474,-0.8900168753756615,0.7182492289534603,3.3209371542503607,-0.48889910488203714,0.46290663471672405,2.2723359500604876,454.2181818181818,0.7859325624624647,1620.2121073264675,2.768199524629389,0.0002776439271286147,0.0002703952541836829,0.05339353146889914,33.65454545454545,0.03362905898486343,580.3451666006139,4,Upper-Mid,64.32649696064934,94.68792860725962,64.9595916072927,93.07037640633214,97.99691455469045,48.47714918820595,68.67475932954844,25.582901305651212,94.01326209720368,48.01344695622739,10.233160522260485,Upper-Mid (Strongly Growing)
102175,PUMA SE,11,0.4544062830161389,0.3369182892151099,2.475608893946828,0.9549101070945898,0.4782553307889231,4.3664911104027375,0.39175466776291296,0.4490329312309676,1.8487367888979098,641.1227272727274,0.9443535478418253,2086.286099292035,11.48801643807753,0.06960959742550268,0.818845457431281,0.24325857036152926,41.093636363636364,0.7179817538551099,153.36203749772807,0,Lower-Mid,53.65534089405095,68.70663352996117,89.85851152100487,81.29282639742712,64.4903057266494,52.14499527098589,53.006291562352736,23.33397549538337,94.02985586131638,53.19110157849515,9.333590198153349,Lower-Mid (Strongly Growing)
102187,PORSCHE AUTOMOBIL HOLDING SE,11,0.04346932494735052,0.46137381403885225,0.20237479646791012,-2.5967060005961065,0.18406604010812777,19.139736166389206,943.7404556838312,0.5175385742396469,1855.2233760041122,-0.6090909090909086,0.0016329574390687494,47.66446083243029,,0.014792882609628261,0.5067588575558716,0.06571312742756447,129.72095454545456,0.6552399620234542,506.7688915793082,0,Lower-Mid,0.027026901259854786,48.642904927779334,0.03285428807907776,24.978236795428526,42.63692562336037,72.72237143609263,18.632754269106716,0.02375344162779926,93.69112926837178,60.99643614959099,0.009501376651119706,Lower-Mid (Strongly Growing)
102218,DRAEGERWERK AG,11,-0.11521955217883877,0.009666230777484151,3.705933339365996,-0.117216317887084,0.002854383784733833,6.937961603359535,-0.0983457186356176,0.0074382390477104494,3.6059557450761877,105.70195454545453,0.7865650653614815,376.8909343290901,3.307194713782824,0.0014642215356013414,0.024980732571879685,0.029295721952316743,5.44390909090909,0.012915876081299774,151.47777921775787,0,Lower-Mid,53.440866080351725,89.90634602958917,82.05242906779681,61.298241111135354,72.58782952117254,51.46123508206904,56.37561417734795,25.039933320954756,89.35688426793286,46.83209534325116,10.015973328381904,Lower-Mid (Strongly Growing)
102250,HUGO BOSS AG,11,-2.0756674726259097,0.5312332720385037,9.0056516880906,-2.3584013787633604,0.20058344252166455,16.652144841586715,-1.0818589936119924,0.30161916401188277,6.229327927340647,148.78242727272726,0.4725670221242389,684.4156536318029,5.293216867008144,0.08041346341102293,0.4952197177290063,0.36135145141688957,10.670572727272724,0.05259624760294021,147.13308786934005,0,Lower-Mid,51.30997903525396,59.82492148462727,84.64693791014413,86.41915862610206,69.51308229147857,51.867233108385456,51.55785411735903,25.775655362881096,90.02718458233447,49.457789227848274,10.31026214515244,Lower-Mid (Strongly Growing)
102259,SALZGITTER AG,11,0.24256310963249345,0.06247491873413418,3.0688234326870543,0.43962169324717515,0.019800441460433294,9.879652699773864,0.22990547762415225,0.0540409228061145,3.12743246736783,248.74272727272722,0.31282445209969933,1406.3714629270378,1.0259583404228723,-0.0008074071351662799,0.0016087280574587394,0.06365774714916232,-34.14181818181818,0.2006926252854633,241.00216178173815,0,Lower-Mid,52.144835628753306,58.253082604733954,88.55074616308013,73.80391483485764,85.39354004499536,48.12696874170679,52.69797326268319,28.90821373494778,84.43958464669547,46.66920551458474,11.563285493979112,Lower-Mid (Strongly Growing)
102365,KOENIG & BAUER AG,11,-0.43667841443837235,0.16550441298464322,3.3943524551366657,-2.6122885609215176,0.28413518169323426,15.497392872288644,-0.41954427446057146,0.12591322803541577,3.7388851049591225,15.75545454545456,0.2958830221485857,91.59482012854313,1.4816126053164735,0.07231416540318983,0.7636331928667428,0.2616862956187257,-1.029090909090909,0.004963034720762293,46.19341658220563,0,Lower-Mid,37.76762314620057,39.95190935157475,91.38490720690706,76.34525451889418,85.27646709794755,45.02360854428656,43.52342664537673,29.774186663006745,88.53365956971268,47.97547851025075,11.909674665202699,Lower-Mid (Strongly Growing)
102529,PAUL HARTMANN AG,11,-0.7493667234037724,0.4977703673921417,3.358767051074761,-0.5853710514848983,0.387517575423231,2.9736204803347777,-0.4151692876159462,0.36410468546596997,2.1757654946076697,57.146572727272726,0.8851123522633042,192.08391048340062,2.658418145785313,0.0146937176996934,0.3648682136651381,0.07692432190008747,-6.489263636363634,0.07308077309898327,75.90910167425073,0,Lower-Mid,43.829593109312604,87.7852577667761,70.2204952579459,53.33799013949372,68.47624065450817,52.46907516731493,50.69412390920586,40.05187146078285,87.84514427770861,49.41897009666734,16.02074858431314,Lower-Mid (Strongly Growing)
102926,KWS SAAT SE & CO KGAA,12,-0.054216859833955224,0.009523920562164837,1.9178024705822898,-0.1752032661968561,0.21527829967771092,1.3035253054290594,0.3430504854413148,0.26017145792670754,2.321697365742639,71.37131818181817,0.781168040698601,278.75898861565133,3.2607676748961367,0.020606586659252375,0.22809564923315392,0.14894466596003836,5.342615384615384,0.17590310082616273,43.97385686752477,4,Upper-Mid,66.21971090333152,86.63479805096004,68.13691908643428,98.20087587061464,95.84460138217149,51.90140080970468,68.0116217659118,46.358173856002885,90.28341777025314,46.68522765290553,18.543269542401156,Upper-Mid (Strongly Growing)
103176,THYSSENKRUPP AG,11,-0.5167523754261213,0.1298521598071635,4.5347974411111105,-2.506352022171679,0.17213652527848075,19.10317492243626,-0.48665389354091176,0.08643316027323585,5.234557877932152,-612.6727272727273,0.2160515719402353,4168.2123226800895,-1.6309588910294104,-0.2776121662434845,0.5372776795967791,1.1976753069035546,-68.73636363636365,0.025959190150322567,1349.0901862286719,0,Lower-Mid,44.762141446722325,51.157721023527834,88.29877576839277,86.7951101652289,66.92173450170831,47.636235806914335,46.854171975173635,29.828919507060814,80.36437686399861,47.62417697659764,11.931567802824325,Lower-Mid (Strongly Growing)
103200,FUCHS SE,11,-0.8044010982653266,0.706089156464916,3.027212331681872,-0.9671404591006387,0.7334047185175946,3.5712290192972875,-0.500585552284974,0.8460569672791027,1.720990638278342,165.31909090909093,0.8894279618296321,554.3290249787434,6.568063890012454,0.002316055547356202,0.7798908507793654,0.008293389420420258,8.988181818181818,0.07344925955550805,104.87648855315317,4,Upper-Mid,29.356830121518485,41.11390262304325,88.43111364464934,68.33292385528796,47.567170686356,57.751489365651466,33.933880561698246,16.676516157163253,90.75526176137912,50.16484040352726,6.670606462865301,Upper-Mid (Strongly Growing)
103255,BERTELSMANN SE & CO KGAA,11,-0.24899129881294219,0.6123139128183631,1.0062296421159105,0.12754413986492846,0.014294889046661515,3.37341766600993,-0.12080893838745095,0.08680219111867937,1.2966827217756016,326.03636363636366,0.7409880899708078,1197.7341348777031,1.2952964931802757,0.0019658947252806347,0.003058059727211474,0.11241836785850907,31.172727272727276,0.050178123609309504,440.065772694856,0,Lower-Mid,68.3401001077826,89.63480007843515,92.48343560245958,78.00157358707698,77.47886979169365,49.57215499799543,64.68498788626182,28.722257055109424,92.70541198898745,47.36271854757283,11.48890282204377,Lower-Mid (Strongly Growing)
103269,KRONES AG,11,-0.23560343091336272,0.1161914861272069,2.18571965270438,-0.29883637611074504,0.021366875267375258,6.464917004407088,-0.12255632355370769,0.044072518531728305,1.846085409978013,180.38554545454548,0.7335807769984016,666.0054188774163,5.998638804630629,0.0073539985654163,0.765686684395933,0.026576512708869782,16.73073636363636,0.13849697968623273,142.1657251401039,0,Lower-Mid,57.19747087694952,70.31407065087578,96.44361811036268,77.11307524502591,70.80407767525159,51.395918873935926,55.273721656745295,29.986594590987853,90.81067558788601,48.34906546884508,11.994637836395142,Lower-Mid (Strongly Growing)
103487,SAP SE,11,-0.34827578780375784,0.4290588683780327,1.681375991415174,-0.846378100394438,0.5137349003268631,3.734176852727251,-0.4645395458999519,0.31471603455531205,2.6185643794031623,1477.7727272727275,0.9724345946140972,4738.898937569345,6.885716278324261,-0.019698545520434436,0.3181730032178102,0.110433922149667,261.4727272727273,0.4554578179633775,1225.1868199591656,4,Upper-Mid,52.062587816874775,63.19978567927783,65.28005295844575,93.97921965064086,84.15911797596081,48.80909901288904,55.486781924063685,38.23506221326659,76.79632463079227,52.631754659300086,15.294024885306635,Upper-Mid (Strongly Growing)
103533,SIXT SE,11,0.2719912995096294,0.09985534715819486,2.7218823476183363,-0.2381992465502712,0.006428182015628147,9.39498953578782,0.5912889286057662,0.12946156599137126,5.196720019806499,151.97718181818183,0.43684392283424717,727.135315111964,8.341544994393256,-0.039317129220512434,0.14513212760093794,0.3263623253891561,77.67415454545456,0.3214316251727943,433.2436766677178,4,Upper-Mid,33.88759517755341,89.75058173053783,47.02645590948602,46.45659915462044,95.28917057927855,53.85521674714966,50.44418991948276,38.695793221871185,99.87932503597314,48.468998806252486,15.478317288748475,Upper-Mid (Strongly Growing)
104357,KABEL DEUTSCHLAND HOLDING AG,8,0.48104554114919373,0.2590012466878823,2.1657828876247094,-14.108442089024706,0.9060577399511472,33.96102380630971,1.0855360562517546,0.5146961303863442,3.4669569849098,104.99522619047622,0.9618456152186777,245.29941949250383,4.761510509880074,-0.4984373454168558,0.7976576398854591,1.2787391491593278,62.58258333333332,0.7643523557899468,164.01604442739549,0,Lower-Mid,6.194898621555332,11.114349676721941,54.20163112366697,20.897622778828705,74.85085109124451,46.289227268595376,18.018219325536066,14.398915151888431,96.96387609691403,53.19753446793337,5.759566060755373,Lower-Mid (Strongly Growing)
104364,TELE COLUMBUS AG,11,-0.8304749008107997,0.7187521359781405,3.097682749679196,-18.20612123177637,0.40793839934205056,90.1405360801887,-3.429749501525803,0.7175103964694046,12.804077747089977,16.125654545454545,0.28985127236835123,94.71739522773666,7.530053359801503,1.4792986190844468,0.4195337285263485,7.222248226951827,1.5406090909090915,0.010199361208914712,48.23985236175891,3,Low Performers,17.084104215215483,18.068218304226612,80.88718755541842,82.8564734525664,71.29972844247827,45.757359312880716,29.427891958559897,44.73592393808185,99.56625670595473,48.88351560865282,17.89436957523274,Low Performers (Strongly Growing)
132740,INFINEON TECHNOLOGIES AG,11,0.2870969951901391,0.12255804615684983,2.5933296936319956,-0.08819421800622713,0.004720830705690272,4.059110747218443,1.045090374696417,0.5495697063287116,4.458024544544817,1158.4363636363637,0.9049568169853967,3850.864644777416,13.221855279125116,0.015434620869160035,0.09341334312242112,0.15969506979403708,93.02727272727275,0.2649764898984098,571.4873446752491,4,Upper-Mid,66.3464080046881,71.54892951574153,82.4976633753937,97.42795240443823,87.26698284603845,50.48323383621408,63.68119177237314,33.54173733958621,97.71058776287305,52.345106044766595,13.416694935834485,Upper-Mid (Strongly Growing)
200759,BIOTEST AG,11,0.37201881382980895,0.057678592365631075,4.898437567891242,0.9464012996599582,0.06210373462182146,12.00926613767979,0.7673929856368608,0.06577858263679129,9.461839340286271,12.262727272727274,0.13356300613510175,106.10698561684906,2.2382309038040837,0.05754168951143499,0.41143423308325294,0.2836824031380585,7.3527272727272734,0.3612723933594455,38.68397280613918,4,Upper-Mid,26.916223860760173,74.49345778489477,33.317862315189544,52.75243268472045,87.1907662431732,50.631627874498335,44.01903930623105,28.26034460408784,90.54328140566889,49.65422870925517,11.304137841635137,Upper-Mid (Strongly Growing)
202305,FRESENIUS SE & CO KGAA,11,-0.6014501900591713,0.834332359960602,2.082236822640107,-0.9208599646824854,0.6849594788227638,3.518529138538728,-0.8000602505664848,0.7836426553184879,2.8580094477362175,154.43636363636364,0.006010686667819464,6299.230824093256,-0.6187280154999142,-0.05328287744908674,0.4034613332050313,0.2652691284320109,115.86363636363637,0.189287157272427,842.1444292218655,0,Lower-Mid,59.549388104971236,88.0356977377738,93.37036764680762,70.70658206938617,69.96199416322123,48.91177431052117,58.991852120965056,17.00811729841981,95.56603890123884,50.818115417784746,6.803246919367924,Lower-Mid (Strongly Growing)
202807,JUNGHEINRICH AG,11,-0.0283494976930753,0.04145977683571836,0.44028297085045776,-0.1395266150838682,0.1032175885530459,1.373346750023951,0.044525976935936726,0.11129985755028808,0.42205218478075507,293.59217272727267,0.9498013587460152,952.6383915262056,7.9987743712869985,-0.007560643428052481,0.036938195584100574,0.12440015408181919,28.565509090909096,0.20361999214072898,200.18510502862674,0,Lower-Mid,79.9640653969133,83.2898723965284,98.20484417909398,95.81307072629286,88.69034158377241,50.11778506527295,71.52845894826615,29.35961063548469,92.36045399086704,47.459370602958245,11.743844254193876,Lower-Mid (Strongly Growing)
203162,HORNBACH HOLDING AG & CO,12,0.009996170332922735,0.001030454230655115,1.0749708563585976,0.11754853553780163,0.0455085459270008,1.9021647923815408,0.04796353205358323,0.0381704957554533,0.8474706230734292,300.62554195804194,0.9537209001713012,1062.6558132060334,5.700666311818847,0.023610915095712726,0.23671441681172392,0.1675243188341291,22.399314685314685,0.425605852748122,118.52455435642392,0,Lower-Mid,50.610151709399474,86.8888281616178,78.15443469458414,75.99575528080177,57.41195756598183,51.24113174200409,53.833195479060805,30.07963646346372,91.54971108772205,47.99856697604424,12.031854585385489,Lower-Mid (Strongly Growing)
203586,VTG AG,7,-0.05649834329290619,0.10241788690640474,0.3530838091486562,0.16714835387497567,0.013506473935709893,2.8764783335066517,0.9468156020376333,0.6162528051180126,2.41221462878196,59.71764285714285,0.8505228401791499,129.5059322275333,6.857933676874439,0.17380541121242699,0.1977583473938899,0.7816743786980387,23.475964285714284,0.35616374789177374,78.67351958179927,0,Lower-Mid,36.32760893913473,74.4945635060305,73.26186426877453,48.03010692439542,57.61368677281359,49.33395962110896,42.87501998522157,33.44331953213946,91.69075641759817,48.491277223344596,13.377327812855786,Lower-Mid (Strongly Growing)
204820,FIELMANN GROUP AG,11,-2.24750460233874,0.8072379246432582,7.910424888222839,-1.2587550865180135,0.7382161692609649,4.632863043734172,-1.0244609249876617,0.7953593973621301,3.632567472860279,88.3304,0.8497379344422685,303.0174881301312,6.322115167616538,0.06622835213453186,0.8183868314165408,0.23150726962277463,14.120827272727272,0.5239982861139751,61.68722124054678,0,Lower-Mid,43.83060751965371,52.07778071787891,66.46241898833668,84.98964238086283,78.0620561562655,50.72567171423384,48.156071812963376,11.506613558664966,90.47241982356724,53.61008614036825,4.602645423465987,Lower-Mid (Strongly Growing)
205865,PROSIEBENSAT.1 MEDIA SE,11,-1.1919391867484306,0.766312665456209,4.30577266473192,-5.218874886824196,0.8045603525250226,18.39914202737504,-1.883843921729273,0.8372530217792902,6.510533177665406,86.72000000000003,0.4122244883773987,427.122426756096,3.141536230661135,-0.16483070309245945,0.3925831917575185,0.83190217612908,-40.05181818181818,0.6942554174473502,152.00665329066388,0,Lower-Mid,58.475676616590114,67.91334826074186,80.51066571201905,76.1699624599176,87.7466080158203,49.48218437715297,57.751927747149225,15.33299955877646,83.72903752519485,52.044927704197534,6.1331998235105845,Lower-Mid (Strongly Growing)
205934,FREENET AG,11,-0.21041472686603352,0.06671429264635144,2.5761235621638434,-0.6994767420708167,0.24610551577849946,4.458744687650865,0.23416359208551402,0.09669018461985801,2.381377121033285,-84.33715454545452,0.6427063409780968,332.66924449445634,-1.9724543225140723,-0.04080540758760023,0.0695104632349897,0.4894323018709062,4.9441181818181805,0.5429819831493331,21.21759394059795,0,Lower-Mid,37.56616110553087,43.220212364215975,73.30061459396715,70.57240205217339,82.51544988649226,53.66858835954388,43.10506460324672,33.2737169812664,89.29304995086714,47.65025120024974,13.309486792506561,Lower-Mid (Strongly Growing)
206703,SGL CARBON SE,11,0.6382247124150813,0.8481775939166231,2.191443199140694,3.8087258676189144,0.18076641014855444,28.32832190361377,0.8376659291904819,0.8439679569270403,2.883419774475507,-11.06545454545454,0.04488008428142285,165.17428161122763,-2.598863738336077,-0.13135378086276403,0.32161841485326875,0.7324401187896501,20.57,0.8037025318850123,72.55822056735424,0,Lower-Mid,48.433566939929506,65.45533929146181,59.894218040055115,77.12590471015392,88.19701352820773,49.519165947881135,53.40663713451072,15.079262822011529,91.31056099322645,50.94186145754601,6.031705128804612,Lower-Mid (Strongly Growing)
207096,RHOEN-KLINIKUM AG,11,-0.06951198967793151,0.02955844036615098,1.2785536671514979,-4.6940958918206634,0.2865434067058705,27.73043914745607,-0.1400670073171272,0.06173187836728125,1.7827116544014205,28.7908,0.38841364973721837,146.08529128192757,0.5495892142410641,0.008026575199839646,0.23088773984466784,0.052823824655506925,8.383636363636365,0.30775696960726867,47.78905957304489,4,Upper-Mid,41.515552585141414,47.92727435661939,79.51471376625557,74.12482927237777,74.12088657256056,46.30710404824389,44.72229181850231,38.760254240644876,90.67684550594298,45.16050935775101,15.504101696257951,Upper-Mid (Strongly Growing)
208821,SARTORIUS AG,11,-0.4363405997698414,0.13153351940768196,3.8045859868338976,-0.013280480212993126,2.9066692539388638e-05,7.78961459495541,0.25367205013232097,0.032093891152857136,4.477766378827056,318.66903636363634,0.8501790332243552,1092.910684936089,14.262758642857554,0.09825268843331127,0.426367172677028,0.47583081395646737,50.37557272727273,0.7286756403319825,186.61771654493654,0,Lower-Mid,56.777009011417135,79.70957989070132,94.27907392112044,84.27071154749183,61.5071361824728,48.46772356001103,56.30586116482723,25.802786894239937,95.28612447198188,49.910585482270285,10.321114757695975,Lower-Mid (Strongly Growing)
209440,VOSSLOH AG,11,0.6731608866907794,0.4399015798368597,3.2095275871686733,3.800381788775558,0.32825727493087165,20.97587316955589,0.7992154785469279,0.3953218819007999,4.019652032203076,-1.0900000000000154,0.0004726299359424606,158.54986805783543,-0.8988578956176108,-0.012455630341486727,0.03164822272031209,0.22140684717581316,9.419090909090908,0.35168829862653594,50.22616617456524,0,Lower-Mid,58.591461898473085,79.90971557870499,89.70240805882267,62.968692747414146,90.605558756969,50.80471781722254,59.306230963417,28.02524316802466,89.86623023313382,48.59239513762733,11.210097267209864,Lower-Mid (Strongly Growing)
210326,BLG-BREMER LAGERHAUS-GESELLS,11,0.39019727367443435,0.5057277912962816,1.7351052369132074,0.0061815069955003825,4.16927364726202e-05,3.027360671714621,0.31921122031500326,0.36689241515717635,1.6665132910186984,25.858309090909096,0.6732903366553642,99.65496287973815,3.294060292787382,2.9388598697592587,0.645589324056979,11.566466614368233,7.620745454545455,0.3070494924701828,43.490386151462324,3,Low Performers,17.084104215215497,18.068218304226612,80.88718755541842,82.85647345256719,71.29972844247827,54.242640687119284,29.427891958559982,44.735923938081854,99.56625670595471,51.11648439134718,17.89436957523274,Low Performers (Strongly Growing)
210332,CLAAS KG,11,0.19343191760602074,0.12058944060940306,1.7614628857705363,0.4993800441198298,0.16107379437773336,3.9347644477142314,0.23266940049949655,0.24449476424472993,1.48800533797342,192.7722818181818,0.671875058853844,743.7043611889213,2.715186522068702,-0.011886970836305497,0.14022392988354537,0.10038299060319104,24.884027272727277,0.22388364049611814,166.30660141407745,0,Lower-Mid,55.844991927723,75.6130992596865,74.88389538885745,69.17538995567068,81.50889872287942,52.56424268764087,56.60449042702549,45.71105637938197,91.8755461847801,47.95005501361065,18.28442255175279,Lower-Mid (Strongly Growing)
210334,COMPUGROUP MEDICAL SE & CO,11,-0.44867869769793456,0.1786045359189554,3.357292718524126,-1.4124767186466198,0.302672937933441,8.118849708591778,-0.41721603985407274,0.14641302055682498,3.4480308774242645,80.72827272727271,0.9423419614925508,262.9791971915662,8.502414372921185,-0.07299000410492401,0.4742028087777692,0.335182493189202,10.477045454545454,0.664939909259246,40.63007539225303,0,Lower-Mid,74.28114076067463,93.66825237307866,90.86996993887273,95.73366460393486,76.31686368656405,48.92419393221006,69.46700279226368,33.018462747266724,90.00227601345684,50.20527911687959,13.207385098906691,Lower-Mid (Strongly Growing)
210340,DILLINGER HUTTENWERKE,11,0.6106776189746222,0.18351245534932203,4.507951455225867,0.9708180844730858,0.14464519271893797,8.072087400559989,0.7012634716984315,0.124007997077796,6.297328819573614,68.99414545454543,0.3438124122843323,372.0929693833416,2.0257883377342134,-0.0029109899799555647,0.10075493762998171,0.02900063726598497,9.961636363636362,0.09993456618963548,99.64897103066883,4,Upper-Mid,70.66986420148017,75.36962451487896,88.62311937834441,95.96405371578551,85.57322950053072,47.51219795223676,65.77426038022601,36.662004312367316,90.88167215728667,47.079780302626205,14.664801724946926,Upper-Mid (Strongly Growing)
210359,EWE-ENERGIEVERSORGUNG WESER,11,0.13089763562477955,0.024251025836586233,2.658072026129497,0.04976803896902742,0.00024336187183754168,10.08844567750631,0.6460145889039006,0.16969972165354894,4.959087380645866,105.59000000000003,0.05281524224575223,1452.9248502575306,0.7579557136619064,-0.029821998139550283,0.2199630313481708,0.201076765552558,-35.28181818181818,0.07819852952575349,398.98049456248145,0,Lower-Mid,44.034397053446746,47.37546106957283,92.4172654321076,84.32889423549331,75.45075660373993,52.790044913698125,46.83935394940359,26.880300558384295,84.302056988775,46.3201083278951,10.75212022335372,Lower-Mid (Strongly Growing)
212782,FRESENIUS MEDICAL CARE AG,11,-0.5856538257175629,0.8547437644943257,2.003194015091229,-0.9202199467205865,0.5543745161155664,3.908319088365859,-0.6851539358300056,0.8139810324935122,2.401491281790881,267.158809090909,0.6182038716817432,1074.4931187480488,1.826673001114032,-0.0011378192856715023,0.0005530160315018561,0.15300457961309596,104.41930909090907,0.2917255854864119,611.3551221486075,0,Lower-Mid,66.00415369942489,94.94841297282494,98.25403841046008,73.82810892339785,75.69575243904366,49.218490427832066,64.12851783253127,20.86334804764692,97.14272436692426,50.69372128880105,8.345339219058769,Lower-Mid (Strongly Growing)
213034,GRAMMER AG,11,-0.5374664283495462,0.3978342586011958,2.6946369011698192,-3.4429085568095323,0.5481767764358131,14.705004837831858,-0.3147518253336986,0.29817556910730053,1.8227714975909113,70.62177272727274,0.6817354742023467,270.47720397655553,3.473071830262109,0.07565873681573036,0.25611230736114476,0.47276341566520097,-2.2409090909090907,0.04240609855026965,34.412013080193454,0,Lower-Mid,45.70667774387712,66.85896191490218,88.49354677400356,57.94873392501576,68.94658292945321,47.50150314914439,47.79132431245085,39.15443739303638,88.38038761526008,48.869635891907464,15.661774957214554,Lower-Mid (Strongly Growing)
213037,INDUS HOLDING AG,11,-0.21267294207758364,0.2033350313669673,1.4914411984012756,-0.49621131119024087,0.1177464582638182,4.572910836298246,-0.18783225252815888,0.16849479865184325,1.447027941400604,46.253872727272736,0.6932065988607391,175.67774852701368,3.170805248292652,0.02016997839150484,0.476789879400195,0.0923723343406531,5.332727272727273,0.14235123744372202,44.69600944229939,0,Lower-Mid,68.98316251710071,80.3849470058031,86.8410187472274,84.59870576948923,81.40703474007044,50.604660312268855,64.34118019596039,46.398890557723945,89.34267995320845,47.8686266450609,18.55955622308958,Lower-Mid (Strongly Growing)
214700,STADA ARZNEIMITTEL AG,10,0.23134769552036963,0.23057310783828003,1.3838461996071887,2.3697537627162335,0.6116287680777603,8.703345888815559,0.31611864846724946,0.23187704907908274,1.8855940902193782,210.5816060606061,0.9107708324264111,633.7863055518083,6.821598959572661,0.10788337895532858,0.16796739931094237,0.7560822030369645,41.41537575757576,0.6989049939724862,142.29168047363135,0,Lower-Mid,37.994131756402346,43.215534568363736,72.34925722588167,71.34272270239872,88.89242282235831,51.15104014772138,44.30889530982731,26.662117885191584,94.07312347346748,50.6099459604777,10.664847154076634,Lower-Mid (Strongly Growing)
214759,HEIDELBERGER DRUCKMASCHINEN,12,-0.11931265478385035,0.0613016014341977,1.6635198780818379,0.6516020899782955,0.0020245210303735314,49.991793539038056,-0.10571882277779017,0.05740838438526685,1.5231478145937114,-17.23179370629369,0.12405525741447664,168.88858433025123,-0.513246653729893,-0.1764439461829359,0.638469821957225,0.7622790264463758,0.8601013986013986,0.002681319925170608,57.33934555946293,0,Lower-Mid,61.82910636536258,80.24616255763331,83.7811234572142,77.35966477646689,74.64409926400822,47.667540416074736,59.71345642491961,24.008669069389395,88.77313684571521,46.26732653842257,9.603467627755759,Lower-Mid (Strongly Growing)
216524,ENBW ENERGIE BADEN,11,0.5360248860854715,0.3785240173930115,2.7551054941503157,5.008379504867175,0.11672565276258504,46.35686670731816,0.9007487912192431,0.34690540748176457,4.836132077681602,2668.6018181818176,0.5051905947970615,11872.881937834305,5.18167856347973,-0.11361024967402167,0.14022682028814357,0.959404985907236,-138.39090909090908,0.037537879833245434,2258.7735438317072,0,Lower-Mid,38.90142086007126,53.74365146746438,89.87123652660617,61.26916719284341,60.38633313749065,53.16973217002178,41.494165327429315,24.521701232100277,72.7460690074111,50.97362675278648,9.80868049284011,Lower-Mid (Strongly Growing)
218000,JENOPTIK AG,11,-0.017698382597963393,0.0013249483160829266,1.537567216498217,-0.3517575874763533,0.20842888080922123,2.4364893968856007,0.44073788570900563,0.7604788523854169,1.5982209276385975,45.84963636363638,0.8202155557987852,160.0928347786717,6.575469028870784,0.028890056649850664,0.3425114717648629,0.15610285012342226,3.4348727272727286,0.3293767484344915,18.926232930132187,4,Upper-Mid,81.8529352566108,95.19851006623094,88.00725531958663,88.94047518234888,91.64065983327203,49.5814106947687,74.42102260911619,34.72884476315788,90.03747809246077,48.86357948429205,13.891537905263153,Upper-Mid (Strongly Growing)
220295,ELRINGKLINGER AG,11,-0.7067721228011384,0.6742063849059816,2.7219677838786738,-2.5441567390617594,0.6266399665985181,10.163301711433084,-0.8535960562738826,0.7021783634218506,3.221281499267172,37.91884545454545,0.6200430827834476,152.28045722605117,3.122618759436069,0.0046671922870923,0.02195570986316555,0.0996051863950444,11.94900909090909,0.22084143125556446,80.40658457145337,0,Lower-Mid,48.47198112261831,52.32865841232092,87.3064456767447,88.51587400041562,76.50629495045948,46.687767791141994,50.182055774122,24.735041999615916,90.19190324339112,49.94760150325425,9.894016799846368,Lower-Mid (Strongly Growing)
220301,MERCK KGAA,11,0.27865173207563754,0.3802381043116466,1.4290055939949224,0.048440805200982914,0.002162296192311023,3.2942288155025676,0.4800962578109952,0.36475132640648655,2.5137951319353746,1035.5563636363636,0.9237310564652931,3407.2262206731994,6.2846509783476945,-0.025990304827163267,0.30254286549125603,0.14942315950289126,105.08000000000001,0.29912152446375884,607.5698738171998,4,Upper-Mid,56.04676771370457,77.20324558866966,62.5132088715681,96.66398808770252,80.616569540098,48.10486958054477,59.618240443000715,43.931660955347844,96.04110054449471,50.60910624999802,17.572664382139138,Upper-Mid (Strongly Growing)
220303,AURUBIS AG,11,0.28593275530539225,0.0651073436277139,3.5436344978865946,0.5238737575587227,0.11384886795548596,4.909782861151627,0.14212468402637574,0.09582139537714499,1.4519052202305553,849.1473999999998,0.719363051470998,3165.986221399531,4.242675624576964,-0.01452058431733291,0.5263382399381192,0.06329240975801607,-35.57706363636363,0.2562794393160577,222.2353891968403,1,Mid,44.41289367835491,59.8802791237921,74.96725081539782,62.96974276023152,73.02362223288567,50.73831897189146,46.991730907056386,18.826340251231947,97.71550474346925,48.96393606073092,7.530536100492779,Mid (Strongly Growing)
220307,PFALZWERKE AG,11,-0.07745550362245221,0.03075959522047471,1.3965676378133292,0.3607986239466655,0.041563252337048155,5.596417559391391,-0.033829127377142554,0.007619845070686367,1.225512441767449,34.54193636363637,0.3041164696476165,198.07365226868978,1.2538322785128786,-0.021732044037881055,0.17485733980970708,0.16434581254399383,-6.531827272727273,0.41817509295592864,31.94152232770959,0,Lower-Mid,48.72713644082554,68.5003259312972,80.1190348483939,73.3491880563351,61.9987412060825,51.25191965826077,49.825649749135536,30.90465075850507,87.83979818744896,46.36839240651194,12.361860303402029,Lower-Mid (Strongly Growing)
221244,ADIDAS AG,11,-0.6670031971329508,0.24544582096303244,4.25745527728072,-0.8723561161327835,0.09455224245470796,8.971351930735883,-0.4227210971496479,0.1864242996914177,3.096012197051385,649.2181818181818,0.5925597016611504,2667.0098370786673,5.003833801553181,0.08734234290673011,0.7674267402347829,0.31528722463135306,137.36363636363632,0.15605479872875452,1099.5961617831633,0,Lower-Mid,62.794174037310945,82.17846682227504,85.89475562925884,83.66968001492519,70.41053147498859,50.70046500358267,60.481910702120196,37.89426778650785,92.67285104351244,49.84475612310318,15.15770711460314,Lower-Mid (Strongly Growing)
221614,DEUTSCHE BAHN AG,11,-0.3868000890886321,0.31946989334603904,2.16407145753886,-2.2531011136961805,0.09119916651063432,23.593112991801913,-0.6138444855094197,0.32978912341762545,3.3801828545669914,30.4,0.0001982273714374829,6827.972645396362,-4.076408381482732,0.13941800405606022,0.3403636220673618,0.7556962944094432,-816.5000000000002,0.8271899993295924,2838.9225956570617,0,Lower-Mid,36.651141571625764,48.18819227938138,80.11119453703697,68.58123192492931,58.74063507017288,43.98038306720267,39.96731353754545,12.595454083511747,27.58783516139685,48.28995692167119,5.038181633404699,Lower-Mid (Strongly Growing)
221616,DEUTSCHE TELEKOM,11,0.19979660843098365,0.30329594213100153,1.1472414027601523,0.3315887760773951,0.11792272352278446,3.053522125648733,0.9083638954089498,0.7156791433631445,3.3954761441662975,6187.3,0.9318484713631499,20268.822775243134,6.570356105505981,0.10848021780064185,0.34908139299261504,0.5806135919814464,2211.6818181818185,0.8787628174253993,7460.824279234825,0,Lower-Mid,40.98904739133473,51.201262979131926,86.5472339375643,68.42680949309393,65.2335722410987,51.61225264805159,43.26358833783447,1.000782466288617,4.7735696331363915,60.11082842060783,0.4003129865154468,Lower-Mid (Strongly Growing)
222247,SOFTWARE GMBH,10,-0.8619096095947552,0.6941800037474286,2.97134203815658,-1.389221614305274,0.7173041687699738,4.711365837929367,-1.5867969667914164,0.5962530846146866,5.90245950924875,9.717224242424246,0.3065766910196961,50.408019316771416,1.7289352587090967,0.008397098534218059,0.06264417783092874,0.09636423249665103,-18.82039393939394,0.6256653160755742,68.34152155468884,4,Upper-Mid,35.0156925689188,56.940614475445436,42.66584357972374,93.4493846426889,79.27649832692893,47.12259766879171,46.63081313596484,21.7070384138248,87.2174240372869,48.04718485224682,8.68281536552992,Upper-Mid (Strongly Growing)
222340,DUERR AG,11,-0.5956246158064402,0.5985592575887404,2.434552037050489,-2.073084330979987,0.6583738423704891,8.079429305380526,-0.4965662083968718,0.5263646183349368,2.1643815234368144,121.27493636363636,0.529119874886998,527.2225993414266,5.239566119119732,0.03387397416925399,0.5920533514574463,0.13921490330453043,8.575618181818186,0.18507197445731405,63.03693770446837,0,Lower-Mid,70.63913946220937,80.65282909883015,95.13957063275934,79.22567779615764,87.48611983469887,48.192430892327735,65.43170735947037,31.30980903702486,89.75791270938342,50.57016224602348,12.523923614809945,Lower-Mid (Strongly Growing)
223089,HORNBACH-BAUMARKT AG,12,-0.08952500746245376,0.05966971717529753,1.2651580171623051,0.1334574340211646,0.029901166439373624,2.6642569106673317,0.0922619794689531,0.09072494351679714,1.057393924087018,281.65947552447557,0.9578091174515195,993.4872056943327,5.778005934884556,0.08345462568290382,0.501520395909261,0.4068024027811465,29.57856993006993,0.4829492068907803,146.92775403207432,0,Lower-Mid,53.17319836420451,89.32904446302773,77.79700339721546,86.27688721960867,57.75371916262705,50.618200236679705,56.425834834642274,31.823944918748765,92.49433814751886,48.78832835943599,12.729577967499507,Lower-Mid (Strongly Growing)
225236,UNITED INTERNET AG,11,-0.9241277544835859,0.795356368507403,3.276809033662655,-3.0075028769669503,0.7208390404054849,11.201776454537438,-0.5468603182232924,0.7909672587684743,1.9444516897148991,321.14391818181815,0.9609932286482503,1035.9517729102392,7.520747855315246,-0.07502848812717285,0.41599937023580996,0.3678577063610015,-22.533545454545454,0.08582332675574371,243.23544225035806,0,Lower-Mid,65.44114072117382,83.00034132173242,86.62735758635269,81.11991891028248,75.27281871982667,49.63875535675751,62.17943925181826,18.013438851667605,85.852824722982,51.9712816700607,7.205375540667042,Lower-Mid (Strongly Growing)
231016,MORPHOSYS AG,10,-0.9455334954508356,0.13540145366615214,7.380609520658563,-30.67194159883856,0.5206298775676342,122.09663619345457,-9.350024856455681,0.22490140849214993,56.62962060479523,25.456854545454544,0.5666396203920352,97.13555959220082,15.731175721539948,0.41965353552524437,0.5921190584879539,1.566438470993749,-42.02949090909092,0.5098629842035892,169.06525428851427,0,Lower-Mid,0.16075583159458148,0.19535965798456703,39.662441475797664,34.48578722728564,49.95531612966018,22.59847016295456,11.045250406412338,26.42268830643039,83.49260368365005,51.21418840765055,10.569075322572157,Lower-Mid (Strongly Growing)
232623,EVOTEC SE,11,-0.39850016268828614,0.1097507912248428,3.8038613017311773,-2.1091476190757903,0.2949572047381385,12.280823015622524,-0.8325694190209381,0.08821256077322054,8.864520322822344,79.63182727272726,0.9828204358759803,254.00928514911996,24.44105128233558,0.05000908351475212,0.3328063473411117,0.2741278091982959,-13.159590909090909,0.30081590492500804,75.87382721225227,0,Lower-Mid,18.442037534970467,21.95360301354123,68.48516737602687,61.457253557464085,65.53084795157555,43.78456236470389,27.742888165179174,25.54160462443781,87.01129319252613,50.105097150574245,10.216641849775124,Lower-Mid (Strongly Growing)
233025,CANCOM SE,11,-0.6418355590449585,0.7577490761358737,2.3316376877736813,-0.8519607255095094,0.6811276790656255,3.264414589434967,-0.1398458261153747,0.25243253440079594,0.8801908407867369,75.38130909090911,0.701718535486915,284.56547045630214,7.67117572703675,-0.00041281875932762467,0.0003577578393858379,0.06901839326466139,6.114218181818182,0.10169112228678519,60.63165348136481,0,Lower-Mid,56.62804826938863,79.27889134871529,92.7068681377102,77.6668566417307,63.951333502185214,50.08037561485763,55.86638326699936,23.249204828907427,89.44256916612873,49.45401716482154,9.29968193156297,Lower-Mid (Strongly Growing)
234919,CTS EVENTIM AG & CO KGAA,11,-0.6272602618112316,0.09681408994698189,6.3749750774919,-0.31823666137111,0.005502141413249838,13.567015947681261,-1.5039697320762584,0.055340053068831795,20.217121000577198,161.26562727272727,0.4363227505731509,772.0365849512295,15.065433264830318,-0.024288041123909105,0.6557574015826415,0.0948464081985136,22.02798181818182,0.15652620427205263,176.06830463945397,0,Lower-Mid,43.28862521674709,46.63806261368067,83.45081490402865,77.70469678431215,85.96113537518579,51.9025743984312,47.30770259414406,27.969256223738338,91.50111535926469,49.12291728281989,11.187702489495337,Lower-Mid (Strongly Growing)
238136,BECHTLE AG,11,-0.17461064268961443,0.44740678363098313,0.8255044686329426,0.060059615618617626,0.02303985469746468,1.25124593757306,0.17938117558220817,0.7035909137046608,0.6762647564059999,425.11611818181825,0.930344309928404,1393.7526898812337,9.346338804160403,0.028333980950434608,0.37392902501085157,0.1465254315031585,35.88783636363637,0.5882370509504037,147.9691190388741,0,Lower-Mid,40.921005978567294,68.28029182889523,85.83915415911514,69.18232583761088,49.52567617941285,53.69644581022011,44.37154476787898,29.94406283939202,93.3325377873727,50.61277546228925,11.97762513575681,Lower-Mid (Strongly Growing)
238442,CARL ZEISS MEDITEC AG,11,-0.15327118506866808,0.037122881056531165,2.5155889500353688,0.21833650051664177,0.10230236557178359,2.158656336660061,0.2882926311304994,0.06030468679328084,3.712427736191284,121.75544545454545,0.9412316828709775,396.86255601354395,8.554325076170288,0.015331259911448042,0.4918009639113654,0.06913264266012528,16.639818181818182,0.4030009678357002,82.88873887007254,4,Upper-Mid,70.10476135347612,72.44374557797727,86.78805481854123,97.29664756209873,96.31939280206592,47.97369158198569,66.70822733350566,34.080917492744874,91.75364452563076,48.569283395838596,13.63236699709795,Upper-Mid (Strongly Growing)
241456,DEUTSCHE POST AG,11,0.36101905440355425,0.2925483737823696,2.11072318295321,-0.1502493011525538,0.013424235583433735,4.100791400859825,0.4033040042840832,0.5407775201877487,1.7342959864475196,3518.7272727272734,0.7798401790904816,12600.35565220218,4.044548838423956,0.04621224616472467,0.33224585311311466,0.2535287957561383,657.4909090909091,0.8143823321969096,2303.96342659218,0,Lower-Mid,56.393078966976475,73.16843621597695,82.54437510434816,95.35146462241568,64.56063968599474,50.753520430523615,56.410161245126766,13.609135677780614,44.051844909801105,54.11775962344023,5.443654271112246,Lower-Mid (Strongly Growing)
241840,SCHULER AG,6,-3.182648742413301,0.722452376790569,6.3948078113945215,-8.577301653007174,0.6325881709479972,18.417621764937895,-3.1573244609984585,0.6830885575182306,6.524152562843082,-4.098000000000002,0.05112106343127986,30.953902724678976,-0.7755347828418246,-0.012565888439748174,0.0723973598162377,0.0797581798684431,5.0872857142857155,0.011754557449585503,80.13576497367869,0,Lower-Mid,14.974038692179143,15.270461880925964,93.54509456313242,87.75972864073158,79.51226540671486,42.28402569257655,29.74652052813724,10.737212409189901,89.31133093903512,47.75062943920272,4.294884963675961,Lower-Mid (Strongly Growing)
242158,WIRECARD AG,5,0.4743069988058551,0.670750265629043,0.81901924025978,2.0760726076709384,0.7380440357505806,3.4175619725188886,0.48792042444721667,0.39931388695119074,1.0919601487477544,360.6206,0.9543379624258828,522.0528001125557,34.70694381508852,0.1443349514801143,0.9654407470976678,0.20774170711368747,172.7212,0.9669785079650037,248.40036730681376,0,Lower-Mid,35.07957326977962,40.385945485005706,77.69964582671155,95.84166483236658,63.25152485709917,52.73856706128181,41.18091361671452,7.483506753050022,88.10411612167701,55.801368827350565,2.993402701220009,Lower-Mid (Strongly Growing)
244394,MVV ENERGIE AG,11,0.15791899676886145,0.046594834743869565,2.313478610019975,0.8953705036963452,0.038354381116573424,14.457569661762575,0.43046297573970344,0.13076368167196759,3.7643693938232476,283.3309818181818,0.6165290740192779,1141.0831326306372,5.261102877855728,-0.029885269137779596,0.2720799943590934,0.18117942054758868,-6.308809090909099,0.0020638965128946846,439.14043415390034,0,Lower-Mid,64.35431103430254,94.64697849596865,91.63496452543924,85.91369024843307,66.98468988045275,51.348954876348365,63.31019261982597,35.34159957894475,87.86781339630548,47.502718513310484,14.136639831577902,Lower-Mid (Strongly Growing)
244398,TAKKT AG,11,-0.9862524734668952,0.7755988497258323,3.5413555124289635,-2.0674870618472774,0.8015393323277147,7.30264823210421,-0.8906813425784555,0.8360323023464976,3.0804263248018136,15.588000000000003,0.2603762351905003,96.60280245648303,0.7199931344494592,-0.022175441433017633,0.6714274914751726,0.08558008512514086,-0.7558181818181811,0.015968934664517823,18.91382485147826,0,Lower-Mid,39.03071050313213,67.4834088874407,87.91281583107148,47.56909290076541,66.87813550381084,49.20133747140866,43.89759559438916,14.48140736467087,88.56826008576826,50.841327146985805,5.792562945868348,Lower-Mid (Strongly Growing)
245628,NORDEX SE,11,-1.1913708350315675,0.385968713177046,6.064163656629951,-4.212349460583023,0.45552983286077514,19.736311057320208,-0.9120628997596782,0.33926613573938214,4.951702384210417,526.1531454545454,0.9008013469815774,1753.063540620809,15.453496090404851,-0.005691874083958598,0.006637911834938269,0.22092229397614715,-14.624363636363634,0.03737551326291226,239.21223822461457,0,Lower-Mid,47.16949052470662,78.52118595367499,81.48452434547,64.70077387320697,59.20928305687353,49.12313532723576,49.92350324646938,25.672246118827136,86.82924592336742,50.065562617707045,10.268898447530855,Lower-Mid (Strongly Growing)
245839,FRAPORT AG,11,-0.459797914591212,0.19159566513254694,3.321805178081866,-0.4331716411685516,0.029799947280559767,7.9350975234252985,-1.411914805677855,0.05968103709287781,18.276385572154954,131.65,0.2684371151796101,803.5253487698459,6.361465798711019,0.1834327946311321,0.7370705566060857,0.6756510424478923,-70.43636363636364,0.2580214521543584,438.4994160215492,0,Lower-Mid,42.70974217321053,63.05528865363248,80.65318590533577,72.53823254947999,54.7994786087705,49.844024534889186,45.16869964627428,31.702687190385127,80.16926764302762,48.181522357022686,12.681074876154051,Lower-Mid (Strongly Growing)
248166,MAINOVA AG,11,-0.04137965271643722,0.0020392469500787385,2.89769005823037,-0.1356696396265667,0.002870806441216858,8.007200722176337,0.019191612602922896,0.0002450780740219773,3.8766736214037643,356.9149090909091,0.515112173463409,1572.5837475254348,6.610541075495369,-0.02047295063276793,0.249921807165251,0.12950256277628167,-25.07055454545454,0.5255913475651051,109.35530012209462,0,Lower-Mid,56.61629288679795,76.69045166130324,84.05749144831027,76.59394718704206,67.72139262718265,51.88692253696693,55.80221109976143,32.00386683839891,85.54195233258372,47.88076049511539,12.801546735359565,Lower-Mid (Strongly Growing)
269104,BAUER AG,11,0.09769851549425762,0.019270409194333746,2.225576343615636,-1.1191741664373573,0.1728761324092166,8.511971443276247,0.05595002123465381,0.006403846880110091,2.2109544030455233,40.83320909090909,0.4390850612752376,194.867396003895,3.933609182123421,-0.04760685341134648,0.3977376326372108,0.23871028724469795,-3.9064272727272717,0.07056371862765276,46.50386118137782,0,Lower-Mid,57.66407391275514,81.02355366477421,81.18533354949906,87.91338848248854,64.02890709704585,48.388311553466025,57.66601521086263,34.64714880227948,88.17016410967564,47.10686484359326,13.858859520911793,Lower-Mid (Strongly Growing)
269835,BRENNTAG SE,11,0.04321228504749988,0.01198644935566679,1.2481361296448832,0.10974626759587738,0.02665720137004413,2.125604607232001,0.029577388059669456,0.02884681176873489,0.5506947155619119,802.5627272727272,0.7650157118251909,2901.6418669663954,4.950364629999826,-0.02187584988361415,0.5308173548464232,0.09494943345960116,59.56636363636365,0.29193390776415995,348.62523343617823,0,Lower-Mid,47.25544456917405,73.9735863032225,98.10054075139011,79.6063364488196,52.36027050409686,53.823527933710245,49.51156930881061,34.41180167895387,96.54659396510729,48.432895080741254,13.76472067158155,Lower-Mid (Strongly Growing)
270249,DIEBOLD NIXDORF AG,5,0.26288981204928535,0.16535546144001034,0.9142805522848934,0.22945561686368843,0.0009305194716366732,10.637778872932982,0.31931894179770987,0.3779213193661512,0.7345798025749074,-20.440599999999996,0.15079785144614305,74.44080494083867,-0.7119020541527799,-0.05300662014668133,0.9020653587259508,0.07892709318942952,12.206400000000002,0.23345595818140208,35.72729321177299,0,Lower-Mid,39.880616352152096,62.47964659740908,80.43428202455907,71.26092986982104,50.689317941872446,50.265619868398446,43.17766653860563,23.921911076433176,90.22510290771997,47.97999807838679,9.568764430573271,Lower-Mid (Strongly Growing)
271763,LANXESS AG,11,-0.5666661696352858,0.5712001354570813,2.371008630691028,-1.0586689888421472,0.09502889613038598,10.86006311975729,-0.5081288468194866,0.3245282395020797,2.820639632842425,-155.38181818181823,0.26809622214134154,948.9751758067861,-2.2661280105879755,-0.02194098463110027,0.1484989131082887,0.18005055969493206,-10.899999999999995,0.03302474878833528,189.67353422862362,0,Lower-Mid,47.78699455277978,57.14742815722364,82.09425576950737,66.21383269037294,85.85053524420732,48.86306491834905,50.04324700822504,33.26072250671379,87.2928721707114,47.01187908486294,13.304289002685517,Lower-Mid (Strongly Growing)
273099,MTU AERO ENGINES AG,11,-0.6185207558829569,0.3841377291216978,3.1558096193406655,-1.2485900100871896,0.27001691486280865,7.59843880937968,-0.5225773069259279,0.1318152925589473,4.5516372973744925,188.19545454545454,0.41124027872837504,928.0284864002009,6.592514876846045,-0.008140845187085518,0.09579061604096736,0.08317791173967014,21.117272727272727,0.28051418075365686,126.08412775891847,0,Lower-Mid,62.358287000058134,69.0827075573466,91.97790094016335,84.09496872028255,80.09898390460465,50.56393162227419,59.18420076921153,46.165806461716116,91.38204152396125,48.067235841568426,18.46632258468645,Lower-Mid (Strongly Growing)
276585,WACKER CHEMIE AG,11,0.393397187432335,0.08229302605242493,4.336603684458978,0.541851122656377,0.013737870955641274,14.619087355886197,0.4554560321423091,0.08132090122133341,5.050627822832769,178.14818181818183,0.32676181753669276,985.5206820309473,1.7163894862379792,-0.017979845055792337,0.09719062332595661,0.1823785510724749,26.32181818181818,0.0652126893255881,325.9491325725433,0,Lower-Mid,46.797915840614486,77.9124091653838,61.3667131548999,61.69512071027409,81.35159443843841,50.69479224594784,52.67389940611574,29.882071462529368,92.06462165135355,47.26227038274316,11.952828585011748,Lower-Mid (Strongly Growing)
278310,KLOCKNER & CO SE,11,0.23953398480837254,0.01954631221993238,5.417946640684794,1.2600084801584595,0.0660224886754324,15.506990565291947,0.10773640244949148,0.015171502685082373,2.7659744893243037,129.8494090909091,0.15956566340309372,1027.9458949297423,0.19547990490367262,-0.0021117962344268547,0.007653731376685481,0.07633353997482781,6.021045454545453,0.011464995829037712,177.82178084575867,1,Mid,25.04685781383055,42.37843172982423,74.46013440987635,82.90180617219323,35.76114332159005,48.03955433022287,32.1487815869549,17.621612546830406,96.42839615582291,45.73379104398779,7.048645018732163,Mid (Strongly Growing)
281772,SYMRISE AG,11,-0.09070944735327927,0.21633441987740334,0.6167223809782123,-0.5611867652408585,0.5410448268574706,2.4126304001785486,-0.16395144603314377,0.3112708835383054,0.9292787415987407,273.42670909090907,0.9615624264749846,881.7636533192585,8.955285892690812,-0.034331588538019056,0.41175351738270144,0.1691902140992233,30.022963636363635,0.37464552450041394,155.11124573779483,4,Upper-Mid,63.51568782682499,93.77820072612504,73.07689696195061,72.58625060409788,97.12746208437372,48.7668842777268,65.98965964902085,42.9200499753061,93.52634963319288,49.05432951375706,17.168019990122442,Upper-Mid (Strongly Growing)
284636,WACKER NEUSON SE,11,-0.05769676592304125,0.01035735338250023,1.7927803079776339,0.11777028404726456,0.013078667294186101,3.2565217004971485,-0.09795124585144538,0.029934964477456857,1.7902784773923703,119.25409090909093,0.8270514945914421,414.67419539953045,5.696461024081589,0.011432536171030802,0.12340109587129752,0.10291604207754848,11.639945454545458,0.06533619984600114,144.00381896979084,0,Lower-Mid,44.118961040817254,92.56633917360169,81.76775495654373,45.75124803511457,89.76765527567676,51.373027491661325,54.201125345910214,28.191246771303604,90.15205469350757,46.87564810347947,11.276498708521443,Lower-Mid (Strongly Growing)
284944,GERRESHEIMER GROUP,11,-0.21083019389821547,0.3680200359091015,1.098998441355147,-0.676056270251336,0.4783909188133475,3.090945742391676,-0.14623513953854375,0.14840726245153746,1.2003949696552079,71.43557272727273,0.7521062804853608,260.48032396464663,4.668547765455533,-0.04350359907457425,0.42124846809456806,0.2119610296697496,-18.55734545454546,0.5408915477398062,79.79225796813179,0,Lower-Mid,61.497565568382306,81.16474619409728,79.6186446099723,81.62870759797832,72.92861369509949,48.99084493724211,59.93413828023514,40.99703653467107,86.34232279087333,49.57366057206965,16.398814613868428,Lower-Mid (Strongly Growing)
285715,SAF HOLLAND SE,11,0.027706179173058555,0.005355024902626514,1.1972804498084122,-0.17044732491907205,0.013764130681480094,4.594262397514538,0.10359047867956825,0.10551823707414437,1.0084539619556658,92.82481818181819,0.6617870293366936,360.8319470169133,6.93694991173659,0.013460141312926856,0.027600572041631324,0.2562067561064704,12.115954545454546,0.53948679378189,52.163560408069166,0,Lower-Mid,53.91298634218546,58.987083670425434,91.21461914193102,93.95103210457175,73.99574418252973,52.300316396631075,53.857076108795916,28.92585702010494,90.213435373929,47.36286342571365,11.570342808041977,Lower-Mid (Strongly Growing)
287162,HAMBURGER HAFEN UND LOGISTIK,11,-0.4358522678163125,0.5399881126905461,1.8756301721390356,-0.7731492718634155,0.250764684048637,4.882364109997078,-0.3414374050639269,0.19458733527820765,2.4476753360491768,44.519545454545444,0.8675672001661876,151.14687042740908,2.903564198583508,0.11796347086028322,0.6585450151908449,0.45967915363472944,-11.791454545454547,0.2953044910106469,68.61709936673317,0,Lower-Mid,62.627989490312565,91.06804785824355,92.32614722678046,74.13388173100842,71.31608506439377,48.39599728065634,61.37560630053365,39.49950612600227,87.18167486962314,49.66146192286514,15.799802450400907,Lower-Mid (Strongly Growing)
289333,SMA SOLAR TECHNOLOGY AG,11,0.5545861986652603,0.054836608179714384,7.489171318133768,2.0471705270884226,0.10396243194571567,20.077785276766996,0.631703926132041,0.055840691137759385,8.453531662962261,73.17388181818183,0.5086286520725669,324.4559060705315,6.626789889001072,0.0003513181197450553,0.003995823417529206,0.0175750838570316,-8.045854545454542,0.08305813168761914,88.28381623992189,0,Lower-Mid,25.9850090531784,26.83132009654462,86.88299286133123,84.71924644890856,82.27016531476481,44.90127337973333,36.57271708268586,26.142189196298897,87.64984436378288,48.611605188562784,10.456875678519559,Lower-Mid (Strongly Growing)
295079,STROEER SE & CO KGAA,11,0.35148593194559535,0.46775079180997525,1.6251770530377652,2.074326303655007,0.6690671911582307,8.019406116831778,0.4852925221632113,0.4958153482817814,2.179433469713086,121.72341818181818,0.911103377001629,403.2647964577974,10.996514932841194,0.29221729519578754,0.8490007960483144,1.0028866906725453,23.986363636363638,0.6155608114777793,96.67828363304453,0,Lower-Mid,38.41013310042188,53.99053963304197,65.40930354642927,56.72519177646582,83.15676586282828,50.5967916644011,44.30819522384797,20.643173153757495,91.75769664290847,53.09023418545665,8.257269261502998,Lower-Mid (Strongly Growing)
295421,EVONIK INDUSTRIES AG,11,-0.433108757428122,0.5877928288171036,1.786425147115358,-1.1903385759514047,0.5917471046481592,4.893306703751752,-0.5681103448253227,0.6121628501700321,2.296144483510826,306.8636363636364,0.3342305161829696,1678.5039875924144,1.6120373324505888,0.013326028371808202,0.13226551677762396,0.1158717102167621,39.58181818181818,0.19642204308261318,282.4233677967989,0,Lower-Mid,66.15289825619168,92.33099222981258,86.55371621688607,68.62280767649183,95.92614487747,49.873152936783505,66.17856024770887,31.058767074931925,93.82681238867576,49.42688367780872,12.423506829972771,Lower-Mid (Strongly Growing)
297185,KION GROUP AG,11,-0.19468305256867796,0.23833863507335318,1.2610459836753443,-0.7880901917972111,0.45087869596251423,3.7114709430908843,-0.21706214395776283,0.15254195766071404,1.757476111040506,743.1109090909092,0.9571552828616157,2401.9415594558754,9.41497707835055,-0.024802590907167694,0.11050786558927704,0.2359393913316825,6.9609090909091,0.0034360835077775027,375.52089464375956,0,Lower-Mid,72.83878812206152,92.52257582726118,80.7088738949452,98.21446885394434,80.29921486647382,48.32307782928457,69.50635952964235,30.65727668006364,89.55091821301748,48.8904836914222,12.262910672025455,Lower-Mid (Strongly Growing)
297222,NORMA GROUP SE,11,-0.7668518742448992,0.6495234255484015,3.008943784220557,-1.7276162143108635,0.6658608264425427,6.69507642158985,-1.180630036173918,0.7462286605808971,4.3219313605803205,42.79493636363635,0.7541130231352072,155.83828654953257,5.220209381883323,-0.058425820885286084,0.8765763510349118,0.19733764818374278,-2.683854545454545,0.15268683295078145,21.719918011960385,0,Lower-Mid,55.82511659418077,88.61224469301781,78.35659876403189,61.024072719531155,86.27831052895236,50.341117905778006,59.09664942757184,19.161913874890992,88.3244296845503,51.863702107895676,7.664765549956397,Lower-Mid (Strongly Growing)
313972,TELEFONICA DEUTSCHLAND,11,0.4534819410585637,0.8151594004406132,1.5883226396456593,1.2692428672351024,0.8170860015160922,4.440285001814141,0.9279192091945859,0.8723950224718993,3.1416194411796874,191.55454545454543,0.5878548827274719,790.0551293663099,4.39780277612829,0.06450120677513546,0.7177305339289932,0.24076154900472568,63.763636363636365,0.7891074857123611,226.989095744216,0,Lower-Mid,53.2650192127435,85.6618120028137,67.37130609648756,88.3613031722099,63.83283847470251,50.12644667901369,56.84942617408651,12.663264791717443,97.12776107234775,54.08697169506746,5.065305916686977,Lower-Mid (Strongly Growing)
315541,OSRAM LICHT AG,11,-1.0006406952328004,0.4465898859543452,4.735040736485526,-1.37300640483454,0.21973435152704235,9.262401124677654,-50.846366387484665,0.11841268884961108,439.313756498958,-624.0351363636364,0.8702939556562351,2115.3199226912766,-47.062739090662085,0.028925604983778424,0.7187699007230105,0.10789156927601297,6.8424272727272735,0.020539655186329376,150.9779818528363,0,Lower-Mid,23.50415160096182,42.188396918046,77.33240096430998,45.31999636684194,44.3941604475329,45.67975515451691,29.030463727808055,4.356535213311623,89.5357484783679,47.5868991503675,1.7426140853246492,Lower-Mid (Strongly Growing)
315582,STABILUS SE,11,0.026571218762340715,0.0012597245708625977,2.3674110742419527,-0.7937278145671247,0.23058721742678295,5.2270178747544875,0.27256751888432773,0.14292261055205147,2.279941116946799,67.82086363636363,0.8631271783292506,230.84789556465117,9.9164125894601,-0.2438697114563094,0.5399066621950804,1.0495388548370381,7.308463636363636,0.7510675924830749,26.667762509990528,0,Lower-Mid,67.80617296697467,77.54653716654272,81.34172643521742,95.236930305325,81.61907481423867,50.651007670144004,64.3983308727667,27.14710955363444,89.59543193922865,49.984630566379025,10.858843821453776,Lower-Mid (Strongly Growing)
317079,SCOUT24 SE,11,0.8312858632112388,0.5785258954382702,3.4561214337508757,0.7009024795322588,0.26162759795483287,4.333270690942434,2.7933164819655585,0.6553504498423376,10.911472011048378,17.429545454545455,0.3674892479016539,90.92090351736076,8.398685822106833,-0.0839174177774183,0.7084302784583241,0.31528517793340866,10.256245454545452,0.3471449060732975,55.046917876503116,4,Upper-Mid,19.904773217172032,26.02463463225058,46.275572588392876,75.49858264220062,70.63364675943687,54.53219966229328,31.311741491454526,29.869870401930843,90.91996406002154,53.23160898445318,11.947948160772338,Upper-Mid (Strongly Growing)
318434,ZALANDO SE,11,-0.14912703229037416,0.069040168322953,1.7947561677506294,-0.05904064413545688,0.00341301154795401,3.1958192481998107,-0.09231774401717893,0.05103639497690945,1.2922459749208641,954.3054545454546,0.952115189110332,3092.734645119747,16.923015563863064,0.08236639515506934,0.7249435377415645,0.30591302438355855,52.94545454545455,0.5416368479287914,227.49642699946006,0,Lower-Mid,56.739401568952196,88.7480699587974,95.83914571527707,91.77914911749258,57.94637510029646,51.54964207992119,58.31524579613409,23.10712785992048,95.63690380606707,50.36776472947709,9.242851143968194,Lower-Mid (Strongly Growing)
318452,ROCKET INTERNET SE,8,3.64569749407532,0.6210577408546093,10.599717526502502,3.671872716236023,0.5842242560079726,11.007215717390608,-122.01437830990707,0.147751427252132,727.3188121081633,146.1624166666667,0.5983981736902451,432.9325476566579,32.93661949310789,-0.030512838647034135,0.6576914264467902,0.08620871544435031,0.0,,0.0,1,Mid,0.6505054653301245,1.0522890672791267,82.80483184276719,28.730998791140085,17.584655796225686,59.75167792196636,5.981458248135736,4.908569998585268,97.26215543683504,52.00382287720731,1.9634279994341073,Mid (Strongly Growing)
318659,HELLA GMBH & CO. KGAA,12,-0.633549608953168,0.4224391734141711,3.3649291996997426,-0.7857432715739436,0.07160244825288599,10.136642509737325,-0.5474795014026841,0.31635824974518734,3.360126878751663,106.58287062937065,0.14008371334685712,983.0395389501656,3.766351841879656,-0.03150973277803297,0.4993229409501209,0.15393286619642463,19.09064335664335,0.19827354992015805,148.0013132303787,0,Lower-Mid,62.85669352359498,83.69713959312284,98.0731343438299,74.16346655376996,73.5714391191842,50.25855083795963,60.33416785131719,40.03357304328791,91.11761859569668,48.10874676319894,16.013429217315164,Lower-Mid (Strongly Growing)
319665,ALLANE SE,11,-0.5019966193768127,0.9017074241762841,1.671737058049805,-8.755973297589772,0.39238732576010354,44.20251120619222,-0.8366671539152437,0.8326079153159316,2.899562350844524,5.636345454545452,0.0626283477347839,71.22166565329505,2.6457089742244255,-0.06355223808152896,0.00861880900428667,2.164747372074472,0.0,0.0,2.842170943040401e-14,0,Lower-Mid,19.683944244584563,51.45621340523272,87.0441210802943,26.03326362089728,54.43236233614803,51.14546771402584,28.933001091392306,15.85750657169897,88.66402869062402,48.55950146790253,6.343002628679589,Lower-Mid (Strongly Growing)
319865,SILTRONIC AG,11,0.16368925996573347,0.0040843749784814495,8.099484558667934,0.9828845054566344,0.04836412553488975,14.13321022274425,1.3043987376036914,0.15517386689275123,10.47131148277711,72.60181818181819,0.690325540807583,276.3252210142879,5.261858180318435,0.05212925314878458,0.5456639051440724,0.22316130349209995,-55.63272727272728,0.3951830313651798,279.85379890280313,0,Lower-Mid,49.54805049595814,76.57647676447974,72.98050900358335,82.32074626539261,58.64295986812712,49.307519480507366,52.16303415803753,31.4224520253832,81.88430596304858,50.27975816687701,12.568980810153281,Lower-Mid (Strongly Growing)
320124,SCHAEFFLER AG,11,-1.0002891525808892,0.8638052218581184,3.4034364572620786,-19.430015699564734,0.3944686936709847,97.82883473778635,-0.8422117865832994,0.9163925996279358,2.782149916548342,437.2909090909091,0.670235355023658,1689.1055239606494,4.139119596877849,-1.6224118145125104,0.2954132367505356,9.439437704284508,16.42727272727273,0.09609852099026026,167.57418487946322,0,Lower-Mid,56.50323378403782,72.68466780962,89.17671128486268,65.36780176499167,84.03772027614367,46.78807640219889,56.28066529345985,20.75135422292627,90.7712804737614,50.79372094546937,8.300541689170508,Lower-Mid (Strongly Growing)
320448,COVESTRO AG,11,-0.9886377981013741,0.17401282633911624,7.4945675810803545,-2.4972005127683614,0.3381169172941523,13.580631498099924,-0.7668193612743538,0.16872963392890875,5.903334436410593,355.2909090909091,0.30873731095755486,2022.039041239689,1.8873191453820493,0.012392870895831357,0.12747855781140743,0.10976233937470288,-88.2,0.20064270428449343,622.6685041944088,0,Lower-Mid,46.09781032253444,59.22524935380835,88.83917932552404,63.01914177028174,73.10830577881171,50.36702537561277,47.55233404362538,33.86962257206342,78.15865201301203,48.507411671456815,13.547849028825368,Lower-Mid (Strongly Growing)
321632,UNIPER SE,11,-2.762015132827845,0.05398074374777512,37.59296857959033,-5.524695808860062,0.031303949066960476,98.7435658516444,-1.1938703768392598,0.05054106172840381,16.793259375411818,6794.709090909091,0.12265223729958821,61352.62236078792,-2.331161608460286,0.007690861494536623,0.02512797885811726,0.1534250279877474,-185.57272727272726,0.012869818615984827,5172.826800448476,1,Mid,1.1636731201455581,57.86387629154851,87.7024581101616,65.62839431504453,1.2304493969499277,51.37291585926624,18.78565134741487,0.27554816861722037,78.85318383323262,49.30806295996378,0.11021926744688815,Mid (Strongly Growing)
322597,INNOGY SE,6,-1.8923674878347554,0.6418805135675534,4.03386891663271,-3.1941014281707627,0.44641018136044225,8.164414711291847,-2.6073795855329838,0.6838746222982153,5.3846740098907935,-2156.1142857142854,0.8697816690756468,3948.2991556139996,-5.072983595302249,0.2841522377436484,0.8213388805773262,0.5354677121599889,-227.45714285714288,0.870802417833013,416.277718463154,0,Lower-Mid,24.545279900177107,28.24676548034461,90.01230568302392,59.64417169867781,73.26953531226913,46.566902210507486,32.42231252284792,11.339989820366,64.04735757024788,51.07589733946146,4.5359959281464,Lower-Mid (Strongly Growing)
324859,DELIVERY HERO SE,11,0.8593399137390071,0.2523297709208697,5.409794116232073,-6.575013832462224,0.2545108824936987,41.213879066079855,8.972026520287347,0.8321585329735812,31.10194243593013,1247.9495818181817,0.8369219599328002,4313.745886197892,63.87759373234276,0.2855594186364047,0.6202221011572177,1.1466288642893645,-17.715736363636367,0.017000162631807144,429.66766397388676,0,Lower-Mid,36.07240323444092,39.92499205266938,89.66675257276708,68.8116781573618,80.8824045844996,46.172056261636826,41.42748820772137,4.059445725538507,86.44628811235057,55.934643366844426,1.6237782902154028,Lower-Mid (Strongly Growing)
324977,METRO AG,11,-0.3112482730414712,0.6531190960010652,1.21789755744195,-1.422246879880825,0.15783538860367016,11.320687385347028,-0.14996869248568365,0.6741386588581021,0.5775984095389967,-1058.7636363636361,0.4811238790243341,4826.925109894385,-2.2529324272819395,-0.14178946621592964,0.1468540261219679,1.1700408880184576,15.918181818181818,0.06840930348374154,192.45795934619716,1,Mid,17.46835799926653,51.85281089020519,68.23901007805286,45.08814504899186,25.829424928799682,46.61601931218749,25.741133621966792,15.938823503766006,95.07339963783849,47.558788655547154,6.375529401506403,Mid (Strongly Growing)
325735,HELLOFRESH SE,11,8.347219078789843,0.6807276020445041,31.993012204905707,22.994464751150666,0.29183444952959076,134.60308894896207,3.4122079361327287,0.6279619665767598,13.61660434044079,916.3936,0.9047704300306821,3046.581834602551,60.01266183192724,0.021105687805008832,0.012012715903355812,0.608946174679435,25.577009090909094,0.20378962437096193,179.16728943482258,1,Mid,17.355148866043326,46.298713450761504,77.85604204172193,79.80852051630933,21.515768911556886,46.333369101425085,27.410019624934097,0.7300170994391921,93.76938962767147,56.69483293182017,0.2920068397756769,Mid (Strongly Growing)
326410,1&1 AG,9,-0.8882759190176523,0.4237279881553786,3.5233734998668043,3.0028294083096894,0.2263436222065825,16.29674612795976,0.17617649291895812,0.032467408723126624,2.5245182624165907,187.1203833333333,0.7712310696358127,550.1526514820149,6.640095494614773,0.16663974239937226,0.31927154288223697,0.761470092332138,-37.31401666666667,0.3281805590301488,168.17829544604086,4,Upper-Mid,47.23880273028544,85.21676653374634,71.16618926828899,64.14757356076592,62.29414862137011,52.7130576906784,51.697754048145555,45.552366577256336,84.94133713809266,53.31567867593264,18.220946630902535,Upper-Mid (Strongly Growing)
326577,DERMAPHARM HOLDING,11,-1.0308591948829207,0.32716761805480155,5.69920387361351,-1.1360628395964747,0.019614401116342044,25.651621799453476,0.6342065967192624,0.1808364888711393,4.716151219706286,90.5095181818182,0.9678133638109763,290.9366579171487,11.568429234949207,-0.3074614084466046,0.5045382406825027,1.3688112567116837,16.75398181818182,0.6444811553555956,65.99528797141318,0,Lower-Mid,42.00515637739254,44.82833093221904,83.12347959723779,88.02185422412788,78.57028168540272,52.3478252243912,46.35545641262402,27.90565638215094,90.81369397671337,50.485590539872696,11.162262552860376,Lower-Mid (Strongly Growing)
326765,SIEMENS HEALTHINEE,10,-0.6954263309959277,0.7515833988021958,2.3040373515877604,-4.422751911156606,0.6358074251301026,15.931503210132156,-0.4776451175456497,0.5622366133614216,1.8296699488524972,1181.878787878788,0.8431213530150107,3697.046118186788,6.270922552780589,-0.05286747723292223,0.05557859997009528,0.6441125481758476,53.86060606060607,0.16352961841793764,382.5603873900172,0,Lower-Mid,58.842304322931994,70.2592076710649,90.6445248947447,82.41372468049751,71.81899324999719,50.290236739854116,56.60298471893511,24.27735478132636,95.7621301509492,51.064793781623955,9.710941912530544,Lower-Mid (Strongly Growing)
327148,SPRINGER NATURE AG,9,0.44512465330980117,0.9211187310988419,1.613222868955741,-121.3320934149364,0.06498702733292837,1655.5140975808793,0.8104904438494788,0.7392075753636814,3.2789532340686405,61.52061224489794,0.6729537350414162,260.8546442601679,6.773296615536628,-24.6737130798431,0.08044419209953999,302.59217386457163,22.786530612244896,0.6663658021326136,97.09399798362638,0,Lower-Mid,44.94365732716127,53.99928210816325,86.13145498301867,97.61291209104445,61.454697707594704,49.719128052384455,47.75681521774081,0.03643987108202108,91.60041289501306,54.52220386750044,0.014575948432808433,Lower-Mid (Strongly Growing)
328745,KNORR-BREMSE AKTIE,11,-1.5942353292564566,0.8812355575387688,5.370397387512169,-2.4569860742236926,0.8494624952707269,8.430058539998923,-0.6583842840662588,0.818630594329998,2.301099880477393,261.1938181818182,0.8651032271916259,888.032638439406,4.383334176161879,0.05847959633644602,0.4412967083821764,0.27838063563889004,12.610190909090907,0.0674781196799685,153.51123846914462,0,Lower-Mid,63.58162956180276,65.45693241385752,89.71236449296387,95.00309026154005,90.01393089688099,51.19004866175464,61.526436968178764,13.2426065136895,90.27721065759108,52.25729873808214,5.2970426054758,Lower-Mid (Strongly Growing)
329260,ENCAVIS AG,9,0.07629032489807078,0.04019665464004551,0.9824916761787892,-1.2840893282679282,0.14223001299329519,8.791317850916496,-1.7933585055783152,0.45993679648027314,6.827668224842451,39.35418333333334,0.8539881270782808,109.95610784207386,14.222408316544687,-0.08259383275485126,0.36926916337432836,0.3509380585779057,5.008133333333336,0.023857187797128407,83.71834389512975,0,Lower-Mid,13.29345857314707,16.788692968846348,68.99255971177736,66.56624186744983,46.56446997364334,43.990202510275516,22.316416705819584,32.13889701656968,89.30122354989759,48.645469929604246,12.855558806627872,Lower-Mid (Strongly Growing)
332311,TRATON SE,9,0.4101316067420672,0.3316625271817299,1.8387784576104347,1.2134221993369807,0.3486944189281816,5.305713662199139,0.33803306441861164,0.15058866623312128,2.249144765678066,3371.4166666666665,0.808562767286259,9680.770630481853,10.144584834482684,0.08378300236652064,0.7777014104880039,0.24530355741038887,75.73333333333333,0.05001045682300919,874.4017778663322,0,Lower-Mid,66.05900960818583,74.44674149627114,79.26949951555743,85.4780988635101,92.40251931204551,49.97757616458779,63.7211399256864,20.66935575146714,98.8044068537239,52.4043845982323,8.267742300586857,Lower-Mid (Strongly Growing)
333885,TEAMVIEWER SE,9,1.8197907598372827,0.5591127255592879,6.2838547445964785,10.446607178572611,0.35333237263391787,45.37722358369734,2.123393221414488,0.14944096730055284,14.182407577683357,75.1669,0.9728207126063878,196.77259169036526,28.26141948574381,1.0797271360491758,0.5744134129852624,3.678375832755143,21.51713333333333,0.9144973014020834,58.096178692038634,0,Lower-Mid,9.959801658828704,12.318778827260079,57.86063151143285,47.50596249497516,75.08920262674857,56.063077314697495,22.4616530724933,11.505978338633387,91.4343035993774,55.768335013941034,4.602391335453355,Lower-Mid (Strongly Growing)
340115,HENSOLDT AG,7,0.5474023516947876,0.6628522592998446,1.3447089148325406,-0.6275866192287745,0.007958858127689762,14.06948787395821,0.9894429023506705,0.7323852915410274,2.3123359234956053,191.26503571428572,0.9374761203648355,395.0803906500601,12.412138766324166,0.3452746781577392,0.035306429296505695,3.675088704671423,24.374607142857148,0.29094533337667283,90.37783269097775,0,Lower-Mid,56.75580846266466,85.32376662842628,91.59744191804874,66.5411586123156,70.5197188371445,48.02201153572913,56.99915039755436,23.19057441837554,91.80864852990946,50.622373148789606,9.276229767350216,Lower-Mid (Strongly Growing)
340153,SIEMENS ENERGY AG,8,-0.7482810710884005,0.32957231081247557,2.986544927679433,-3.216834754307935,0.14231280456422957,19.53828387239282,-1.1688684584344808,0.33355994602247063,4.637226870683699,568.547619047619,0.3824267799825198,2106.5527972258374,1.9601691725105619,0.04675740874359775,0.7691878315196028,0.12215574144151786,153.35714285714286,0.5411402639884981,477.6708463994846,0,Lower-Mid,45.89420831103365,56.30716509883747,76.48231116275875,65.00669479187319,87.01888832508574,45.88805905297962,49.172619072131134,37.22458842331292,90.57761539049093,49.90290550081817,14.88983536932517,Lower-Mid (Strongly Growing)
346413,AUTO1 GROUP SE,9,2.552316322036775,0.758972768724007,7.564422386471623,7.472876245285739,0.0003737051586770138,998.1081784015449,0.5171088323214388,0.6165278140185149,1.7004348184249671,628.8852333333334,0.8784031052547543,1732.522313107627,19.918353139460265,0.08606562927517518,0.00011493644337117988,20.727897000381432,0.32327500000000103,2.8608019911719166e-05,156.05676185588516,1,Mid,18.727397969655073,54.638614778489,61.71974712513073,65.51763771612383,24.062632321604568,52.80782713914417,28.579840763412896,9.038318403702196,97.21720761423816,54.233590793281856,3.6153273614808783,Mid (Strongly Growing)
347562,SYNLAB AG,9,0.8135569851044365,0.22982175248107944,4.381741801138021,-0.6609160713495791,0.004957725909768633,24.235915333774663,0.5077369750749648,0.06179126535522176,5.273872393536314,302.1730166666667,0.7399756274863971,906.9875860702726,23.317058599625963,0.44029635741544115,0.0837317044899053,3.9287509314859657,61.40280000000001,0.42238834092695965,243.94200280895546,0,Lower-Mid,53.80820341655414,82.8722048707799,90.13094631579095,61.07370817713398,73.49265881530079,48.85637997306004,55.228991980786155,24.035578385569657,96.8004433865697,50.464327337584756,9.614231354227863,Lower-Mid (Strongly Growing)
350278,VITESCO TECHNOLOGIES GROUP,6,0.908511592624763,0.6334689675230227,1.9494459575933032,1.4267862081020404,0.0874782005366797,8.238580343622925,0.7667813728400232,0.6127339875537323,1.672934617390625,20.108571428571484,0.005607441002341315,458.6086700251342,0.19631619914226572,0.03962676142766392,0.8528050487801904,0.07328365103258408,35.02571428571429,0.09132821337346625,197.93742627967612,0,Lower-Mid,59.705809373698735,82.71881044498942,91.06677307386606,83.65942036241854,64.71309822839537,49.34225399942761,58.49899260897854,19.127222268521095,93.21755648941242,49.8298072842564,7.650888907408438,Lower-Mid (Strongly Growing)
351590,DAIMLER TRUCK HOLDING AG,7,0.4486547136606303,0.19637312212555472,2.024888939090993,-0.2410038578404329,0.0052132169303869885,6.675765790895131,0.7266982425643214,0.3204495168611029,2.5674635991655896,2334.1071428571427,0.46449158503864635,6849.547126397094,3.6148157159391348,-0.07288185377287071,0.5694562511354374,0.19316090158741184,-175.21428571428567,0.05805463205553708,1454.3906361253084,0,Lower-Mid,77.23797302289931,81.12087845849388,90.34355343962991,92.29482348611883,92.43433848275231,50.862305211793924,70.21399802188323,29.292235398057283,69.01491616750167,49.75538281203269,11.716894159222914,Lower-Mid (Strongly Growing)
354519,DR ING  H C F PORSCHE AG,7,0.46101423942296776,0.18893163196042842,2.1212506939929945,0.6792254781142937,0.08252897400883646,4.728688878693292,0.11399933371381193,0.014689455986969963,1.881176100319631,2709.142857142857,0.9453378642455719,5572.7347955955,7.630408277833656,0.011715028328342373,0.400182096953827,0.03703774275506183,699.5,0.7136617470911781,1656.0426027251883,0,Lower-Mid,42.95490128242344,48.739383740733835,96.89306896726173,73.55891248493676,72.6312040399755,54.36039296874178,45.18040911560615,17.19718577300355,41.483683615018705,52.54700696672682,6.878874309201421,Lower-Mid (Strongly Growing)
355804,IONOS GROUP SE,7,1.0697218581778403,0.7549887052103655,2.462241452219954,-413.79490678680395,0.15700212071553626,2088.6341621481665,-0.36824131219168965,0.1480894635494202,1.9138170756370714,119.79846428571427,0.9667475939261269,243.68269918297858,10.080663906279241,-29.554761855459336,0.1561182536172921,149.59966385429038,39.94610714285714,0.7793515217474462,90.4977463805546,0,Lower-Mid,11.253006864913646,15.533402852461853,75.24955794486816,33.45042594130321,85.54650085866291,59.15475437175465,23.784901039387584,0.009965326113886072,93.8756977808768,48.839601654080504,0.003986130445554429,Lower-Mid (Strongly Growing)
358679,SCHOTT PHARMA AG & CO KGAA,5,-0.591496557288598,0.8773030349061104,0.8930841939903222,-1.3506627926575878,0.48447193938123456,2.744274943095907,0.9721526029538592,0.6358118199172683,1.7241900817293174,99.5658,0.9654989324891768,143.3010215837975,13.133840565512633,0.02780581245012455,0.7412409341909099,0.04567419372403018,9.409799999999999,0.2814242001090615,25.08503264179659,4,Upper-Mid,47.54776920355812,53.74318355372203,69.2564313476628,88.1496444720803,88.03009937700564,52.56263023752117,51.78722374592653,20.740913400768118,90.80999045444176,51.65075298621782,8.296365360307247,Upper-Mid (Strongly Growing)
360887,DOUGLAS AG,5,2.64162657546941,0.7826942755456759,4.22270112687506,13.757069985987025,0.22758784376493232,40.78180219934398,2.7505162680335276,0.6899824917532128,4.682849284563041,341.0900000000001,0.9133619250728053,504.7339679474724,8.32359075821767,-0.33821184055338294,0.018479054135484944,3.5185517006677482,49.03,0.6326511218043358,87.17556079544313,0,Lower-Mid,45.58208911486827,66.48696671150941,69.9093235150299,59.49785384568557,79.4510879874246,50.13650424511483,49.397677570931435,13.67599826406648,95.1029722729046,54.14350909688727,5.470399305626593,Lower-Mid (Strongly Growing)
