gvkey,company_name,years_available,roa_mean,roa_trend,roa_trend_r2,roa_volatility,roa_change_pct,roe_mean,roe_trend,roe_trend_r2,roe_volatility,roe_change_pct,ebit_margin_mean,ebit_margin_trend,ebit_margin_trend_r2,ebit_margin_volatility,ebit_margin_change_pct,revt_mean,revt_trend,revt_trend_r2,revt_volatility,revt_cagr,debt_to_equity_mean,debt_to_equity_trend,debt_to_equity_trend_r2,debt_to_equity_volatility,debt_to_equity_change_pct,dynamic_cluster,dynamic_cluster_name
17436,BASF SE,11,6.803446973932295,-0.5203910451744728,0.4618113988120526,2.421572580770398,-64.08833781231532,8.301706785873627,-1.73819822403739,0.5355901335057,7.510745009251506,-80.46841244273664,7.903354165011725,-0.5584299133540365,0.5278355347349147,2.430632843352111,-53.90885366697255,68002.45454545454,568.4818181818182,0.0421233437103441,8759.012785423172,-1.292391284636929,0.4459580365041469,0.0097837186024905,0.2377597872626454,0.0634504565513288,26.509811720391617,0,Stable (slight decline)
17828,MERCEDES BENZ GROUP AG,11,4.697587413439469,0.0712214336077651,0.0175524982183258,1.6999699420134695,-3.717669062669517,12.930611974956344,-0.2460329527987466,0.0339530518571631,4.2223465039431725,-30.88547313525012,7.871312396466697,0.3217632319941527,0.120065131444565,2.9364862071335196,20.022429244304988,152188.0,90.5,0.0005314302406127,12414.391787540197,1.14927981301447,1.1236691499168272,-0.0482667340187031,0.2923550288058378,0.2822881378704172,-31.262482635532017,0,Stable (slight decline)
19349,SIEMENS AG,11,5.12082444598945,0.0538678229095949,0.0395748926252471,0.8562873951571512,15.358993484005149,13.442821583450542,-0.2601259080517099,0.0860490186567282,2.8042107404142556,-5.774957229389174,9.23215955718488,0.4274657300079713,0.598083204742289,1.7479157657238145,53.99580576489752,75020.18181818182,-562.6545454545455,0.0435183113190721,8529.1512187554,0.5440493330430618,0.7692208508976304,0.0241899644816271,0.3019287786716612,0.1392140203350838,29.102049338939494,0,Stable (slight decline)
100004,ALTANA AG,11,8.552439462991073,-0.4294549207168278,0.7007472582499218,1.6223213352994577,-34.2573579864831,7.3639326787025645,-0.5452305191279143,0.5225549415582613,2.385141658824102,-47.64855032934181,12.192580268712032,-0.6327483285192007,0.7372969057825468,2.3302890849247295,-34.4553751701227,2424.202090909091,112.35146363636365,0.8245511120904775,391.2640478104163,4.962984628067524,0.0861068129512804,-0.004314428789918,0.0480223794700095,0.0622589035096274,-30.800451535291547,0,Stable (slight decline)
100010,BAYWA AG,11,1.0760727297497403,-0.1153368991132693,0.0353261348496529,1.9405293236001877,-444.87545369743134,4.46094690660187,-0.4888101135873404,0.0464853364703414,6.511921668935425,-237.46625711927632,0.5108603608703218,-0.0393191042204327,0.0159681156400033,0.983958497145008,-589.7726551839822,18602.233545454543,993.285990909091,0.6815896952618818,3804.6332794286823,3.369252419736979,1.353386397400948,-0.1564983842852986,0.0246111360328053,3.154598029706818,-803.8182983562943,0,Stable (slight decline)
100022,BAYERISCHE MOTOREN WERKE AKT,11,5.4662121504946635,-0.1073013651399636,0.0679274652783424,1.3019147361570051,-37.114171413689874,13.23856649438029,-0.3146579923066314,0.0580401173337297,4.130233704730176,-49.30636750599546,10.571835835391742,-0.3216470686221346,0.2149450768542422,2.193895041339535,-38.58334507412832,110712.36363636365,6683.054545454545,0.810457656858978,23475.229185724984,5.881175402100247,0.9535338916237036,-0.0543750060409246,0.6511705363045719,0.2130845429629302,-35.8329465234413,2,High Revenue Growers
100042,MAN SE,7,1.4116562625585118,-0.4479385377431797,0.3473934944149411,1.5199789832710475,-200.3502953070903,3.0057488951795284,-0.1602804069424386,0.0034801388179421,5.433906335897462,-402.5763722377033,1.9189217120997009,-0.6133146416011801,0.2698697699082266,2.3612186724961832,-236.4390400248638,13071.285714285714,-495.7857142857143,0.7008141040379622,1184.4659693942504,-4.499330360890596,0.1868766168301098,-0.0176848917488909,0.2559244660040981,0.0699159879053883,-58.78330805953386,0,Stable (slight decline)
100054,HOCHTIEF AG,11,2.8052326136058485,-0.140849868506254,0.0301158991903557,2.5666020009856867,1705.735366951189,26.59624425724833,6.083255581648264,0.5480483281186025,25.985234156541445,651.4194878239471,1.831392058294786,-0.0672083220746791,0.015951066538431,1.6827832852108888,1826.2165992748376,24279.760818181818,892.2464909090907,0.5967033578690626,3652.6293771794976,4.185843296378322,3.1732162286439607,0.5610995548342446,0.6963027607723038,2.1263799353333384,372.8458838472485,0,Stable (slight decline)
100080,BAYER AG,11,6.775343695721051,-0.4288697186165794,0.476740795898359,1.9641932955671328,-63.987882255533094,1.009689439386699,-2.7608516899841353,0.2242434966762056,18.436698304190028,-146.93744076391252,15.353844152438668,-0.245515221629714,0.0617144980740626,3.125250421271386,-48.48795961157053,43994.63636363636,535.8454545454546,0.1672992559745073,4142.786442013664,0.9887089806627224,0.8522013660974757,0.0530582595289678,0.4464733623542867,0.2511049206481051,23.335606216571367,0,Stable (slight decline)
100083,BEIERSDORF AG,11,11.37590449148322,-0.5141279617984581,0.7410026651051637,1.888692863960416,-23.20029376056743,11.916168762345826,-0.6823819037512362,0.7678657660515291,2.462548815089021,-26.177894507921117,14.049164888896264,-0.1521733838461118,0.2707791238919422,0.9247644127600778,0.724605993275149,7673.909090909091,326.76363636363635,0.8449818090711269,1124.1131821489294,4.595522763056659,0.0017534394388993,5.913830031739115e-21,1.1375123894502605e-35,0.0055448623660896,,0,Stable (slight decline)
100102,BILFINGER SE,11,2.2000359594747576,0.5695337436079179,0.5407423370573197,2.449200127145734,194.62750193191175,1.8080667536364472,2.216103725208977,0.5646084230355811,9.326450882408352,699.846816805212,1.615433876525352,0.4126368727273161,0.5153294296066725,1.8177140365653564,161.5431525721216,4725.845454545454,-203.6027272727273,0.2851087648468285,1205.8084050760576,-4.150858180766304,0.3048823248887457,-0.0003944378488468,0.0001158563550433,0.115882712176943,-8.37133483303578,0,Stable (slight decline)
100103,DEUTSCHE LUFTHANSA AG,11,2.370871832914195,-0.5617290508643753,0.0844649129731547,6.112075571426645,-19.81877137121218,-35.58982940666312,-6.387833899167409,0.0186117247777649,148.06769098685936,766.9705896252424,-1.2973058985597268,-1.2072062234489331,0.0364841925698212,19.98614785759215,-3.9651650091549007,24288.545454545456,46.86363636363636,0.0004661649346416,6863.824700606882,2.5721015688386695,1.930781206967648,0.1415842966634732,0.0352363174126332,2.385172706027584,-26.85213720638473,0,Stable (slight decline)
100301,DEUTZ AG,11,3.219397914671674,0.2119741512533453,0.0364796336014217,3.509600402398492,-15.024818271101203,6.00918468640487,0.2092975066329128,0.0045561166212163,9.80542988594786,13.507956393932192,2.400441193290326,0.1662702930658463,0.0355941306440361,2.7869261922681132,5.012440772888169,1625.4272727272728,59.577272727272714,0.4760333806359712,273.06240742201663,1.7142322953800138,0.0947608522973117,0.0011600859009051,0.0090362805686425,0.0385918230813965,2.942491577377513,0,Stable (slight decline)
100312,RHEINMETALL AG,11,6.519314791513321,0.578396508408886,0.7175370644572376,2.1592528069765526,467.18306699968474,12.240094005446185,1.1620389357177765,0.3281579411565578,6.414742398592563,1608.7863247863247,8.274576926965455,1.0327341372410506,0.891806426079012,3.4582249060277586,642.0599002109036,6240.181818181818,317.83636363636367,0.6255426776159074,1270.7938691429226,7.598484724871546,0.3858867130207096,-0.0097122896474868,0.0433510698054129,0.1475100859710875,-31.89059678914752,0,Stable (slight decline)
100368,GEA GROUP AG,11,5.7786261705769455,0.3449355390204477,0.2593886434230235,2.1417188718681035,54.65489650908207,9.47855348635353,0.8172597569698119,0.1320900259650116,7.110908680532153,45.19332000254839,6.991296698941719,0.2639485037882495,0.1260541894012099,2.3509346797945727,33.220670100387345,4837.961,87.73794545454541,0.7485932492329053,320.67455977361215,1.846141977168525,0.1115934977694545,0.0018460692198529,0.0053505507879814,0.079808424196871,-70.84473637799097,0,Stable (slight decline)
100373,HEIDELBERG MATERIALS AG,11,5.761663669584831,0.2997665976612031,0.6970450987441217,1.1354102219757254,60.34740649059337,5.702748084623324,0.4437188060540137,0.0385657273999048,7.145079612124689,83.775977556858,11.018754320895209,0.1930399733021765,0.2133822877909014,1.3215027318979151,26.596033447872212,17764.090909090908,855.3354545454547,0.9045646146825234,2843.9154262628026,5.321263252377473,0.4784087759875354,-0.0095685718313542,0.0713908523328955,0.1132467736389249,-20.21614501083334,0,Stable (slight decline)
100431,HAPAG-LLOYD AG,11,4.042811583665074,0.9748126445297076,0.7896426036906279,3.549451813361265,461.8339115336119,13.6925179635502,4.526882045332825,0.3993851365147645,22.651826648539384,179.499809492164,13.186904514246134,3.2416051113864057,0.3898563721220255,16.417528918537297,528.6207106802818,14919.072727272724,1855.957272727273,0.5687827111004545,7782.063680738829,10.874428478067657,0.5569546653026382,-0.0693806909700519,0.633443062615315,0.2756670308819258,-69.00666753552869,0,Stable (slight decline)
100449,KUKA AG,11,3.045955857054422,-0.4631867169898605,0.2589915992437451,2.878148896773809,-70.8915090372625,4.680259502861583,-1.2210333941050815,0.2939770766941251,7.121489005938096,-131.7704418297738,2.7159427195515984,-0.3609448678611461,0.1669782325181009,2.7932572925293893,-66.9889931735091,3224.281818181818,130.22363636363636,0.5638096764752917,548.4329706589358,5.941448534420446,0.3109443000222663,-0.0136293182740444,0.1581843952579373,0.1083658181218292,-66.37271756425292,0,Stable (slight decline)
100590,E.ON SE,11,3.377730428602197,0.0340285424076046,0.0022315220865026,2.2779424713954035,118.01521906386417,-28.258151072381736,16.28362400704672,0.1082743713174513,156.4905909234999,309.1706500666552,5.025548404611071,0.0930690797332772,0.0073911616421403,3.423332392383334,164.51566099312836,73670.18181818182,974.1454545454546,0.0092763719116316,31984.144017190716,-3.0948670455667293,1.1720690212658085,0.4619599543941336,0.1518572319169929,3.7487509618182178,197.70650630663783,2,High Revenue Growers
100609,CONTINENTAL AG,11,8.099244668406842,-0.9386322634986553,0.7222590861166057,3.492600976314973,-48.74433786739385,10.02342610476862,-1.9999289570596204,0.3588278342991959,10.557753224576512,-63.43276728654893,7.330590608294779,-0.7538652456830095,0.7364185025449633,2.777994466503304,-45.56988405250439,39928.67272727273,38.436363636363765,0.0012213128285132,3477.994044662922,1.4169969075610744,0.2767243155684359,0.0041583165930926,0.0132389431498743,0.1142854368260212,-39.75090160620336,0,Stable (slight decline)
100676,TUI AG,11,0.6366826106776556,-0.6537878863754826,0.0770570550665644,7.447845619031899,2.8038911254423913,59.996928289063554,11.53917396558498,0.2440596410208856,77.0798173137421,1118.1328860974595,-3.896236951709436,-1.2031531958403563,0.0630841057705388,15.148197311994114,3.1199857220263256,16904.663636363635,-147.50818181818175,0.0077558518186881,5296.6510066220535,2.157264528861091,-3.504016740944321,-0.8554466557067674,0.0790079688797132,9.62404143682412,418.0003613987135,0,Stable (slight decline)
100736,K&S AG,11,4.948687877645441,-0.0731814294916662,0.0016178148930955,5.753557715786718,-105.88301562328442,1.1681520213355912,-0.3968782796131676,0.0017869634139065,29.689268749862983,-111.2183004836554,10.343243640446952,-0.3133395064661238,0.0095173207119978,10.156821098713303,-107.3284467556836,3821.6454545454544,19.732727272727285,0.0069321827334495,749.4663050993947,-0.4501759328066512,0.4217605886663886,-0.0414674072336915,0.1982946712224481,0.2944769863945724,-71.16369299360177,0,Stable (slight decline)
100737,VOLKSWAGEN AG,11,4.132624615736955,0.1759738510613116,0.4019749260923289,0.8777051696596321,33.28434091305268,8.32102631704011,0.1936288876674181,0.0270984220747078,3.719616359472993,-48.98936079182917,7.989736942840811,0.4229811248683181,0.6087469152289842,1.7143622738765163,49.78334588003979,233832.88888888888,7516.733333333334,0.7538563866418271,22353.17429829322,4.100731341649633,0.8048503326326579,-0.0014811092179576,0.0032703375886352,0.0819012993486384,-1.1030449722979068,2,High Revenue Growers
100746,CECONOMY AG,11,2.962510602304103,-0.3118494264262327,0.6535841014263725,1.2198156751662448,-49.466100887624606,4.548094360576955,0.590690363912066,0.0086738021687732,20.056499168889847,478.4776902887139,1.272187279932433,-0.1293155919597767,0.7194935357172966,0.4821003469264098,-48.63033989448749,32213.0,-4209.045454545454,0.5994903095030376,17190.659260720102,-9.812161164028998,2.0525468072588695,0.4261993072051868,0.7054665713415734,1.6046285672638447,354.7870349577064,0,Stable (slight decline)
100764,SUEDZUCKER AG,12,3.9265857631145944,0.160654445119325,0.0465616926107145,2.5701339738968767,-54.085154304524465,1.554335496381949,0.2952630618997704,0.0096937291232198,10.352400734362153,-133.77974225980378,4.468448766250712,0.0675651049853174,0.0074100469547559,2.709501349522008,-60.140878158118085,7628.525000000001,278.12972027972023,0.5158186354006954,1336.830300327981,2.0732520626496553,0.3668510041174939,0.0351325720879416,0.779531077205346,0.1373632712811974,165.5640209916709,0,Stable (slight decline)
100953,RWE AKTIENGESELLSCHAFT,11,1.9991365047010767,0.2480265236819127,0.0804159102976879,2.7658405214599946,102.81374316725103,-10.192442687293273,5.284303510812511,0.1270851613799514,46.87489755067454,13.450538397781306,6.505019626155348,1.6612269284570662,0.2201878059582597,11.19521221450407,340.6503467072987,30401.18181818182,-2108.881818181818,0.2676152840860624,12891.302098125074,-6.241995317139281,1.1420589815499336,-0.2549287027279127,0.4153687044273385,1.2508402566732175,-68.95832133740795,0,Stable (slight decline)
101059,AXEL SPRINGER SE,6,4.810474070542757,-0.0882057778586577,0.0273664931164381,0.9106067374242528,-36.39244947389417,10.837661397502188,-0.7843262341505066,0.0688400037433492,5.105281551929277,-28.651530455780502,9.411681448750278,0.0511118990090369,0.0026465218894213,1.6967883393440708,-23.454588214811835,3246.4166666666665,8.597142857142808,0.0076021389213806,168.39517428424784,0.4837915552680316,0.6211293907452433,0.0658186148180906,0.4350350432419456,0.1704237103777891,89.20082050740594,0,Stable (slight decline)
101120,AUDI AG,10,8.267379414852572,-0.1765924632948189,0.0591114231203566,2.086235980605714,-9.6245771177905,16.77631250708827,0.3360099725213976,0.0389506634807454,4.890144715201467,-20.376904569722186,8.98996093704665,0.0229368033397053,0.0011104428507367,1.9770231696722915,0.6568773380183304,58123.9,622.7575757575758,0.1165194377230683,5240.187218983689,2.948556180753359,0.0087889736131242,-0.0016069696213261,0.2753350218604008,0.0087963785953125,-100.0,0,Stable (slight decline)
101148,LECHWERKE AG,11,3.2964541209177485,-0.5832397455941732,0.7030878006977734,2.1995930084700666,-83.00048643428467,20.63601225464834,-0.4364245345429974,0.0366753096649418,7.206464683998575,59.12850030227291,4.100690998167347,-0.6126584818850448,0.5935064248640239,2.514813239645769,-70.86125721426977,1511.3570909090909,-6.372154545454549,0.0032850618714805,351.5721974912265,-5.704406556061259,0.0033454899558803,-0.0011097331706411,0.5734104517223242,0.0046343172968519,-100.0,0,Stable (slight decline)
101161,GELSENWASSER AG,11,2.1003878199302477,-0.2251869004239354,0.5627124993858171,0.9492920461609284,-60.61955574573301,12.72293183260966,-0.1656099226230269,0.0902167887868568,1.7435831846248306,-14.328357625683594,2.733816285891324,-0.4502665998258409,0.71700574335755,1.6815446961912393,-77.04348158749312,3307.118181818182,634.6327272727274,0.3195564693443408,3550.165974562619,12.617147819605234,0.1637987803686544,0.0255365378390149,0.8287809000643339,0.0887037846200797,242.2211131333899,0,Stable (slight decline)
101286,LEONI AG,9,0.3740754127801988,-1.6094285211425592,0.4392066925078743,6.270347201124659,-152.34206109017617,-1.273069205798663,2.8259160867436663,0.0102455742882065,72.08509561390623,1178.6700310626843,-0.0023034816226023,-1.0817639148309188,0.3797682293272282,4.532392851504088,-142.08134899883245,4694.795777777777,85.58336666666666,0.3256418439590064,387.23413571171005,2.738246026454627,1.449932512551471,0.2860922980683059,0.1230760052538784,2.105590152900799,-335.909935133376,0,Stable (slight decline)
101390,KSB SE & CO KGAA,11,4.939089874434343,0.4909513596791147,0.6693411049499702,1.897643901016072,139.28882264894403,7.091522641581273,0.908902146672122,0.3375409282403176,4.9471366766516445,96.56155764124271,4.860317169778664,0.4410495948978004,0.6351689798383956,1.7500190953048027,121.9232754401912,2406.461636363636,66.11860909090912,0.6611164574392494,257.14893188835595,3.1047074705184308,0.0834515809931574,-0.0161487847205288,0.6537568565391042,0.0631584868476493,-84.97873438299285,0,Stable (slight decline)
101768,MCKESSON EUROPE AG,8,2.4533366699728902,-0.6210729632826416,0.7340577515866493,1.660952302316648,-71.10879069055186,-6.095570139074264,0.1484828140766206,0.0004273139008541,16.45819982702202,-221.72245733317664,0.9191875978222432,-0.1918323671877828,0.5935207828580938,0.5705366821312954,-54.594430029541286,18721.675,-1491.7095238095242,0.7100768386679762,4056.124161607359,-11.817815281051235,0.4263718793040719,-0.0130024177704001,0.0381173395131851,0.1525957638036961,-82.19295059650045,0,Stable (slight decline)
101937,DMG MORI AG,11,7.152888204980872,0.0015994060529243,7.268328986588069e-06,1.8760372052470016,16.906018063604446,9.49174965435413,0.0900149458826342,0.0085024811211482,3.0870366572228707,22.847593257360497,7.437736545213668,0.1674330152457276,0.0895705462111298,1.7691248671833464,33.95114420472602,2328.3740909090907,-3.5553454545454564,0.0022193581971699,238.6536629448451,-0.0418039946547321,0.0287294425066888,-0.0006305358425151,0.0343632074558301,0.0107563006290535,-28.900447840418604,0,Stable (slight decline)
101942,HENKEL AG & CO KGAA,11,9.803723094817125,-0.5473890250484145,0.7328551278800158,2.022027325018474,-29.656732923129265,11.01748061344136,-0.8900168753756615,0.7182492289534603,3.3209371542503607,-34.71804845355368,14.310702894839686,-0.4888991048820371,0.462906634716724,2.2723359500604876,-9.927632833917407,19826.0,454.2181818181818,0.7859325624624647,1620.2121073264675,2.768199524629389,0.1212947144752504,0.0002776439271286,0.0002703952541836,0.0533935314688991,3.327115518409957,0,Stable (slight decline)
102175,PUMA SE,11,7.582555550964835,0.4544062830161389,0.3369182892151099,2.475608893946828,67.94892839680648,8.918966807945754,0.9549101070945898,0.4782553307889231,4.3664911104027375,147.8314569863978,5.9325934243640726,0.391754667762913,0.4490329312309677,1.8487367888979096,58.52833813366215,5654.209090909091,641.1227272727274,0.9443535478418252,2086.286099292035,11.48801643807753,0.287786012841684,0.0696095974255026,0.818845457431281,0.2432585703615292,,0,Stable (slight decline)
102187,PORSCHE AUTOMOBIL HOLDING SE,11,-0.1396586741483258,0.0159741876314992,0.56159872764185,0.0633752558231507,73.11627623640679,2.4650697879567685,-2.5967060005961065,0.1840660401081277,19.13973616638921,-655.3361939658851,-63.11466137433408,32.72677591739596,0.6152330108696142,46.64857851840558,67.54822032213164,32.90909090909091,-0.6090909090909086,0.0016329574390687,47.66446083243029,,0.0378738182166296,0.0147928826096282,0.5067588575558716,0.0657131274275644,1985.3212088413009,3,High Growth (Volatile)
102218,DRAEGERWERK AG,11,5.148272491969634,-0.1152195521788387,0.0096662307774841,3.705933339365996,-28.726461170552408,7.857455168380427,-0.117216317887084,0.0028543837847338,6.937961603359535,-30.814803148892356,4.779128559466185,-0.0983457186356176,0.0074382390477104,3.605955745076188,-28.72141332264037,2912.71,105.70195454545453,0.7865650653614815,376.8909343290901,3.307194713782824,0.1993907715335234,0.0014642215356013,0.0249807325718796,0.0292957219523167,-16.050101857464885,0,Stable (slight decline)
102250,HUGO BOSS AG,11,14.794008032984992,-2.0756674726259097,0.5312332720385037,9.0056516880906,-67.1998513541193,18.538667262975597,-2.35840137876336,0.2005834425216645,16.652144841586715,-62.09475554123409,10.54384051135264,-1.0818589936119924,0.3016191640118827,6.229327927340647,-55.427911834630216,3033.9944545454546,148.78242727272726,0.4725670221242389,684.4156536318029,5.293216867008144,0.4949577767860419,0.0804134634110229,0.4952197177290063,0.3613514514168895,299.5080229747432,0,Stable (slight decline)
102259,SALZGITTER AG,11,1.464925379929405,0.2425631096324934,0.0624749187341341,3.0688234326870543,201.6412726110489,2.9389664585408295,0.4396216932471753,0.0198004414604333,9.879652699773866,-555.3506053664051,1.3421683351680505,0.2299054776241522,0.0540409228061145,3.12743246736783,213.0930657284823,9314.90909090909,248.7427272727272,0.3128244520996993,1406.3714629270378,1.0259583404228725,0.1478326086126313,-0.0008074071351662,0.0016087280574587,0.0636577471491623,66.94280332027446,0,Stable (slight decline)
102365,KOENIG & BAUER AG,11,1.8787996273298568,-0.4366784144383723,0.1655044129846432,3.3943524551366657,-277.36688579535576,2.8838728112849967,-2.6122885609215176,0.2841351816932342,15.497392872288644,-9719.65496368039,1.7117687806058923,-0.4195442744605714,0.1259132280354157,3.7388851049591225,-314.6716101694915,1171.4272727272726,15.75545454545456,0.2958830221485857,91.59482012854312,1.4816126053164735,0.2465109722110293,0.0723141654031898,0.7636331928667428,0.2616862956187257,2074.4040412775307,0,Stable (slight decline)
102529,PAUL HARTMANN AG,11,7.670546494606385,-0.7493667234037724,0.4977703673921417,3.358767051074761,-51.19155466057313,8.644680344060705,-0.5853710514848983,0.387517575423231,2.9736204803347777,-14.924091408449073,5.497132079050123,-0.4151692876159462,0.3641046854659699,2.1757654946076697,-36.84741324220111,2186.3423636363636,57.146572727272726,0.8851123522633042,192.08391048340064,2.658418145785313,0.0922042431095674,0.0146937176996934,0.3648682136651381,0.0769243219000874,76.17258562289842,0,Stable (slight decline)
102926,KWS SAAT SE & CO KGAA,12,7.754487342638941,-0.0542168598339552,0.0095239205621648,1.9178024705822896,-18.46827835661843,10.750687283127748,-0.1752032661968561,0.2152782996777109,1.3035253054290594,-28.636042629901276,11.792261065601636,0.3430504854413148,0.2601714579267075,2.321697365742639,21.399024552319528,1313.68675,71.37131818181817,0.781168040698601,278.75898861565133,3.2607676748961367,0.3424004137756101,0.0206065866592523,0.2280956492331539,0.1489446659600383,47.52247180596005,0,Stable (slight decline)
103176,THYSSENKRUPP AG,11,-0.2252427612243678,-0.5167523754261211,0.1298521598071634,4.5347974411111105,-132.7842780624863,-6.990056373919825,-2.506352022171679,0.1721365252784807,19.10317492243626,-2051.974851299176,-0.6212833815356219,-0.4866538935409117,0.0864331602732358,5.234557877932152,-131.44797585893485,38017.818181818184,-612.6727272727273,0.2160515719402353,4168.2123226800895,-1.6309588910294104,1.4339077117096295,-0.2776121662434845,0.5372776795967791,1.1976753069035546,-96.87823686672004,0,Stable (slight decline)
103200,FUCHS SE,11,18.220578259955246,-0.8044010982653266,0.706089156464916,3.027212331681872,-28.006666485512177,17.873826885480753,-0.9671404591006388,0.7334047185175943,3.571229019297288,-33.65873222676255,13.52280613988247,-0.500585552284974,0.8460569672791027,1.720990638278342,-22.05696273781379,2686.4545454545455,165.31909090909093,0.8894279618296321,554.3290249787434,6.568063890012454,0.0072594705005356,0.0023160555473562,0.7798908507793654,0.0082933894204202,,0,Stable (slight decline)
103255,BERTELSMANN SE & CO KGAA,11,5.697183789746675,-0.2489912988129421,0.6123139128183631,1.0062296421159105,-19.709840312504213,8.512891628761055,0.1275441398649284,0.0142948890466615,3.37341766600993,138.1236556441103,8.579249587863233,-0.1208089383874509,0.0868021911186793,1.2966827217756016,7.962135325790334,18102.18181818182,326.03636363636366,0.7409880899708078,1197.7341348777031,1.2952964931802755,0.5563722817406862,0.0019658947252806,0.0030580597272114,0.112418367858509,1.420381153367929,0,Stable (slight decline)
103269,KRONES AG,11,6.228929848773555,-0.2356034309133627,0.1161914861272069,2.18571965270438,-4.00384645882155,9.994499455594582,-0.298836376110745,0.0213668752673752,6.464917004407088,4.749942012491712,5.45257692284983,-0.1225563235537076,0.0440725185317283,1.846085409978013,4.889049165205562,3883.456090909091,180.38554545454548,0.7335807769984016,666.0054188774163,5.998638804630629,0.0292979510365273,0.0073539985654163,0.765686684395933,0.0265765127088697,19495.954714200045,0,Stable (slight decline)
103487,SAP SE,11,10.406057697935976,-0.3482757878037578,0.4290588683780327,1.6813759914151738,-11.620618171284304,12.424764987927006,-0.846378100394438,0.5137349003268631,3.734176852727251,-59.11890243902439,22.140029613087105,-0.4645395458999519,0.314716034555312,2.6185643794031623,-12.589886466613772,26142.636363636364,1477.7727272727277,0.9724345946140972,4738.898937569345,6.885716278324261,0.302789846722518,-0.0196985455204344,0.3181730032178102,0.110433922149667,-67.70356772816949,0,Stable (slight decline)
103533,SIXT SE,11,7.182680766820573,0.2719912995096294,0.0998553471581948,2.7218823476183363,25.082004385907368,14.924129605763198,-0.2381992465502712,0.0064281820156281,9.39498953578782,-22.75413773207608,12.677686308103745,0.5912889286057662,0.1294615659913712,5.196720019806499,30.4885376366479,2702.7525454545453,151.97718181818183,0.4368439228342471,727.135315111964,8.341544994393256,1.32140995082005,-0.0393171292205124,0.145132127600938,0.3263623253891561,-15.019147495792524,0,Stable (slight decline)
104357,KABEL DEUTSCHLAND HOLDING AG,8,19.027584017945436,0.4810455411491931,0.2590012466878819,2.165782887624709,28.339130972566046,-46.27154633677464,-14.108442089024706,0.9060577399511472,33.96102380630971,-2721.8318314743224,26.054129065162677,1.0855360562517546,0.5146961303863439,3.466956984909801,41.743233437454144,2306.774125,104.99522619047622,0.9618456152186776,245.29941949250383,4.761510509880074,-2.896437372619709,-0.4984373454168558,0.7976576398854591,1.2787391491593278,-301.2671449285881,0,Stable (slight decline)
104364,TELE COLUMBUS AG,11,0.9041045774364352,-0.8304749008107997,0.7187521359781405,3.097682749679195,-181.9590307708669,-55.985872519142255,-18.20612123177637,0.4079383993420505,90.1405360801887,-1522.751442257544,3.167412353007843,-3.429749501525803,0.7175103964694044,12.804077747089975,-227.5487489867641,449.849,16.125654545454545,0.2898512723683512,94.71739522773666,7.530053359801503,5.095306190835914,1.4792986190844468,0.4195337285263485,7.222248226951827,500.5136116752043,0,Stable (slight decline)
132740,INFINEON TECHNOLOGIES AG,11,9.321459021479988,0.2870969951901391,0.1225580461568498,2.5933296936319956,12.134262066173124,12.760888582601684,-0.0881942180062271,0.0047208307056902,4.059110747218443,-12.004847866300931,15.8014569687497,1.045090374696417,0.5495697063287116,4.458024544544817,44.0928847147503,9489.818181818182,1158.4363636363637,0.9049568169853968,3850.864644777416,13.221855279125116,0.3203881515575767,0.01543462086916,0.0934133431224211,0.159695069794037,634.1201329657034,0,Stable (slight decline)
200759,BIOTEST AG,11,0.5965655316592879,0.3720188138298089,0.057678592365631,4.898437567891242,24.260961428084222,-1.515593316184197,0.9464012996599582,0.0621037346218214,12.00926613767979,24.389956661013755,0.8108040294160935,0.7673929856368608,0.0657785826367912,9.461839340286271,38.29882177603616,531.7181818181818,12.262727272727274,0.1335630061351017,106.10698561684906,2.2382309038040837,0.9816267302212754,0.0575416895114349,0.4114342330832529,0.2836824031380585,76.57140117358924,0,Stable (slight decline)
202305,FRESENIUS SE & CO KGAA,11,6.546590379698751,-0.6014501900591713,0.8343323599606017,2.082236822640107,-47.48641187127944,9.799636115830904,-0.9208599646824854,0.6849594788227638,3.518529138538728,-53.350326027414866,11.396366277663551,-0.8000602505664848,0.7836426553184879,2.8580094477362175,-39.00782759159629,31048.545454545456,154.43636363636364,0.0060106866678194,6299.230824093256,-0.6187280154999142,1.0990385599962529,-0.0532828774490867,0.4034613332050313,0.2652691284320109,-62.56034739120818,0,Stable (slight decline)
202807,JUNGHEINRICH AG,11,5.959058077690744,-0.0283494976930752,0.0414597768357182,0.4402829708504577,-4.891564917585716,13.06320137532348,-0.1395266150838682,0.1032175885530459,1.373346750023951,-15.095135723020531,7.559098436626113,0.0445259769359367,0.111299857550288,0.422052184780755,3.316393408177144,3944.616,293.59217272727267,0.9498013587460152,952.6383915262056,7.998774371287021,0.9820802627437584,-0.0075606434280524,0.0369381955841005,0.1244001540818191,-7.195605504423192,0,Stable (slight decline)
203162,HORNBACH HOLDING AG & CO,12,6.284134356642643,0.0099961703329227,0.0010304542306551,1.0749708563585976,-14.26982561006053,8.017898118899831,0.1175485355378016,0.0455085459270008,1.9021647923815408,-5.021258006253347,4.505985183943078,0.0479635320535832,0.0381704957554533,0.8474706230734292,-9.000717638523295,4818.732583333333,300.62554195804194,0.9537209001713012,1062.6558132060334,5.700666311818847,0.6839974170937885,0.0236109150957127,0.2367144168117239,0.1675243188341291,5.2306642912969314,0,Stable (slight decline)
203586,VTG AG,7,4.154110157571222,-0.0564983432929061,0.1024178869064047,0.3530838091486561,-11.098193673728572,6.6345486017110575,0.1671483538749756,0.0135064739357098,2.8764783335066517,-43.79899218484617,13.22156974034496,0.9468156020376332,0.6162528051180126,2.41221462878196,65.70748997028902,1051.2431428571429,59.71764285714285,0.8505228401791499,129.5059322275333,6.857933676874439,2.504116388868886,0.1738054112124269,0.1977583473938899,0.7816743786980387,62.129874870320954,0,Stable (slight decline)
204820,FIELMANN GROUP AG,11,18.58658933798332,-2.24750460233874,0.8072379246432582,7.910424888222839,-60.99581119029235,20.18092869112753,-1.2587550865180137,0.7382161692609649,4.632863043734173,-32.32261114105143,14.69893947849772,-1.0244609249876615,0.7953593973621301,3.632567472860279,-40.22182089637161,1572.536818181818,88.3304,0.8497379344422685,303.0174881301312,6.322115167616538,0.253852988700625,0.0662283521345318,0.8183868314165408,0.2315072696227746,27707.187984617467,0,Stable (slight decline)
205865,PROSIEBENSAT.1 MEDIA SE,11,10.840441639828637,-1.1919391867484306,0.766312665456209,4.30577266473192,-57.951504508491766,24.934869336234772,-5.218874886824196,0.8045603525250226,18.39914202737504,-92.34804970605995,16.87761152429616,-1.883843921729273,0.8372530217792902,6.510533177665406,-55.63096745601746,3875.572727272728,86.72000000000003,0.4122244883773987,427.122426756096,3.141536230661135,2.4032670460442636,-0.1648307030924594,0.3925831917575185,0.8319021761290799,-45.74772513664933,0,Stable (slight decline)
205934,FREENET AG,11,7.4724895653378045,-0.2104147268660335,0.0667142926463514,2.5761235621638434,-4.1945107240897865,14.891874639274,-0.6994767420708167,0.2461055157784994,4.458744687650865,4.167261999609175,9.487206536305049,0.234163592085514,0.096690184619858,2.381377121033285,56.411944292121255,2897.447818181818,-84.33715454545452,0.6427063409780968,332.66924449445634,-1.9724543225140725,0.7698085948190981,-0.0408054075876002,0.0695104632349897,0.4894323018709062,-29.13018841076907,0,Stable (slight decline)
206703,SGL CARBON SE,11,2.2852458604300883,0.6382247124150813,0.8481775939166231,2.191443199140694,650.2733006110064,-13.024459042828754,3.8087258676189144,0.1807664101485544,28.32832190361377,35.72940012877167,3.119047800173502,0.8376659291904819,0.8439679569270403,2.883419774475507,541.0799951697716,1054.581818181818,-11.06545454545454,0.0448800842814228,165.17428161122763,-2.598863738336077,1.2023155479463696,-0.131353780862764,0.3216184148532689,0.7324401187896499,-59.392255523388094,0,Stable (slight decline)
207096,RHOEN-KLINIKUM AG,11,2.317987202635407,-0.0695119896779315,0.0295584403661509,1.278553667151498,3533.944477213815,12.272651756358606,-4.6940958918206634,0.2865434067058705,27.73043914745607,-96.64710576194166,2.9325348192734877,-0.1400670073171272,0.0617318783672812,1.7827116544014203,3439.6016820758,1346.4357272727273,28.7908,0.3884136497372183,146.08529128192757,0.5495892142410641,0.088181176947289,0.0080265751998396,0.2308877398446678,0.0528238246555069,-29.33788043671484,0,Stable (slight decline)
208821,SARTORIUS AG,11,11.708748058768748,-0.4363405997698414,0.1315335194076819,3.8045859868338976,-57.400793049744834,17.842129355696787,-0.0132804802129931,2.906669253938864e-05,7.78961459495541,-72.51737176597314,19.624190302571485,0.2536720501323209,0.0320938911528571,4.477766378827056,-10.841015186248056,2258.160272727273,318.66903636363634,0.8501790332243552,1092.910684936089,14.262758642857554,1.2986800887572614,0.0982526884333112,0.426367172677028,0.4758308139564673,58.38333919846511,0,Stable (slight decline)
209440,VOSSLOH AG,11,3.572734538865265,0.6731608866907794,0.4399015798368597,3.2095275871686733,238.8967041036576,-2.633542638154472,3.800381788775558,0.3282572749308716,20.97587316955589,114.69190799135566,4.707037510877989,0.7992154785469279,0.3953218819008001,4.0196520322030755,241.7967996915365,1039.8545454545454,-1.0900000000000154,0.0004726299359424,158.54986805783545,-0.8988578956176108,0.4640399634255549,-0.0124556303414867,0.031648222720312,0.2214068471758131,55.55390547177008,0,Stable (slight decline)
210326,BLG-BREMER LAGERHAUS-GESELLS,11,-1.156614637973452,0.3901972736744343,0.5057277912962818,1.735105236913207,296.26714876102886,8.753418379207083,0.0061815069955003,4.16927364726202e-05,3.027360671714621,72.3617266686662,-0.8602401043250574,0.3192112203150032,0.3668924151571763,1.6665132910186984,395.9380377368665,1083.6482727272726,25.858309090909096,0.6732903366553642,99.65496287973816,3.294060292787404,19.56348618671997,2.9388598697592587,0.645589324056979,11.566466614368233,231.85613109312592,0,Stable (slight decline)
210332,CLAAS KG,11,6.559642864338821,0.1934319176060208,0.1205894406094031,1.7614628857705363,-1.724425195979836,9.406021548011218,0.4993800441198298,0.1610737943777333,3.9347644477142314,17.53614855385816,5.791805877757283,0.2326694004994965,0.2444947642447299,1.48800533797342,20.33719470041646,4340.797181818182,192.7722818181818,0.671875058853844,743.7043611889213,2.715186522068702,0.3635160450194934,-0.0118869708363054,0.1402239298835453,0.100382990603191,33.48137298132905,0,Stable (slight decline)
210334,COMPUGROUP MEDICAL SE & CO,11,8.521486054144363,-0.4486786976979346,0.1786045359189554,3.3572927185241266,-19.40385238545736,15.818585438512716,-1.4124767186466198,0.302672937933441,8.118849708591778,-63.96585800163801,12.314102613664716,-0.4172160398540727,0.1464130205568249,3.4480308774242645,-4.897790055679428,842.9465454545455,80.72827272727271,0.9423419614925508,262.9791971915662,8.502414372921185,1.3398082651995635,-0.072990004104924,0.4742028087777692,0.335182493189202,-34.06025108226075,0,Stable (slight decline)
210340,DILLINGER HUTTENWERKE,11,2.2798005026307955,0.6106776189746222,0.183512455349322,4.507951455225867,8.016784775492555,0.9510121819391044,0.9708180844730858,0.1446451927189379,8.072087400559989,19.17590018606418,2.7756191639953647,0.7012634716984315,0.124007997077796,6.297328819573614,-2.01016304961502,1992.878818181818,68.99414545454543,0.3438124122843323,372.0929693833416,2.0257883377342134,0.0895634148337704,-0.0029109899799555,0.1007549376299817,0.0290006372659849,-46.185661200384104,0,Stable (slight decline)
210359,EWE-ENERGIEVERSORGUNG WESER,11,4.078157315907908,0.1308976356247795,0.0242510258365862,2.658072026129497,345.28244063361336,8.453502034036939,0.0497680389690274,0.0002433618718375,10.08844567750631,257.3931443039487,6.899373995758243,0.6460145889039006,0.1696997216535488,4.959087380645866,514.1410457932025,7570.163636363636,105.59000000000005,0.0528152422457522,1452.9248502575306,0.7579557136619064,0.7099412092710267,-0.0298219981395502,0.2199630313481708,0.201076765552558,-28.31999557755096,0,Stable (slight decline)
212782,FRESENIUS MEDICAL CARE AG,11,7.117179682368478,-0.5856538257175629,0.8547437644943257,2.003194015091229,-47.64582957353892,9.371440064209166,-0.9202199467205864,0.5543745161155665,3.9083190883658583,-66.66085431588748,11.610893033505166,-0.6851539358300056,0.8139810324935122,2.4014912817908804,-42.37585319717164,17917.703,267.158809090909,0.6182038716817432,1074.4931187480488,1.826673001114032,0.7598232252379606,-0.0011378192856715,0.0005530160315018,0.1530045796130959,-30.361639560407863,0,Stable (slight decline)
213034,GRAMMER AG,11,3.5934930531453833,-0.5374664283495462,0.3978342586011958,2.6946369011698192,-63.25431948306392,0.5571529267122205,-3.4429085568095323,0.5481767764358131,14.705004837831856,-226.60893574632067,2.4293779444119687,-0.3147518253336986,0.2981755691073005,1.8227714975909113,-46.93106363534098,1833.8605454545452,70.62177272727274,0.6817354742023467,270.47720397655553,3.473071830262109,0.9000022123829723,0.0756587368157303,0.2561123073611447,0.4727634156652009,260.38136937954636,0,Stable (slight decline)
213037,INDUS HOLDING AG,11,8.057013223538073,-0.2126729420775836,0.2033350313669673,1.4914411984012756,-25.581616797884703,8.952099046838642,-0.4962113111902408,0.1177464582638182,4.572910836298246,-37.13880697845414,8.362089188277386,-0.1878322525281588,0.1684947986518432,1.447027941400604,-24.78700889294936,1626.6694545454548,46.253872727272736,0.6932065988607391,175.67774852701368,3.170805248292652,0.7178284038780166,0.0201699783915048,0.476789879400195,0.0923723343406531,15.513457804647937,0,Stable (slight decline)
214700,STADA ARZNEIMITTEL AG,10,9.910736904690284,0.2313476955203696,0.23057310783828,1.383846199607189,14.734410853009043,18.939724040025418,2.369753762716233,0.6116287680777601,8.703345888815559,307.62734236551574,15.39170304319352,0.3161186484672494,0.2318770490790827,1.8855940902193784,-0.5273443103280347,2736.1727,210.5816060606061,0.9107708324264112,633.7863055518083,6.821598959572661,1.4134494768973638,0.1078833789553285,0.1679673993109423,0.7560822030369645,-11.840803885008937,0,Stable (slight decline)
214759,HEIDELBERGER DRUCKMASCHINEN,12,2.822223084452503,-0.1193126547838503,0.0613016014341977,1.6635198780818377,26.18307492639173,-14.82292458291802,0.6516020899782955,0.0020245210303735,49.991793539038056,-9.208319542666043,2.5749389354921557,-0.1057188227777901,0.0574083843852668,1.5231478145937114,29.36859300146021,2386.294083333333,-17.23179370629369,0.1240552574144766,168.88858433025123,-0.5132466537298819,0.989677437834382,-0.1764439461829359,0.638469821957225,0.7622790264463758,-93.46358201202432,0,Stable (slight decline)
216524,ENBW ENERGIE BADEN,11,3.0166915718781664,0.5360248860854715,0.3785240173930115,2.7551054941503157,503.58033560084135,0.946293229688764,5.008379504867175,0.116725652762585,46.35686670731816,192.76847415614023,5.39354254910961,0.9007487912192432,0.3469054074817645,4.836132077681602,511.0242967060134,28351.55454545455,2668.6018181818176,0.5051905947970615,11872.881937834303,5.18167856347973,2.1723387365127604,-0.1136102496740216,0.1402268202881435,0.959404985907236,-13.341795565338035,0,Stable (slight decline)
218000,JENOPTIK AG,11,7.647232577902662,-0.0176983825979633,0.0013249483160829,1.537567216498217,37.092112429855426,10.377330047858926,-0.3517575874763533,0.2084288808092212,2.4364893968856007,-4.248843391455069,10.856879160723906,0.4407378857090056,0.7604788523854169,1.5982209276385977,63.50312352458886,823.7987272727273,45.84963636363638,0.8202155557987852,160.0928347786717,6.575469028870784,0.3510426926820179,0.0288900566498506,0.3425114717648629,0.1561028501234222,19.489264687111824,0,Stable (slight decline)
220295,ELRINGKLINGER AG,11,4.454998916015834,-0.7067721228011384,0.6742063849059816,2.7219677838786738,-93.0613493367695,1.9575848886837737,-2.544156739061759,0.6266399665985181,10.163301711433084,-252.18814451837156,5.31663743733069,-0.8535960562738826,0.7021783634218506,3.221281499267172,-94.24188090442082,1639.4644545454546,37.91884545454545,0.6200430827834476,152.28045722605117,3.122618759436069,0.4705640270699826,0.0046671922870923,0.0219557098631655,0.0996051863950444,39.42684612355754,0,Stable (slight decline)
220301,MERCK KGAA,11,7.357603180248471,0.2786517320756375,0.3802381043116466,1.4290055939949224,12.700554547744424,10.994652168932012,0.0484408052009829,0.002162296192311,3.2942288155025676,-5.8084907583515815,17.78788631054889,0.4800962578109952,0.3647513264064865,2.513795131935374,21.464786223043983,17026.045454545456,1035.5563636363636,0.9237310564652932,3407.2262206731994,6.2846509783476945,0.4536056289336361,-0.0259903048271632,0.302542865491256,0.1494231595028912,-20.25233970480535,0,Stable (slight decline)
220303,AURUBIS AG,11,6.651868595695777,0.2859327553053922,0.0651073436277138,3.5436344978865946,201.342192811707,9.44535927821849,0.5238737575587227,0.1138488679554859,4.909782861151627,301.47235433870753,2.7464108240446374,0.1421246840263757,0.0958213953771449,1.4519052202305551,292.39250232852265,13247.523636363638,849.1473999999998,0.719363051470998,3165.986221399531,4.242675624576964,0.1228358301833651,-0.0145205843173329,0.5263382399381192,0.063292409758016,-66.19946003186759,0,Stable (slight decline)
220307,PFALZWERKE AG,11,3.113096181502446,-0.0774555036224522,0.0307595952204747,1.3965676378133292,-24.842837102833283,9.800361861367987,0.3607986239466655,0.0415632523370481,5.596417559391391,113.56588111488196,2.8072818822982724,-0.0338291273771425,0.0076198450706863,1.225512441767449,-8.116311794665982,1553.968818181818,34.54193636363637,0.3041164696476165,198.07365226868976,1.2538322785128786,0.5242702418224856,-0.021732044037881,0.174857339809707,0.1643458125439938,-9.91990485329841,0,Stable (slight decline)
221244,ADIDAS AG,11,8.350451019149437,-0.6670031971329508,0.2454458209630324,4.25745527728072,-18.42694821518352,14.09942071259726,-0.8723561161327835,0.094552242454708,8.971351930735883,39.17033860364287,6.880025798633546,-0.4227210971496479,0.1864242996914177,3.096012197051385,-16.727103829751304,20564.727272727272,649.2181818181818,0.5925597016611504,2667.0098370786673,5.003833801553181,0.5353098585389429,0.0873423429067301,0.7674267402347829,0.315287224631353,184.72624271204123,0,Stable (slight decline)
221614,DEUTSCHE BAHN AG,11,0.4524701689410936,-0.3868000890886321,0.319469893346039,2.16407145753886,-122.6997110897856,-9.246263675374982,-2.2531011136961805,0.0911991665106343,23.593112991801913,-255.44058880652148,0.3559127297606225,-0.6138444855094197,0.3297891234176254,3.3801828545669914,-151.66993445097023,42412.90909090909,30.4,0.0001982273714374,6827.972645396362,-4.076408381482732,2.0535015653920383,0.1394180040560602,0.3403636220673618,0.7556962944094434,46.07040990724828,0,Stable (slight decline)
221616,DEUTSCHE TELEKOM,11,5.974684397268225,0.1997966084309836,0.3032959421310015,1.1472414027601523,99.70317719875491,11.270767904722364,0.3315887760773951,0.1179227235227844,3.053522125648733,54.05618016115022,13.39131230878387,0.9083638954089498,0.7156791433631445,3.3954761441662975,149.1303558800333,91903.81818181818,6187.3,0.93184847136315,20268.822775243138,6.570356105505981,2.167935823976585,0.1084802178006418,0.3490813929926151,0.5806135919814464,22.77434528362463,2,High Revenue Growers
222247,SOFTWARE GMBH,10,8.450643231623424,-0.8619096095947552,0.6941800037474286,2.97134203815658,-54.201384438396374,8.673628865988842,-1.389221614305274,0.7173041687699738,4.711365837929367,-103.292170994973,19.462034814134743,-1.5867969667914168,0.596253084614687,5.90245950924875,-49.800878810691415,885.8525999999999,9.717224242424246,0.3065766910196961,50.408019316771416,1.7289352587090967,0.2150681884046742,0.008397098534218,0.0626441778309287,0.096364232496651,-13.12761867387356,0,Stable (slight decline)
222340,DUERR AG,11,5.464501365290414,-0.5956246158064402,0.5985592575887404,2.434552037050489,-60.18943627484909,13.89780237198164,-2.073084330979987,0.6583738423704891,8.079429305380526,-79.18546807078336,5.434190538356941,-0.4965662083968718,0.5263646183349368,2.1643815234368144,-60.03825693403645,3774.1898181818183,121.27493636363636,0.529119874886998,527.2225993414266,5.239566119119732,0.7613212923604304,0.0338739741692539,0.5920533514574463,0.1392149033045304,49.429708164965305,0,Stable (slight decline)
223089,HORNBACH-BAUMARKT AG,12,5.42039139245153,-0.0895250074624538,0.0596697171752975,1.2651580171623054,-20.77674806454397,7.257344515810224,0.1334574340211646,0.0299011664393736,2.6642569106673317,5.6297588136784045,3.500080500155388,0.0922619794689531,0.0907249435167971,1.057393924087018,12.352084579966316,4520.901,281.65947552447557,0.9578091174515196,993.4872056943328,5.778005934884556,0.7905583579398227,0.0834546256829038,0.501520395909261,0.4068024027811465,121.9796250611478,0,Stable (slight decline)
225236,UNITED INTERNET AG,11,9.721995478189084,-0.924127754483586,0.795356368507403,3.276809033662655,-60.79906534524283,12.797403508450492,-3.0075028769669503,0.7208390404054849,11.201776454537438,-102.67981501645582,14.3209434779487,-0.5468603182232924,0.7909672587684743,1.9444516897148991,-38.31909998148388,4975.606363636364,321.14391818181815,0.9609932286482504,1035.9517729102392,7.520747855315246,0.6778929313012824,-0.0750284881271728,0.4159993702358099,0.3678577063610015,-40.313143639667395,0,Stable (slight decline)
231016,MORPHOSYS AG,10,-7.874226401850064,-0.9455334954508356,0.1354014536661521,7.380609520658562,-2422.6307202335884,-74.5483729836612,-30.67194159883856,0.5206298775676342,122.09663619345456,-44681.23690353552,-68.57192220598901,-9.35002485645568,0.2249014084921499,56.62962060479523,-3118.1765268634044,145.8789,25.456854545454544,0.5666396203920352,97.13555959220082,15.731175721539948,0.9175718101787028,0.4196535355252443,0.5921190584879539,1.566438470993749,713340.081573808,0,Stable (slight decline)
232623,EVOTEC SE,11,2.5378432109285893,-0.3985001626882861,0.1097507912248428,3.8038613017311778,-452.3285225596854,2.383722315794187,-2.1091476190757903,0.2949572047381385,12.280823015622524,-367.2293167722012,6.32906860900338,-0.8325694190209383,0.0882125607732205,8.864520322822344,-428.1446723507899,446.3591818181818,79.63182727272726,0.9828204358759804,254.00928514911996,24.44105128233558,0.3169619775839803,0.0500090835147521,0.3328063473411117,0.2741278091982959,697.7538241886487,0,Stable (slight decline)
233025,CANCOM SE,11,6.00598853585332,-0.6418355590449585,0.7577490761358737,2.3316376877736813,-52.56223290532902,8.754330852568907,-0.8519607255095094,0.6811276790656255,3.264414589434967,-42.04319485232082,4.041259922534949,-0.1398458261153746,0.2524325344007958,0.8801908407867368,-27.448186693412392,1311.612272727273,75.38130909090911,0.701718535486915,284.56547045630214,7.67117572703675,0.1610212329966955,-0.0004128187593276,0.0003577578393858,0.0690183932646613,-2.432995431969422,0,Stable (slight decline)
234919,CTS EVENTIM AG & CO KGAA,11,8.421068361936568,-0.6272602618112316,0.0968140899469818,6.3749750774919,-9.428802471559456,22.896285249418938,-0.3182366613711096,0.0055021414132498,13.56701594768126,13.76532185052038,7.138703776623607,-1.5039697320762584,0.0553400530688317,20.2171210005772,-17.711820374600972,1257.3474545454546,161.26562727272727,0.4363227505731509,772.0365849512295,15.065433264830318,0.2235761754810928,-0.0242880411239091,0.6557574015826415,0.0948464081985136,-72.55928776033741,0,Stable (slight decline)
238136,BECHTLE AG,11,10.320453859713185,-0.1746106426896144,0.4474067836309831,0.8255044686329426,-21.836513632640287,15.341365734229813,0.0600596156186176,0.0230398546974646,1.25124593757306,-6.61614879820515,5.00707900404257,0.1793811755822081,0.7035909137046608,0.6762647564059999,32.69304642809956,4695.8760909090915,425.11611818181825,0.930344309928404,1393.7526898812337,9.346338804160403,0.2609646847310496,0.0283339809504346,0.3739290250108515,0.1465254315031585,246.8803468926939,0,Stable (slight decline)
238442,CARL ZEISS MEDITEC AG,11,11.482090808456228,-0.153271185068668,0.0371228810565311,2.5155889500353688,-52.35352114152885,11.173142461242882,0.2183365005166417,0.1023023655717835,2.158656336660061,-16.464157860830152,15.492103019913763,0.2882926311304994,0.0603046867932808,3.712427736191284,-31.528880276116244,1455.2961818181816,121.75544545454544,0.9412316828709776,396.8625560135439,8.554325076170311,0.0497760371453352,0.015331259911448,0.4918009639113654,0.0691326426601252,1437.4480265407365,0,Stable (slight decline)
241456,DEUTSCHE POST AG,11,8.114904772601564,0.3610190544035544,0.2925483737823698,2.11072318295321,10.19131413405898,19.705272442193813,-0.1502493011525537,0.0134242355834337,4.100791400859825,-36.59941167688,6.0858660090404735,0.4033040042840832,0.5407775201877487,1.7342959864475196,40.062123786040935,69769.27272727272,3518.7272727272734,0.7798401790904816,12600.35565220218,4.044548838423956,0.7359719921590716,0.0462122461647246,0.3322458531131146,0.2535287957561383,58.30110669701368,0,Stable (slight decline)
241840,SCHULER AG,6,1.8212876420004431,-3.182648742413301,0.722452376790569,6.3948078113945215,-241.0403743166817,5.565176617324105,-8.577301653007174,0.6325881709479972,18.417621764937895,-259.79281896159085,1.7858297123869462,-3.1573244609984585,0.6830885575182306,6.524152562843082,-252.60125034951108,1190.467666666667,-4.098000000000002,0.0511210634312798,30.953902724678976,-0.7755347828418246,0.1376231456042971,-0.0125658884397481,0.0723973598162377,0.0797581798684431,35.1884419433941,0,Stable (slight decline)
242158,WIRECARD AG,5,6.870643908145011,0.4743069988058551,0.670750265629043,0.81901924025978,27.333430087540435,14.647218603768554,2.0760726076709384,0.7380440357505806,3.4175619725188886,79.6113234239459,21.68845391594087,0.4879204244472145,0.3993138869511893,1.0919601487477515,13.481345384411162,1216.1522,360.6206,0.9543379624258828,522.0528001125557,34.70694381508854,0.391548655945056,0.1443349514801143,0.9654407470976678,0.2077417071136874,732.4111312533657,0,Stable (slight decline)
244394,MVV ENERGIE AG,11,4.0947633295848265,0.1579189967688614,0.0465948347438695,2.313478610019975,20.966068677366685,9.759730508699734,0.8953705036963454,0.0383543811165734,14.457569661762577,2.997580789882697,5.981495623107654,0.4304629757397034,0.1307636816719675,3.764369393823248,37.79910229437056,4512.169818181817,283.3309818181818,0.6165290740192779,1141.0831326306372,5.261102877855728,1.0016757252956403,-0.0298852691377795,0.2720799943590934,0.1811794205475886,-34.81049161621891,0,Stable (slight decline)
244398,TAKKT AG,11,9.246277652381544,-0.9862524734668952,0.7755988497258323,3.5413555124289635,-80.8739278348024,10.20451974173797,-2.067487061847278,0.8015393323277147,7.30264823210421,-144.81719135776723,8.121168663416096,-0.8906813425784555,0.8360323023464976,3.0804263248018136,-81.38592014810888,1142.608909090909,15.588000000000005,0.2603762351905003,96.60280245648303,0.7199931344494592,0.1795263231963985,-0.0221754414330176,0.6714274914751726,0.0855800851251408,-56.576627576438355,0,Stable (slight decline)
245628,NORDEX SE,11,-0.2745832960516772,-1.1913708350315677,0.385968713177046,6.064163656629951,-40.082092044267206,-10.499629944697976,-4.212349460583023,0.4555298328607753,19.736311057320208,-90.94481642119602,-0.5793369599311926,-0.9120628997596782,0.3392661357393821,4.951702384210417,-35.32838501759125,4177.9361818181815,526.1531454545454,0.9008013469815774,1753.063540620809,15.453496090404853,0.5033769398929722,-0.0056918740839585,0.0066379118349382,0.2209222939761471,7.738925503146975,0,Stable (slight decline)
245839,FRAPORT AG,11,3.4712943499362,-0.459797914591212,0.1915956651325469,3.3218051780818656,-34.23878625452074,5.506025440866004,-0.4331716411685516,0.0297999472805597,7.935097523425299,28.07403007301632,10.824098232874592,-1.411914805677855,0.0596810370928778,18.27638557215495,-20.249622426775577,3052.0545454545454,131.65,0.2684371151796101,803.5253487698459,6.361465798711019,1.6281275968407884,0.183432794631132,0.7370705566060852,0.6756510424478923,89.30984259991044,0,Stable (slight decline)
248166,MAINOVA AG,11,2.171679518950629,-0.0413796527164372,0.0020392469500787,2.89769005823037,326.1772906424051,8.99959573198542,-0.1356696396265667,0.0028708064412168,8.007200722176337,45.515901796899335,3.32968822697332,0.0191916126029228,0.0002450780740219,3.876673621403764,325.7115156433182,3103.7113636363633,356.9149090909091,0.515112173463409,1572.5837475254348,6.610541075495391,0.4427952506002265,-0.0204729506327679,0.249921807165251,0.1295025627762816,-35.426788744299394,0,Stable (slight decline)
269104,BAUER AG,11,2.323920975595357,0.0976985154942576,0.0192704091943337,2.225576343615636,212.50633987394377,-1.371867958563658,-1.1191741664373571,0.1728761324092166,8.511971443276247,-49.207800546193475,2.3690846506759065,0.0559500212346537,0.00640384688011,2.2109544030455233,127.11351969036969,1559.2225454545455,40.83320909090909,0.4390850612752376,194.867396003895,3.933609182123421,0.5552506819409747,-0.0476068534113464,0.3977376326372108,0.2387102872446979,-53.92572347302638,0,Stable (slight decline)
269835,BRENNTAG SE,11,8.986326342458879,0.0432122850474998,0.0119864493556667,1.2481361296448832,-18.41696065282903,13.752810111073352,0.1097462675958773,0.0266572013700441,2.125604607232001,-22.24984651938501,5.849785364853859,0.0295773880596694,0.0288468117687348,0.5506947155619119,-5.525271983736257,13328.663636363635,802.5627272727272,0.7650157118251909,2901.6418669663954,4.950364629999826,0.5941899097538023,-0.0218758498836141,0.5308173548464232,0.0949494334596011,-19.45792225074649,0,Stable (slight decline)
270249,DIEBOLD NIXDORF AG,5,8.301929017007883,0.2628898120492853,0.1653554614400103,0.9142805522848934,4.321099438603139,18.25066911343053,0.2294556168636877,0.0009305194716366,10.637778872932982,-56.40277708866773,5.4088152532604195,0.3193189417977098,0.3779213193661512,0.7345798025749074,14.211369256154684,2447.3126,-20.440599999999996,0.150797851446143,74.44080494083867,-0.7119020541527799,0.1098380691458821,-0.0530066201466813,0.9020653587259508,0.0789270931894295,-93.58281937680312,0,Stable (slight decline)
271763,LANXESS AG,11,4.2631855094163305,-0.5666661696352858,0.5712001354570813,2.371008630691028,-95.49311047271394,4.89124356293867,-1.0586689888421472,0.0950288961303859,10.86006311975729,-277.29398446706443,5.064517682297444,-0.5081288468194866,0.3245282395020797,2.820639632842425,-92.4080767001203,7463.545454545455,-155.38181818181823,0.2680962221413415,948.975175806786,-2.2661280105879755,0.8047620370468459,-0.0219409846311002,0.1484989131082887,0.180050559694932,-32.68225053255234,0,Stable (slight decline)
273099,MTU AERO ENGINES AG,11,6.019878868428075,-0.6185207558829569,0.3841377291216978,3.1558096193406655,-11.879687981358924,14.119348215993178,-1.2485900100871896,0.2700169148628086,7.59843880937968,14.368698339380751,8.7938396526561,-0.5225773069259279,0.1318152925589473,4.5516372973744925,20.87926846538575,4871.154545454545,188.19545454545457,0.411240278728375,928.0284864002008,6.592514876846045,0.5334514045541403,-0.0081408451870855,0.0957906160409673,0.0831779117396701,-1.4535618472227632,0,Stable (slight decline)
276585,WACKER CHEMIE AG,11,5.310765131183686,0.393397187432335,0.0822930260524249,4.336603684458978,-2.1332181352037067,7.893914755782012,0.541851122656377,0.0137378709556412,14.619087355886196,-51.31287344615756,7.045570351244113,0.4554560321423091,0.0813209012213334,5.050627822832769,11.815279322377894,5599.1272727272735,178.14818181818185,0.3267618175366927,985.5206820309472,1.7163894862379792,0.4132724011452122,-0.0179798450557923,0.0971906233259566,0.1823785510724749,-46.106680133314185,0,Stable (slight decline)
278310,KLOCKNER & CO SE,11,3.263077434542432,0.2395339848083725,0.0195463122199323,5.417946640684794,-152.43623847768936,0.8830771300767851,1.2600084801584597,0.0660224886754324,15.506990565291948,-642.7985525649706,1.5970473246610046,0.1077364024494914,0.0151715026850823,2.7659744893243037,-150.135475857863,6692.576000000001,129.8494090909091,0.1595656634030937,1027.9458949297425,0.1954799049036726,0.3673672023913994,-0.0021117962344268,0.0076537313766854,0.0763335399748278,12.62126313354356,0,Stable (slight decline)
281772,SYMRISE AG,11,8.277453633004912,-0.0907094473532792,0.2163344198774033,0.6167223809782123,8.123326309989306,12.820041325096756,-0.5611867652408585,0.5410448268574706,2.412630400178549,-8.175936262276192,13.845125253886932,-0.1639514460331437,0.3112708835383054,0.9292787415987408,-4.552803654639045,3534.2292727272725,273.42670909090907,0.9615624264749846,881.7636533192585,8.955285892690812,0.7018929548502538,-0.034331588538019,0.4117535173827014,0.1691902140992233,-53.184359766287635,0,Stable (slight decline)
284636,WACKER NEUSON SE,11,6.923049055407017,-0.0576967659230412,0.0103573533825002,1.792780307977634,-45.32031232850288,7.871265107191346,0.1177702840472645,0.0130786672941861,3.2565217004971485,-48.24451088871534,7.742037905076649,-0.0979512458514453,0.0299349644774568,1.7902784773923703,-45.98206413133511,1798.7665454545456,119.25409090909092,0.8270514945914421,414.6741953995305,5.696461024081589,0.1891995912210191,0.0114325361710308,0.1234010958712975,0.1029160420775484,58.28658503742376,0,Stable (slight decline)
284944,GERRESHEIMER GROUP,11,6.184458918984872,-0.2108301938982154,0.3680200359091015,1.098998441355147,-32.47996512555481,10.482869701300189,-0.676056270251336,0.4783909188133475,3.090945742391676,-40.53741658476395,10.897971325060396,-0.1462351395385437,0.1484072624515374,1.200394969655208,-1.5856039266904982,1537.3839999999998,71.43557272727273,0.7521062804853608,260.48032396464663,4.668547765455555,0.7575792567652789,-0.0435035990745742,0.421248468094568,0.2119610296697496,-11.186602622656018,0,Stable (slight decline)
285715,SAF HOLLAND SE,11,8.548977089774283,0.0277061791730585,0.0053550249026265,1.1972804498084122,1.839556233077352,12.581163522006351,-0.170447324919072,0.01376413068148,4.594262397514538,11.624465589224975,7.181917066989834,0.1035904786795682,0.1055182370741443,1.0084539619556658,38.17116862086356,1321.8302727272728,92.8248181818182,0.6617870293366936,360.8319470169133,6.93694991173659,1.1480178847292148,0.0134601413129268,0.0276005720416313,0.2562067561064704,44.78715072401553,0,Stable (slight decline)
287162,HAMBURGER HAFEN UND LOGISTIK,11,7.392717716743281,-0.4358522678163125,0.5399881126905461,1.875630172139036,-52.34179031894454,11.757563867367708,-0.7731492718634155,0.250764684048637,4.882364109997078,-62.476631948211015,12.500683141891928,-0.3414374050639269,0.1945873352782076,2.4476753360491768,-34.257461663518676,1356.1840000000002,44.51954545454544,0.8675672001661876,151.14687042740908,2.903564198583508,1.235076248684331,0.1179634708602832,0.6585450151908449,0.4596791536347295,161.41655042914326,0,Stable (slight decline)
289333,SMA SOLAR TECHNOLOGY AG,11,0.0735383932536728,0.5545861986652603,0.0548366081797143,7.489171318133768,45.20001243509024,-3.543216378948118,2.047170527088422,0.1039624319457156,20.077785276766996,34.3979946915167,-0.5527278949291573,0.631703926132041,0.0558406911377593,8.453531662962261,62.329376439506056,1075.3716363636363,73.17388181818183,0.5086286520725669,324.4559060705315,6.626789889001095,0.0510655435313208,0.000351318119745,0.0039958234175292,0.0175750838570316,-4.391939618924576,0,Stable (slight decline)
295079,STROEER SE & CO KGAA,11,6.442051736618549,0.3514859319455953,0.4677507918099752,1.6251770530377652,78.01268333932929,17.166724629724936,2.074326303655007,0.6690671911582307,8.019406116831778,289.23393866304707,10.183759250653564,0.4852925221632113,0.4958153482817814,2.179433469713086,90.15333721904946,1452.298818181818,121.72341818181818,0.911103377001629,403.2647964577974,10.996514932841194,2.0396364772651485,0.2922172951957875,0.8490007960483144,1.002886690672545,201.5341701735652,0,Stable (slight decline)
295421,EVONIK INDUSTRIES AG,11,6.177033100782995,-0.433108757428122,0.5877928288171036,1.786425147115358,-38.443884993647366,7.143031486259049,-1.190338575951405,0.5917471046481592,4.893306703751752,-72.5855887359882,8.568633530061238,-0.5681103448253227,0.6121628501700321,2.296144483510826,-33.94553364990423,14343.0,306.8636363636364,0.3342305161829696,1678.5039875924144,1.6120373324505888,0.3621171446341748,0.0133260283718082,0.1322655167776239,0.1158717102167621,228.27568019598252,0,Stable (slight decline)
297185,KION GROUP AG,11,3.999117715619221,-0.194683052568678,0.2383386350733534,1.2610459836753445,-16.329828190251277,9.045849942910108,-0.7880901917972111,0.4508786959625142,3.711470943090884,-45.91218800443257,6.143104809703224,-0.2170621439577628,0.152541957660714,1.757476111040506,4.4074066972042685,8411.563636363637,743.1109090909092,0.9571552828616156,2401.941559455875,9.41497707835055,0.956743679817224,-0.0248025909071676,0.110507865589277,0.2359393913316825,7.558846338594197,0,Stable (slight decline)
297222,NORMA GROUP SE,11,7.1835163539713,-0.7668518742448992,0.6495234255484015,3.008943784220557,-59.658753590429136,10.52730787889308,-1.7276162143108635,0.6658608264425427,6.69507642158985,-86.32826411129876,9.784495000272052,-1.180630036173918,0.7462286605808971,4.3219313605803205,-67.69152160675102,1035.311818181818,42.79493636363635,0.7541130231352072,155.83828654953257,5.220209381883323,0.7975801360241905,-0.058425820885286,0.8765763510349118,0.1973376481837427,-50.409294055443496,0,Stable (slight decline)
313972,TELEFONICA DEUTSCHLAND,11,0.0696917079623687,0.4534819410585638,0.8151594004406135,1.5883226396456596,369.41948973078735,0.0987099249592089,1.2692428672351024,0.8170860015160922,4.440285001814141,199.05306258636136,-0.1711324195797233,0.927919209194586,0.8723950224718993,3.1416194411796874,244.0266793927825,7596.272727272727,191.55454545454543,0.5878548827274719,790.0551293663099,4.39780277612829,0.4408485431354293,0.0645012067751354,0.7177305339289932,0.2407615490047256,239.4917610924336,0,Stable (slight decline)
315541,OSRAM LICHT AG,11,1.9263194185309225,-1.0006406952328004,0.4465898859543452,4.735040736485526,-100.5012138614207,3.0990565370707617,-1.37300640483454,0.2197343515270423,9.262401124677654,-100.0,1.2131292189578389,-2.29512590444586,0.7222522934017039,8.038288558380197,-314.4113561285794,2659.926090909091,-624.0351363636364,0.8702939556562351,2115.3199226912766,-47.062739090662085,0.133236552034108,0.0289256049837784,0.7187699007230105,0.1078915692760129,327.44286707642675,0,Stable (slight decline)
315582,STABILUS SE,11,9.85032259435107,0.0265712187623406,0.0012597245708625,2.367411074241953,10.227890856122992,16.35536385643403,-0.7937278145671247,0.2305872174267829,5.227017874754487,-18.532613052596535,11.166440842778538,0.2725675188843277,0.1429226105520514,2.279941116946799,57.269961084319995,916.122090909091,67.82086363636363,0.8631271783292506,230.84789556465117,9.9164125894601,1.268268005328413,-0.2438697114563094,0.5399066621950804,1.049538854837038,-64.04477511786878,0,Stable (slight decline)
317079,SCOUT24 SE,11,7.098815408806422,0.8312858632112388,0.5785258954382702,3.4561214337508757,2521.5162738020717,7.552232034397287,0.7009024795322588,0.2616275979548328,4.333270690942434,672.3663369317209,33.65010740302291,2.7933164819655585,0.6553504498423376,10.911472011048378,1004.9762178683084,446.12963636363634,17.429545454545455,0.3674892479016539,90.92090351736076,8.398685822106833,0.3925316861946527,-0.0839174177774183,0.7084302784583241,0.3152851779334086,-95.1246914835995,0,Stable (slight decline)
318434,ZALANDO SE,11,4.601882537621062,-0.1491270322903741,0.0690401683229529,1.7947561677506294,41.13295317615753,6.636006717050264,-0.0590406441354568,0.003413011547954,3.1958192481998107,125.36579455569704,3.285572134735372,-0.0923177440171789,0.0510363949769094,1.292245974920864,32.15499604182299,6778.818181818182,954.3054545454546,0.952115189110332,3092.734645119747,16.923015563863064,0.3179674750553491,0.0823663951550693,0.7249435377415645,0.3059130243835585,2740.4516547685375,0,Stable (slight decline)
318452,ROCKET INTERNET SE,8,1.7508337974713104,3.645697494075319,0.6210577408546092,10.5997175265025,1307.5400876979256,2.572239842051478,3.671872716236023,0.5842242560079726,11.007215717390608,121850.83894366364,49.25866785111872,18.478224781098735,0.7995520406284822,46.84588971481824,441.6789104201854,438.2794999999999,117.65635135135136,0.6231446133009576,337.8746178953321,32.93661949310789,0.0548778948955567,-0.015806623232254,0.7619838592512159,0.0362156439021384,-76.62634531052032,3,High Growth (Volatile)
318659,HELLA GMBH & CO. KGAA,12,5.494996021190695,-0.6335496089531681,0.4224391734141711,3.3649291996997426,-48.14145649231369,10.878495570065674,-0.7857432715739436,0.071602448252886,10.136642509737325,-35.04662930171477,4.59433318505394,-0.5474795014026841,0.3163582497451873,3.360126878751663,-42.044539140842105,6424.101750000001,106.58287062937065,0.1400837133468571,983.0395389501656,3.766351841879678,0.4744356112546435,-0.0315097327780329,0.4993229409501209,0.1539328661964246,-61.942066220945755,0,Stable (slight decline)
319665,ALLANE SE,11,2.8773199045817264,-0.5019966193768127,0.901707424176284,1.671737058049805,-102.17260542812762,18.316955221357855,-8.755973297589769,0.3923873257601032,44.20251120619222,-112.97702469485088,5.126593415885885,-0.8366671539152437,0.8326079153159316,2.899562350844524,-103.77904297093887,720.0535454545454,5.636345454545452,0.0626283477347839,71.22166565329505,2.6457089742244255,4.096707736069901,-0.063552238081529,0.0086188090042866,2.164747372074472,2.486163310451076,0,Stable (slight decline)
319865,SILTRONIC AG,11,9.868221197186092,0.1636892599657334,0.0040843749784814,8.099484558667934,174.9223573908679,15.209841989526184,0.9828845054566344,0.0483641255348897,14.13321022274425,160.55431862281708,15.45236096057462,1.3043987376036914,0.1551738668927512,10.47131148277711,313.08562317458427,1269.0363636363634,72.60181818181819,0.690325540807583,276.3252210142879,5.261858180318435,0.1885753353125739,0.0521292531487845,0.5456639051440724,0.2231613034920999,518.9352648523889,0,Stable (slight decline)
320124,SCHAEFFLER AG,11,9.618616664646275,-1.0002891525808892,0.8638052218581184,3.4034364572620786,-72.31602800741781,47.80714826066969,-19.430015699564738,0.3944686936709847,97.82883473778637,-104.73805663666292,8.895033562197485,-0.8422117865832994,0.9163925996279358,2.782149916548342,-66.05311601462911,14376.272727272728,437.2909090909091,0.670235355023658,1689.1055239606494,4.139119596877849,4.562493051174372,-1.6224118145125104,0.2954132367505356,9.439437704284508,-95.7858607045812,0,Stable (slight decline)
320448,COVESTRO AG,11,9.35429563082643,-0.988637798101374,0.1740128263391162,7.494567581080355,-89.54801791930632,13.146690139461002,-2.4972005127683614,0.3381169172941523,13.580631498099924,-125.99813581184954,8.083868436174377,-0.7668193612743538,0.1687296339289088,5.903334436410591,-88.62828717617376,13640.545454545454,355.2909090909091,0.3087373109575548,2022.039041239689,1.8873191453820493,0.3357652972544718,0.0123928708958313,0.1274785578114074,0.1097623393747028,-16.833668107435702,0,Stable (slight decline)
321632,UNIPER SE,11,2.454116170889331,0.8530544061267543,0.2986619973592678,4.93859925589577,178.56745438463977,-36.60961729166132,-5.524695808860062,0.0313039490669604,98.7435658516444,125.14853762734144,-3.935109317072087,-1.1938703768392598,0.0505410617284038,16.793259375411818,89.52759910974213,102860.0,6794.709090909091,0.1226522372995882,61352.62236078792,-2.331161608460286,0.1889047187128064,0.0076908614945366,0.0251279788581172,0.1534250279877474,-55.60564596658839,2,High Revenue Growers
322597,INNOGY SE,6,1.60288160357174,-1.8923674878347552,0.6418805135675534,4.03386891663271,-266.77168528234716,5.680387017894799,-3.1941014281707627,0.4464101813604422,8.164414711291847,-113.68151216520155,1.6752859770558857,-2.607379585532984,0.6838746222982153,5.3846740098907935,-285.57233186852255,39704.666666666664,-2156.1142857142854,0.8697816690756468,3948.299155614,-5.072983595302249,1.5336707002925307,0.2841522377436484,0.8213388805773262,0.5354677121599888,195.63318652060133,0,Stable (slight decline)
324859,DELIVERY HERO SE,11,-12.15546598238906,0.8593399137390071,0.2523297709208698,5.409794116232072,86.57626261856348,-50.077737071470935,-6.575013832462224,0.2545108824936987,41.213879066079855,-6.562410876668364,-42.32272265074908,8.972026520287347,0.8321585329735812,31.10194243593013,97.69503349329663,3833.849181818182,1247.9495818181815,0.8369219599328002,4313.745886197892,63.87759373234276,0.9420961782546826,0.2855594186364047,0.6202221011572177,1.1466288642893645,,3,High Growth (Volatile)
324977,METRO AG,11,3.372254464488191,-0.3112482730414712,0.6531190960010653,1.2178975574419495,-75.22245554320325,5.675309153015691,-1.422246879880825,0.1578353886036701,11.320687385347028,-242.98561151079133,1.569680811400673,-0.1499686924856836,0.6741386588581021,0.5775984095389967,-78.64651837932084,31676.727272727272,-1058.763636363636,0.4811238790243341,4826.925109894385,-2.2529324272819395,1.802074385485695,-0.1417894662159296,0.1468540261219679,1.1700408880184576,-67.1873838906295,0,Stable (slight decline)
325735,HELLOFRESH SE,11,-10.179993586607257,7.225089163846874,0.6271562653085798,27.732646382287783,100.17560582072362,-60.23431670923244,22.994464751150662,0.2918344495295907,134.60308894896207,83.56219716395782,-6.455709109861093,3.4122079361327287,0.6279619665767598,13.61660434044079,100.14977280109834,3415.733454545455,916.3936,0.904770430030682,3046.581834602551,60.01266183192724,0.5106579020406751,0.0211056878050088,0.0120127159033558,0.608946174679435,,3,High Growth (Volatile)
326410,1&1 AG,9,11.43256800403335,-0.8882759190176523,0.4237279881553786,3.5233734998668043,-64.68540326735854,0.8083064628527316,3.0028294083096903,0.2263436222065826,16.296746127959764,107.75509119341046,17.84395644272807,0.1761764929189581,0.0324674087231266,2.524518262416589,-6.868171260817059,3600.0855555555554,187.1203833333333,0.7712310696358127,550.1526514820149,6.640095494614773,-0.2499413349743528,0.1666397423993722,0.3192715428822369,0.761470092332138,102.68186483538172,0,Stable (slight decline)
326577,DERMAPHARM HOLDING,11,17.235245749300386,-1.0308591948829209,0.3271676180548015,5.69920387361351,-33.57738888350428,31.612565877993145,-1.1360628395964754,0.019614401116342,25.651621799453476,8826.508615113176,19.77294426404889,0.6342065967192624,0.1808364888711393,4.716151219706286,39.85279511025918,742.883,90.5095181818182,0.9678133638109764,290.9366579171487,11.568429234949209,2.196666907401835,-0.3074614084466046,0.5045382406825027,1.3688112567116837,-74.23341399626105,0,Stable (slight decline)
326765,SIEMENS HEALTHINEE,10,8.247454862268892,-0.6954263309959277,0.7515833988021958,2.3040373515877604,-37.507792415014926,21.57814866777743,-4.422751911156606,0.6358074251301026,15.931503210132156,-69.17383784930914,14.084099020078153,-0.4776451175456497,0.5622366133614215,1.8296699488524972,-14.43488910076936,16644.0,1181.878787878788,0.8431213530150107,3697.046118186788,6.270922552780589,0.7931806893191362,-0.0528674772329222,0.0555785999700952,0.6441125481758476,10001.388354671546,0,Stable (slight decline)
327148,SPRINGER NATURE AG,9,5.173061184826775,0.4451246533098011,0.921118731098842,1.613222868955741,105.60929197227053,-42.936533306390714,19.852818076377677,0.389932102909057,112.12287206295925,101.28484494946706,17.60027527350661,0.810490443849479,0.7392075753636818,3.2789532340686405,29.53932053684305,1615.688888888889,61.52061224489794,0.6729537350414162,260.8546442601679,6.773296615536628,0.8150588422568995,-4.273927565060698,0.2085841337713722,31.4092828990474,-97.3198312461504,1,Strong Improvers
328745,KNORR-BREMSE AKTIE,11,15.37338650786635,-1.5942353292564566,0.8812355575387688,5.370397387512169,-62.282836288412824,29.460821122744335,-2.4569860742236926,0.8494624952707269,8.430058539998923,-62.60945980070649,13.71489090511572,-0.6583842840662588,0.818630594329998,2.301099880477393,-33.35654183436574,6613.990727272728,261.1938181818182,0.8651032271916259,888.032638439406,4.383334176161902,0.5546471068716163,0.058479596336446,0.4412967083821764,0.27838063563889,649.7659423456633,0,Stable (slight decline)
329260,ENCAVIS AG,9,3.2511250586545395,0.0762903248980707,0.0401966546400455,0.9824916761787892,-26.0222345618345,1.386666525215571,-1.2840893282679284,0.1422300129932951,8.791317850916498,-1261.0905650069965,31.951518865880708,-1.7933585055783152,0.459936796480273,6.827668224842451,-57.436285455850786,320.23633333333333,39.35418333333334,0.8539881270782808,109.95610784207386,14.222408316544689,1.810413478508382,-0.0825938327548512,0.3692691633743283,0.3509380585779057,-8.512417883815711,0,Stable (slight decline)
332311,TRATON SE,9,3.905901373389437,0.4101316067420671,0.3316625271817298,1.8387784576104345,141.73435500030138,7.570738232527429,1.2134221993369807,0.3486944189281816,5.305713662199139,815.1815563488361,6.144389778777736,0.3380330644186116,0.1505886662331212,2.249144765678066,77.27878625494604,31887.666666666668,3371.4166666666665,0.808562767286259,9680.770630481851,10.144584834482684,0.6183085268839801,0.0837830023665206,0.7777014104880039,0.2453035574103888,173.4141876040483,0,Stable (slight decline)
333885,TEAMVIEWER SE,9,11.092500844601286,1.819790759837283,0.5591127255592879,6.2838547445964785,2773.3622747218947,63.70113178306841,10.446607178572616,0.353332372633918,45.377223583697344,175.9792744508786,26.26460070973296,2.123393221414488,0.1494409673005528,14.182407577683357,487.40635895798334,411.02011111111113,75.1669,0.9728207126063878,196.7725916903653,28.26141948574381,1.5151627435715818,1.0797271360491758,0.5744134129852624,3.678375832755143,188.9261020538103,0,Stable (slight decline)
340115,HENSOLDT AG,7,3.378175824853806,0.5474023516947876,0.6628522592998446,1.3447089148325406,286.9295461995881,9.009535557235148,-0.6275866192287745,0.0079588581276897,14.06948787395821,-59.680682745128635,6.7975364348318195,0.9894429023506705,0.7323852915410274,2.3123359234956053,307.0355851576,1528.4972857142857,191.26503571428572,0.9374761203648356,395.0803906500601,12.412138766324166,1.286426280366992,0.3452746781577392,0.0353064292965056,3.675088704671423,124.4134110036858,0,Stable (slight decline)
340153,SIEMENS ENERGY AG,8,-1.0490293005769988,-0.7482810710884005,0.3295723108124755,2.986544927679433,-105.61386403862728,-5.037307603355764,-3.216834754307935,0.1423128045642295,19.53828387239282,45.13525262616171,-1.629136612630548,-1.1688684584344808,0.3335599460224705,4.637226870683699,-105.2719906369758,29678.25,568.547619047619,0.3824267799825198,2106.552797225838,1.960169172510562,0.1658603899108252,0.0467574087435977,0.7691878315196028,0.1221557414415178,626.057354826393,0,Stable (slight decline)
346413,AUTO1 GROUP SE,9,-12.919230674768093,2.5523163220367744,0.7589727687240068,7.564422386471622,107.52192312723908,-394.8449112925238,7.472876245285754,0.000373705158677,998.1081784015448,104.24056966188915,-2.915355388151479,0.5171088323214388,0.6165278140185146,1.700434818424967,110.94597673558616,3983.256555555556,628.8852333333334,0.8784031052547543,1732.522313107627,19.918353139460265,0.910826487757383,0.0860656292751749,0.3173834001308709,0.4183774571045247,62.76115538730973,4,Solid Growers
347562,SYNLAB AG,9,6.122117711162168,0.8135569851044366,0.2298217524810795,4.38174180113802,143.55429380586574,7.564667804390279,-0.6609160713495791,0.0049577259097686,24.235915333774663,143.29148868662185,12.163727357519916,0.5077369750749648,0.0617912653552217,5.273872393536314,-41.2734688570498,2250.8505555555553,302.1730166666667,0.7399756274863971,906.9875860702726,23.317058599625963,0.4431837786997686,0.4402963574154411,0.0837317044899053,3.9287509314859657,-65.32653570902754,0,Stable (slight decline)
350278,VITESCO TECHNOLOGIES GROUP,6,0.7922349229535909,0.908511592624763,0.6334689675230227,1.9494459575933032,1121.7046285056313,-6.799128932129929,1.4267862081020404,0.0874782005366797,8.238580343622925,-297.3437529458726,0.5996590409457194,0.7667813728400232,0.6127339875537323,1.672934617390625,947.959634226145,8819.166666666666,20.108571428571484,0.0056074410023413,458.6086700251342,0.1963161991422657,0.09451619260596,0.0396267614276639,0.8528050487801904,0.073283651032584,37108.330410694936,0,Stable (slight decline)
351590,DAIMLER TRUCK HOLDING AG,7,4.8431136268715544,0.4486547136606302,0.1963731221255546,2.024888939090993,16.945296984941056,13.52174554611284,-0.2410038578404329,0.0052132169303869,6.675765790895131,-35.515649628462064,6.145523381502254,0.7266982425643215,0.320449516861103,2.5674635991655896,39.66863809473972,46661.857142857145,2334.1071428571427,0.4644915850386463,6849.547126397094,3.6148157159391343,0.9055097341936056,-0.0728818537728707,0.5694562511354374,0.1931609015874118,-26.473878344707803,0,Stable (slight decline)
354519,DR ING  H C F PORSCHE AG,7,11.816424811319132,0.4610142394229677,0.1889316319604284,2.1212506939929945,-8.75997543331488,19.521029392035786,0.6792254781142937,0.0825289740088364,4.728688878693292,-17.521993651472894,16.57739211576762,0.1139993337138119,0.0146894559869699,1.881176100319631,-17.67127575058808,33482.57142857143,2709.142857142857,0.945337864245572,5572.7347955955,7.630408277833656,0.2948297580817517,0.0117150283283423,0.400182096953827,0.0370377427550618,40.44801364775337,0,Stable (slight decline)
355804,IONOS GROUP SE,7,15.031646217912565,1.0697218581778405,0.7549887052103655,2.462241452219954,62.90468551606981,-1.5502596726679556,14.929735171515278,0.3481055506583564,49.901017074976025,1242.1498386750714,20.05585789452863,-0.3682413121916899,0.1480894635494203,1.9138170756370716,-0.9445100578962836,1167.0684285714285,119.79846428571427,0.9667475939261267,243.68269918297855,10.08066390627924,-3.187705208763264,1.162683615046799,0.2322663454371581,4.75752606588682,311.7585746692074,0,Stable (slight decline)
358679,SCHOTT PHARMA AG & CO KGAA,5,14.350851579454062,-0.591496557288598,0.8773030349061104,0.8930841939903222,-14.21405251255314,21.479429413682045,-1.3506627926575885,0.4844719393812345,2.744274943095908,-23.124720408779517,18.488145321037855,0.9721526029538592,0.6358118199172678,1.7241900817293183,26.716428482549905,781.9467999999999,99.5658,0.9654989324891768,143.3010215837975,13.133840565512632,0.0639157935871463,0.0278058124501245,0.7412409341909099,0.0456741937240301,851.5538244376778,0,Stable (slight decline)
360887,DOUGLAS AG,5,3.76833404903558,2.64162657546941,0.7826942755456759,4.22270112687506,1380.1748192304503,-0.991816751440378,13.757069985987023,0.2275878437649323,40.78180219934398,114.12477735765864,3.9669073849879615,2.7505162680335276,0.6899824917532128,4.682849284563041,742.5356450586734,3714.94,341.0900000000001,0.9133619250728052,504.7339679474724,8.32359075821767,-0.2805899480892047,-0.3382118405533829,0.0184790541354849,3.518551700667748,-45.14807874690352,0,Stable (slight decline)
